file_path,chroma_stft_mean,chroma_stft_var,rms_mean,rms_var,spectral_centroid_mean,spectral_centroid_var,spectral_bandwidth_mean,spectral_bandwidth_var,rolloff_mean,rolloff_var,zero_crossing_rate_mean,zero_crossing_rate_var,harmony_mean,harmony_var,perceptual_mean,perceptual_var,tempo,label,mfcc1_mean,mfcc1_var,mfcc2_mean,mfcc2_var,mfcc3_mean,mfcc3_var,mfcc4_mean,mfcc4_var,mfcc5_mean,mfcc5_var,mfcc6_mean,mfcc6_var,mfcc7_mean,mfcc7_var,mfcc8_mean,mfcc8_var,mfcc9_mean,mfcc9_var,mfcc10_mean,mfcc10_var,mfcc11_mean,mfcc11_var,mfcc12_mean,mfcc12_var,mfcc13_mean,mfcc13_var,mfcc14_mean,mfcc14_var,mfcc15_mean,mfcc15_var,mfcc16_mean,mfcc16_var,mfcc17_mean,mfcc17_var,mfcc18_mean,mfcc18_var,mfcc19_mean,mfcc19_var,mfcc20_mean,mfcc20_var
pop.00027.wav,0.37741295,0.085668325,0.15791942,0.0027408453,2682.713194799874,805683.9299689754,2924.230379942181,190789.98452421103,5957.288977088574,3897510.000757423,0.1019147276509288,0.002826028506896532,-8.000877e-07,0.012227762,1.5970027e-05,0.007641062,83.35433467741936,pop,-75.36613,4658.5713,83.33488,821.6941,10.703896,349.9975,14.455102,217.70706,14.244521,145.01947,7.4102573,131.64195,5.279713,110.793015,-0.4001258,98.56097,5.7177563,100.03182,3.3618035,70.652245,-2.5211022,61.955727,-4.227081,65.06406,-1.845522,60.08504,-5.9079537,55.285484,-1.2724807,53.292656,-3.7835543,78.87495,-2.864618,82.0807,-0.9353354,73.35784,-1.1115845,75.48079,-2.72147,96.61929
pop.00033.wav,0.42290184,0.08535748,0.139912,0.0025008796,2835.0593021892837,437866.7588822204,2731.7531718304963,164013.34196792098,5945.014051313371,2067660.378372202,0.13706266326431887,0.0024302380475701843,-0.00013907299,0.010617616,-0.00059937953,0.0044898493,99.38401442307692,pop,-69.00193,9200.259,73.77,496.16486,-12.468982,524.26904,9.536623,252.38057,-0.045610458,174.16495,12.718271,233.73438,3.1650596,135.88226,-0.084657654,162.8436,2.5223582,110.30421,2.8746746,57.247326,-1.6729779,72.627625,-3.025172,95.85218,1.614928,44.309235,1.0892638,42.942783,0.9343864,29.860651,-0.4162729,35.50954,-1.2382096,34.046577,-0.75765777,32.983578,-1.704667,36.528797,-1.0437557,50.936146
pop.00032.wav,0.42664915,0.08916354,0.097890966,0.002146862,4225.564575455603,1638330.3502173342,3404.2193029459822,105265.39850144545,8483.032037599169,2100727.2701357184,0.22873671209849072,0.018663056516789255,-1.1928155e-05,0.0038357216,1.0866717e-05,0.0046365676,95.703125,pop,-113.1695,6195.805,41.588142,878.8066,21.516308,622.2569,11.092117,413.26736,17.440653,237.59457,0.6074316,213.47345,3.0293286,130.68019,0.08450875,150.65862,3.4569807,149.41641,0.29064035,92.71156,0.61601543,84.21028,1.2555637,74.09366,2.8942456,72.8563,-0.7695475,48.53971,0.22040612,56.925648,-1.4086616,48.549606,-0.7604615,56.636852,-0.8702321,74.4446,-1.5392059,81.15679,1.0672659,79.90202
pop.00026.wav,0.3350296,0.09056566,0.1956684,0.007859593,2526.130442686517,1009475.6136934625,2848.670626274591,276303.1830984487,5554.674744975087,4961642.419725541,0.10354207986648607,0.0038884738295126885,1.0742072e-05,0.022931404,5.3861808e-05,0.011618502,75.99954044117646,pop,-73.36742,4163.7305,97.46428,805.1384,16.87055,538.27795,-0.57903767,261.02496,7.180089,267.08853,4.872417,176.53745,0.7465055,139.97528,-5.5500164,159.71718,0.9903748,116.3955,4.9166174,99.29692,-5.8354435,78.53552,-4.9214163,85.97778,-0.030956399,71.84867,-3.0463636,74.36127,-0.15896785,87.06356,-2.3810003,87.72495,0.72344434,80.150635,0.68285614,66.92964,1.9683635,90.91901,0.80376273,79.48391
pop.00030.wav,0.35769865,0.084692344,0.20310587,0.0063424553,3070.6451711304394,609475.2497256218,2975.8591939206276,125105.44760344604,6652.968103745405,2282363.073961476,0.14873984133126936,0.004604676678446949,-1.0657603e-05,0.02278205,2.2525293e-05,0.011494664,95.703125,pop,-18.171194,3338.328,72.29644,499.4975,-4.867231,291.80182,-0.35958102,228.79742,1.6975715,109.05578,-0.9182093,134.50888,-1.3221729,80.80291,-0.34197286,88.78678,0.64732283,108.786064,-0.1809803,71.83619,-1.2175112,78.776886,-1.0574641,63.25685,2.5195053,40.39911,1.2472867,38.18964,1.7523707,40.690403,-3.442979,48.33966,0.39454004,46.499382,-0.85250145,38.45605,0.9242999,35.898438,1.6602957,42.727757
pop.00024.wav,0.4109809,0.097136006,0.20751022,0.008891852,3301.8647028211412,798069.168325024,3175.6669505910377,125848.68782793982,7302.64750855626,2342578.678506007,0.14452671488003097,0.006811632070848611,-4.078697e-06,0.019818677,-6.9739115e-05,0.018828442,117.45383522727273,pop,-40.830166,3886.8464,61.521126,571.0456,9.867293,408.64102,10.09655,353.00766,8.454963,171.78348,5.366854,201.14761,8.376651,117.89684,3.5050008,114.29719,8.251043,92.785645,5.8800583,94.95657,-0.10423893,73.96024,-0.57036084,74.51342,0.55144525,54.757534,-1.9820307,66.31045,1.9155517,70.21923,0.076128036,85.83484,-1.270984,92.047134,1.2328514,94.060104,1.49382,102.740456,0.95021856,96.39573
pop.00018.wav,0.41001046,0.08662761,0.20742075,0.0037435333,3433.92215467519,839389.2135367416,3405.627632829895,91952.82097367657,7932.5853660748835,1551818.0265695434,0.12773467734133126,0.005566884474766262,-1.7666527e-05,0.021265967,3.6753077e-05,0.013091283,123.046875,pop,-48.958145,2197.6367,62.637794,459.74844,34.22583,455.53094,12.313788,276.2394,16.560747,106.32717,8.622408,154.18613,8.7671175,103.74438,5.245012,84.47293,6.79424,75.98174,9.059274,86.2768,-4.085325,58.415295,-0.7463064,58.37592,-0.37564674,42.519936,-0.47257915,68.49278,0.6466342,69.90854,1.7050617,78.735985,1.3546007,87.643585,1.9141525,116.072815,3.843488,128.19646,1.6038547,82.24728
pop.00019.wav,0.3766972,0.088041656,0.2108711,0.005806161,3130.9812160844167,1199981.5770233541,2944.782384135563,192231.67142113336,6552.402045187935,3402918.6583389835,0.15605347813467493,0.01159169480381261,1.3780457e-06,0.020491006,-5.6548502e-05,0.015602132,92.28515625,pop,-25.156342,3880.535,70.818924,826.3413,2.9392478,464.63483,7.5544662,298.30408,1.4596194,198.871,2.8461227,248.96744,1.9075499,129.77484,-6.8259797,103.87122,0.291451,123.07155,-1.9537078,97.856445,-6.6516356,80.95335,-0.243981,57.999844,-0.7550278,67.89895,-4.249934,54.48796,-2.4407938,45.01404,-5.6814713,34.73352,-1.5769206,48.356213,0.66936177,68.31242,1.6911364,73.92072,0.78813845,58.13118
pop.00025.wav,0.33036473,0.09383008,0.1896258,0.006514397,2928.6503834649243,1582479.6755921487,3201.0195484910073,293348.30789193214,6817.467109042424,5628037.239393453,0.10574085719814241,0.0076729643753825905,-7.3928927e-06,0.021745866,1.36586605e-05,0.011406457,151.99908088235293,pop,-106.83286,5110.1016,81.01405,1243.9354,47.822872,548.9828,13.640558,242.11255,13.000602,125.85681,6.8951917,195.97328,7.581348,121.32858,-2.6333249,100.661804,-2.4983122,147.77588,1.8714975,101.989,-5.139433,81.24179,-2.7431228,56.095013,-3.6675773,61.944344,-7.8825493,63.19177,-4.80721,66.372826,-6.3778176,57.899334,-7.399428,66.43337,-4.7401643,81.2564,-0.13400188,122.15306,-2.3326783,89.99555
pop.00031.wav,0.36603388,0.08521579,0.19834772,0.0060577,3111.0610992009765,607930.5088251694,2992.1921120372886,120346.40792317869,6745.27587890625,2184922.2391239447,0.15291026206946595,0.004725810513618066,1.7672073e-05,0.020901099,-3.259339e-05,0.011427202,95.703125,pop,-18.854591,3377.1494,71.32852,495.86832,-3.743232,284.06662,-1.3965917,247.31473,0.71034753,123.95445,-1.0491368,142.4447,-1.0524067,86.50577,-0.24947152,96.01535,0.62396353,119.566986,0.42929918,80.25733,-1.4892838,84.80496,-1.0790832,71.356445,2.415428,47.138214,1.2472486,43.44096,0.97181076,49.374016,-3.58823,54.030247,0.89175177,48.16288,-0.49628252,41.410748,0.70836323,39.18614,1.6725212,48.36764
pop.00009.wav,0.45483547,0.077811286,0.15964586,0.0032948584,3279.967331808209,524756.5979117784,3026.3931113810377,100107.51240290019,6953.21628818571,1439882.1371706547,0.17281943873355263,0.004294715320343339,8.906381e-06,0.008629181,-5.8193105e-05,0.009559307,107.666015625,pop,-35.297348,2824.738,61.247242,351.1933,14.059667,433.509,28.661287,256.61224,4.3299875,157.76637,-1.3499215,142.81113,-0.790413,72.29348,5.1225405,60.496044,5.3524,58.998405,1.2215204,63.645283,-7.2570734,71.9016,-0.51681805,42.363197,0.21715884,47.36676,-1.2905803,38.986885,-0.109008834,42.778957,-1.2562847,43.528976,-2.5358107,49.604412,0.5710996,59.92768,1.5749441,62.423798,-1.7193333,60.88363
pop.00035.wav,0.41207367,0.0848577,0.28261182,0.009593333,3194.1768682916545,532165.8154609464,3052.8892510243627,108561.1929564288,6993.782709552776,2115951.5792804216,0.15937998863196595,0.0041402328466740405,-1.19774195e-05,0.037953522,-0.0001965716,0.021801295,107.666015625,pop,24.46663,3031.69,68.96241,415.29422,-4.2113004,316.36316,-1.0326179,209.30713,5.249467,115.71906,2.9858522,123.98032,4.336798,77.13135,4.2872887,75.01676,6.422605,65.25405,3.6307845,64.01841,0.115482435,50.537823,-0.00023516487,57.29009,2.0697718,45.747044,1.5497289,48.98387,3.999015,50.82123,2.8162687,50.846073,2.1994698,52.654316,1.5773796,49.96113,-0.47220582,43.77284,0.52484757,44.73816
pop.00021.wav,0.5043945,0.07362877,0.19348684,0.010439523,3502.139027387522,817371.159774044,3026.937586569852,153787.67920812618,7199.581465115857,2457165.1005027606,0.1870177655766254,0.007867250243550407,2.4171612e-05,0.017402364,8.670161e-05,0.016211994,99.38401442307692,pop,-23.23011,6913.796,53.819164,834.5028,-0.6900112,352.11624,14.726738,148.65808,4.8718457,142.58131,6.73059,135.79568,4.84588,81.75566,4.9450912,73.129005,4.264521,77.66092,3.1102583,78.71087,2.549565,40.320465,2.9879475,64.30149,4.6363297,40.992065,2.8481328,31.151709,2.1776063,31.753115,1.0669053,26.60516,-0.47156632,23.469824,0.3890188,28.736996,-1.1717293,29.488214,0.54775625,28.960482
pop.00020.wav,0.41231987,0.08161388,0.24811077,0.0074369973,3487.4996203779583,667866.2554168608,3132.2284173757953,82516.26394360696,7444.24665232561,1699695.416717109,0.17974985789957432,0.006721270698515361,-3.5097933e-06,0.029760577,-2.9008728e-05,0.019086003,107.666015625,pop,13.536641,3280.2117,58.196354,395.76724,-2.2051022,312.5409,5.008136,190.66473,8.070771,126.36109,-0.4792645,142.67523,4.1051793,85.46021,2.2589247,106.27602,4.2934737,84.944,3.5860925,84.73645,-0.5052727,61.908836,2.4214692,56.746216,1.8804909,61.80568,2.1731513,58.55933,1.9396269,48.09925,-0.17357269,43.78693,-0.61673844,45.573112,0.75454974,49.460915,0.73560935,62.5028,2.0239272,66.436966
pop.00034.wav,0.34084368,0.08876605,0.18744317,0.0046607642,3141.655140286262,1061316.6840937925,3230.4022459601906,126047.42722151306,7237.0312386622,2886656.627445158,0.131055518938661,0.007199607123578273,-1.5627244e-05,0.018909393,-1.7966837e-05,0.0111023495,95.703125,pop,-59.58959,4514.5195,77.30937,751.8574,26.367233,405.6422,3.1743202,281.19818,6.7570415,192.27623,-0.06425405,251.27563,-0.6247924,140.55559,-0.69048333,108.360344,4.141959,108.76176,-0.44033718,90.23783,-4.541956,74.97159,-3.5614955,53.9178,-2.2030647,59.041874,-3.5575008,56.25658,0.26179403,48.957817,-4.6726303,63.066097,-4.6041975,79.04005,-3.7405696,70.78908,-1.3851972,97.409,-0.84536755,89.98966
pop.00008.wav,0.40381122,0.08614531,0.19541194,0.0018945216,2885.3303652171926,975003.3911092768,3009.780057474386,142077.53724142347,6430.294450222524,2915546.9139556596,0.1213038772252322,0.00791835946022729,9.308277e-06,0.02492055,-2.0944715e-05,0.0065428712,172.265625,pop,-52.448246,2218.3506,74.02206,602.2564,12.697417,638.0648,24.500343,160.67241,21.107903,119.05374,1.904928,145.85889,6.796557,85.13688,4.7199593,59.81493,8.40647,68.413345,8.246996,56.13054,-2.2676542,60.1843,-1.2025365,47.89829,-2.67781,40.101524,0.26133516,49.710598,-1.0678633,32.45686,-0.8462423,42.33533,-1.2573465,60.563896,-2.3307621,53.461517,3.8170018,54.550472,0.30459064,89.05342
pop.00022.wav,0.3869217,0.08907572,0.1961218,0.0062466133,3206.199866093883,837788.4175962812,3126.2162445699487,128279.72595138561,7019.440887734617,2457246.4690325977,0.14153920460042568,0.00696113750440391,1.0502312e-06,0.01919406,-1.9023479e-05,0.012531993,103.359375,pop,-45.71781,4335.3716,65.287415,576.6883,12.934513,452.8367,14.516592,262.11615,7.038325,113.21561,4.395021,185.78412,6.6337786,149.938,3.301898,86.970215,7.7297864,77.39426,4.070035,77.44533,3.6681185,50.786663,2.6062713,59.032513,4.0490017,57.76489,2.3892908,59.283997,1.7840554,42.328026,-2.3934214,41.976624,-1.3437685,54.84252,-2.8735752,78.73497,-0.84610224,74.755844,-2.591192,65.04625
pop.00036.wav,0.3945741,0.089503855,0.25645226,0.007127463,2944.4779985642813,1255979.9202188088,3162.425540413327,214126.3565885055,6877.916743511755,4174585.1732093035,0.1151153281008127,0.00824014251085708,1.6881544e-05,0.035256557,-3.973156e-05,0.016684674,99.38401442307692,pop,-44.214016,4480.8906,76.17581,817.4584,22.921127,508.64624,16.816143,295.468,22.998913,166.74463,3.266593,233.35623,6.908667,111.89901,0.103138596,80.454094,6.4956775,63.841396,6.542089,94.54522,0.8544854,45.52082,2.7243903,44.42333,4.5169544,51.29827,2.854357,54.805775,1.3195447,46.989098,1.7970861,50.299717,0.37682876,65.42034,-1.1220287,76.761116,-0.43784976,75.31401,1.570019,71.994255
pop.00037.wav,0.45171198,0.085261665,0.24089603,0.0080495365,3236.3834897605984,631016.3898144163,2953.665320076075,166903.3331655317,6698.901159327835,2234100.0104213026,0.16482477808146284,0.0038376781168191873,-4.6271354e-05,0.019574746,-0.0011159026,0.0256322,103.359375,pop,4.804322,4032.7654,64.50391,523.8542,-2.501273,741.6586,10.419498,250.29018,3.2420893,118.5868,7.8209686,160.96451,3.101567,92.481,1.4055256,116.45734,6.7450037,95.70605,4.884832,90.75217,3.2736435,69.42043,1.747771,67.632744,3.3316636,54.21803,2.3504841,59.58503,1.4266739,41.415283,-0.60548866,47.317104,-2.1835034,38.860023,-1.6002753,51.878403,-0.61104494,57.33793,-4.0513687,53.113888
pop.00023.wav,0.3934257,0.095210865,0.21067363,0.007255938,3759.8089732129138,1459879.5197850692,3293.7281764334216,179981.7035417632,7855.135834401606,3225117.967576722,0.17767428466041021,0.010048636975425414,5.227547e-06,0.01585099,-0.00010297941,0.0212349,103.359375,pop,-44.287426,4673.2417,51.327915,982.37286,24.990482,729.10547,12.160306,385.7396,10.873074,177.6435,7.612087,198.29015,8.21147,133.09055,-0.7733294,103.16319,5.946744,122.42675,4.7616363,90.31229,-2.5084326,70.701385,1.3215402,71.331764,-1.946599,69.335594,-0.4463359,58.09133,0.23645823,57.80251,-2.0033765,64.597176,-1.9639544,68.44247,-1.0339814,68.49221,0.5159019,56.261696,-0.38595903,92.05359
pop.00044.wav,0.45614526,0.09125233,0.22276354,0.008644193,3143.535196698567,614620.6528563551,3016.4276117711397,115848.82879852579,6689.351217075029,2334919.4033576865,0.135637501814048,0.005522857807042263,3.375733e-07,0.025585774,1.9732084e-05,0.016939476,117.45383522727273,pop,-47.93828,3176.9539,54.159214,521.9805,-4.005042,694.7475,21.512901,299.73322,13.886649,183.44826,6.003954,237.13165,13.75534,169.99098,1.0669997,143.31201,6.722088,84.88548,6.232228,98.82744,1.6225083,66.19932,0.45345974,64.17068,2.414838,80.88602,-5.597135,77.635895,0.30466765,62.65685,-1.0046957,56.632877,0.6401353,93.85286,1.2582229,101.61857,2.0810168,109.58935,3.0324848,81.42052
pop.00050.wav,0.4140819,0.0920241,0.20836434,0.0066053965,3046.2397998563833,1376396.833923259,3095.3865062358905,187154.23371362584,6630.418240101345,3863156.966770429,0.1186580126499613,0.007743599766520781,-4.2868777e-07,0.023760846,-3.8327133e-05,0.012504204,143.5546875,pop,-78.1925,4133.6396,65.99214,1106.5273,24.578518,940.2128,25.652824,364.64542,13.854882,232.42633,3.6000478,287.57208,16.22554,184.84903,0.592554,149.97037,3.3257754,110.73489,4.1604705,100.045784,2.7126958,97.104706,3.649891,82.72935,1.3959066,66.516205,2.0099125,70.40879,-1.8058223,56.021374,-3.9544833,54.4258,-0.95099777,52.860306,-1.0149827,56.542522,-0.46333376,52.958145,-0.7493814,66.95703
pop.00078.wav,0.4547545,0.08648233,0.22333701,0.013016757,3124.14935420786,946645.385401517,2970.2727587674012,221933.8630494301,6618.043314930825,3582121.056732659,0.14272098127902477,0.008617973809026108,5.7207253e-06,0.018749215,-0.00025650102,0.025178492,103.359375,pop,-42.779434,4613.6665,62.799667,1039.8237,4.7602077,692.0938,24.068392,345.17905,9.642161,275.8017,-1.888184,238.35777,9.252785,197.31071,-2.9691231,125.68186,3.181562,130.58609,5.9340043,111.29779,-4.7737393,97.15618,3.0194983,85.623146,-1.2408,70.36105,-3.524429,53.536873,-0.32438833,50.003716,-1.4424751,46.300602,-1.8644704,50.97361,-0.031904664,64.86723,-0.73046863,73.989746,-0.98914,66.38718
pop.00087.wav,0.3523111,0.09004713,0.19091529,0.0021853005,3587.4721810924966,945870.9601963507,3336.2277931206263,109771.53519385513,7947.001945566467,1654081.3517655751,0.1464783281733746,0.007808308446713201,-8.918592e-07,0.02242815,4.1392497e-05,0.007991108,103.359375,pop,-47.05376,1891.3483,55.781746,711.313,27.617126,433.74817,19.193428,234.38715,15.186063,110.87136,3.1757607,162.19742,5.6275535,88.90203,1.6121148,99.616585,4.148368,87.22057,1.6211523,60.398575,-1.5870059,74.92768,-3.0055182,45.973717,-7.6369953,69.577385,-3.841529,51.847183,-8.113685,54.298164,-3.369737,57.10807,-2.2721324,55.334213,4.503091,56.98068,1.4371147,63.71993,-0.3833655,41.488415
pop.00093.wav,0.41523498,0.08877796,0.24578635,0.007500762,3258.8665238179296,392404.5767637787,3144.2281341811336,68771.75080134446,7268.872712787829,951862.2775699263,0.1316624691611842,0.003480779485106565,-3.4621462e-06,0.033049215,-2.5998652e-05,0.018730571,135.99917763157896,pop,-20.228376,1277.732,57.77345,368.99966,16.777649,340.26413,18.249577,142.65877,8.958152,107.64751,14.899964,136.23003,2.6696353,80.29693,3.7526221,77.87124,1.1145035,73.09995,1.8456721,55.23475,-5.980838,48.953426,-3.6137545,46.837112,-3.6554594,50.194622,0.9081742,80.225555,-0.4759976,64.41693,-0.40367457,51.61876,-4.619457,57.496674,1.9671378,82.5011,1.5699369,88.19931,0.54384744,70.53084
pop.00092.wav,0.4873384,0.08453827,0.22711194,0.008319373,3271.2458605975758,868043.2232060363,2989.851208660016,224058.40295477354,6883.5083763665825,2876554.179691211,0.14535890939434984,0.006073274451567517,-1.4204906e-05,0.0274809,-2.7512491e-05,0.015687106,107.666015625,pop,-25.935339,3188.2415,60.872032,758.99115,6.071953,680.8649,17.717197,230.10863,5.13251,178.86943,10.431291,129.31085,2.4501173,114.344246,4.9244223,100.3989,8.108929,97.486984,3.8508596,105.997314,-0.1861474,76.64437,7.252811,62.885967,4.94684,86.04937,0.9169612,66.10547,-2.2947693,49.486378,1.5526828,48.384247,0.21936408,65.74078,1.9272804,73.72072,2.3685062,66.24597,5.4341993,68.963455
pop.00086.wav,0.38769463,0.07821204,0.1324763,0.0014966193,3594.167118271268,521789.13793768914,3170.8583483099096,63550.50916553882,7634.353836106811,1138276.4789540987,0.18523244001547987,0.005897312751663399,-4.4856308e-05,0.0085636405,-0.0003625972,0.0052549685,129.19921875,pop,-50.449287,1737.5277,56.41648,357.41452,12.563282,171.94797,11.288339,170.92221,-2.739751,88.57315,1.362813,116.36155,4.539969,78.038086,-0.96321344,75.97002,2.2894216,71.71104,2.7384725,67.47574,-1.9891648,54.517197,2.5949512,53.295876,-4.0203376,49.030323,0.68309593,44.655228,-1.396714,39.039303,3.325117,52.69781,3.028759,60.301342,2.6311061,68.18366,2.0771773,64.22018,1.3595716,57.118553
pop.00079.wav,0.3519286,0.09357587,0.037560895,0.0003980559,1995.3281824967328,955447.190913811,2425.0406811254434,310019.2850779247,4383.806825053212,3925368.825853286,0.07255095963138544,0.0056113332794509,-0.0017532001,0.0006984695,-0.0010250125,0.0004987416,112.34714673913044,pop,-273.28632,7401.6743,103.14759,1202.2058,8.722428,511.99207,31.6977,194.34564,12.511967,106.82201,3.4922655,188.0736,3.9396508,73.08833,-0.16230217,64.72235,-3.921683,73.30655,3.2304423,59.864708,-6.373684,42.38095,-1.5361916,49.997864,-3.213047,33.674442,-6.777503,31.51426,-3.8153548,50.740627,-6.2407227,41.747982,-5.618338,52.882133,-4.015953,50.096333,-2.3887515,56.444122,-3.0845284,59.518154
pop.00051.wav,0.44701913,0.0852318,0.21318002,0.0042598927,4156.136801574854,1066015.2127447473,3451.227813998198,131971.0835362088,8676.447534708785,2033472.6098865252,0.23004509420955882,0.012445675029039949,2.1604972e-05,0.0169463,-7.0600645e-06,0.01733927,112.34714673913044,pop,-14.170114,3064.0059,44.39024,717.4744,12.680576,336.39874,10.152087,268.16135,11.2593,171.65053,3.9758952,184.3945,12.507779,121.68595,-2.1717224,100.12247,10.70504,94.12886,2.2852633,73.12258,5.0335593,59.516296,-0.86626554,56.520428,3.80587,79.94515,1.6627514,89.61467,1.504286,95.199524,-0.19028266,78.64226,-1.020159,98.87849,4.782086,91.017334,4.863109,94.9079,3.05332,66.15654
pop.00045.wav,0.41286942,0.0893484,0.2022946,0.005518906,2842.6607931089798,1167581.4505222915,3039.1056726884412,333905.71243453183,6479.344153625677,6049380.245507131,0.12498941805340558,0.0074024572079375165,2.443589e-06,0.02120721,1.9840867e-05,0.012529173,117.45383522727273,pop,-71.61501,5437.0513,81.12124,1129.2222,16.355665,981.127,8.950534,399.41995,13.818387,246.53749,-0.7371726,271.7324,12.522272,220.74792,-0.6393704,155.75948,3.043049,126.66592,3.0547538,125.94848,-3.2121913,120.28098,-1.318577,75.58913,-0.64025855,74.00484,-4.0062227,86.0699,-0.9454737,56.697887,1.9157288,61.111206,3.5294616,70.64143,5.987803,105.6244,6.0908732,101.9986,2.567977,80.53231
pop.00053.wav,0.27737415,0.101087585,0.17211172,0.009286078,2639.59187801044,1032116.0875521116,2753.5605024541996,265085.6539048318,5626.524310510594,4209312.405448611,0.10700086469620743,0.009413756356663784,-8.092639e-06,0.023553006,-4.217749e-05,0.0077332617,161.4990234375,pop,-145.92575,4414.804,62.53524,1647.7615,-23.114868,1786.6838,-18.786009,545.15594,-14.782013,453.39145,-28.421488,245.31555,3.134416,229.7326,-24.940002,266.34485,-13.637032,249.2934,-4.6073895,206.29482,-24.383533,168.97197,-15.806172,117.85985,-17.455078,152.88162,-11.709296,495.70734,-8.264144,321.38657,-13.850937,386.99423,-9.910087,205.1649,-11.985029,201.6383,-5.035616,278.67538,-2.9024734,258.27408
pop.00047.wav,0.4335399,0.09125268,0.21580054,0.008277927,3149.97113080032,827360.316023511,3220.089949254964,134973.98732695926,7291.955906540247,3073563.887935835,0.12735523897058823,0.004863201605776495,1.4984444e-06,0.020384299,-5.0691277e-05,0.017073484,112.34714673913044,pop,-45.064255,3538.1257,69.78576,830.8309,11.866148,404.13345,8.177108,337.65292,12.603081,203.54373,7.750251,259.26944,11.3099985,124.02358,0.25850755,129.94832,9.65932,113.90119,2.803888,85.464485,3.8585238,75.8835,-0.8353044,64.40382,2.1194327,82.78524,1.1247413,95.080444,0.007464335,112.32785,0.761385,107.216866,-1.4808842,129.50206,3.656361,105.18924,4.4588914,118.166916,4.1998005,85.85694
pop.00090.wav,0.35314766,0.0897634,0.19408727,0.0022357209,3603.429553551326,936911.3566752622,3334.0083043535483,110620.0953342038,7959.451870283475,1602215.4926300915,0.14755995428599072,0.007826797524836233,7.637202e-06,0.023137622,9.3341976e-07,0.008329177,103.359375,pop,-44.723248,1914.0505,55.059223,686.2222,27.137182,438.31458,19.50298,227.37335,14.696994,116.553734,3.2040472,164.32347,5.509529,89.87838,1.4237081,98.90824,4.4969788,85.975464,1.3679072,59.46805,-1.6663119,74.797554,-3.5344167,45.392815,-7.9148335,69.08861,-3.532205,51.96731,-8.198315,54.36633,-3.392684,53.10055,-2.6661003,55.049778,4.2834873,56.975487,1.3531152,62.203197,-0.16799042,41.36693
pop.00084.wav,0.40918562,0.09664755,0.17935272,0.009431413,3262.336283566903,2602817.1564093996,3046.9965393068346,474016.8809840013,6827.983712116631,8228227.356643899,0.13586614744582043,0.01397505794343752,1.2018389e-05,0.01699108,1.7393146e-05,0.015120667,99.38401442307692,pop,-112.395996,5026.4336,59.759735,2329.505,14.483949,917.33514,19.190073,263.29053,15.127423,313.89502,-3.2115033,252.04514,6.109609,200.1435,-6.668194,158.74437,1.463722,160.97124,-1.187687,138.41457,-1.2330447,132.99174,-0.7587416,100.3499,1.8843272,105.464905,-0.69078666,76.462135,-2.2996898,82.29316,-3.4926953,74.762985,-3.891752,64.26005,-3.3886583,79.56849,-2.4311671,94.455765,-2.0892992,86.86948
pop.00085.wav,0.44382367,0.09526293,0.19525385,0.004488371,2516.4589514571976,1047403.9049863963,2465.640306694536,392479.6017636868,5087.48590333543,4505377.426088992,0.1220960115131579,0.005889703692491695,-0.0036669176,0.017964073,-0.0034410066,0.01538364,117.45383522727273,pop,-81.77599,7155.226,78.609276,1695.7441,-17.260933,1093.2362,24.511774,301.45786,8.410555,270.81708,2.1446183,198.33884,5.520015,222.51909,1.9346675,115.41392,8.799277,123.73857,-0.122296736,99.18035,0.4954399,70.29188,4.6422744,64.363754,2.3893163,77.66201,5.5083528,92.04815,0.6174307,83.317856,-1.808122,83.090485,2.3056872,91.332825,7.846462,149.4405,5.0109644,103.79973,-3.3342338,92.546165
pop.00091.wav,0.42451915,0.09573196,0.2653083,0.008594042,3696.287748409418,770448.3703898496,3246.71775600717,121592.2732148372,7871.152404218266,1539960.2699744406,0.1668300569611068,0.009883210857107463,2.7976064e-06,0.030538823,0.00018070145,0.025844453,117.45383522727273,pop,-8.406137,3051.516,42.004875,461.6712,8.2976465,598.09656,17.972023,330.10278,14.039091,223.65862,7.345697,226.64987,5.7253203,165.20157,-1.8997345,104.93876,4.6036773,100.57802,2.0709262,68.948784,-1.0726748,65.56056,-0.66318256,64.648605,-2.4345152,53.227867,-1.4743019,39.966717,-3.7601752,56.109776,-1.6542797,55.334225,-2.3765326,75.25215,0.052155014,81.80259,-0.99298966,89.15137,-2.6045353,65.93872
pop.00046.wav,0.41501155,0.09022944,0.20336604,0.005558663,2838.0210737706198,1172294.782367046,3045.7558870993503,335073.1567606247,6485.7024485112715,6053319.822793372,0.12218028915924922,0.0072218558842608695,5.021182e-06,0.021482307,-2.5900143e-05,0.0126745105,117.45383522727273,pop,-72.17291,5429.324,81.3121,1088.8889,16.72972,1012.9759,8.680574,404.75854,14.163569,248.22153,-1.0486612,264.51343,12.839069,221.62964,-0.5343492,160.06023,3.1377692,131.47447,3.1529665,122.826866,-3.4740796,120.04419,-1.1388,75.621574,-0.68516254,72.63461,-3.9981558,88.66777,-1.08803,57.609013,1.7791659,63.156624,3.4944952,72.10382,5.9058094,111.03934,6.3410254,105.6302,2.4415286,80.99804
pop.00052.wav,0.52272147,0.088246815,0.32143492,0.020401401,3662.9266594641513,1047721.3584422847,3276.4112530558,154854.0529969759,7776.786308170472,2590517.9108904838,0.15600737108165635,0.01075232120999908,5.242859e-07,0.058643915,-6.075569e-05,0.028585028,103.359375,pop,-39.987347,3828.1501,35.58321,581.1897,8.9385,500.47638,15.082217,422.53226,15.206814,264.0415,10.572661,280.37482,21.824984,180.34158,10.004446,156.82288,13.9735,103.8568,16.55746,100.29179,1.4647634,112.12498,3.2635627,76.21114,0.06211206,83.23858,0.9717617,62.58205,7.650401,87.36287,7.642752,115.15679,9.415578,162.98401,6.5875235,107.54334,1.1903111,105.58848,-0.64523596,119.33658
pop.00056.wav,0.47309402,0.09768482,0.24994287,0.015159085,3681.430351016257,2138414.993840053,3221.829158023403,232577.97072729352,7566.579245930486,4647246.971394008,0.14562421391253869,0.01710301740543233,-2.7298069e-05,0.04523024,7.431066e-05,0.019456591,89.10290948275862,pop,-80.39633,6044.596,35.962517,1682.6266,20.407265,877.369,26.376535,447.98413,17.379705,244.71692,4.580236,222.59511,13.489165,160.82085,3.6187563,137.59395,7.324075,137.62778,5.479913,140.70586,3.953855,111.54671,5.313696,104.83519,3.5346324,109.30147,0.5135293,86.61962,0.18830319,79.97019,-1.1251196,92.71827,3.5296657,66.1181,1.4410527,71.52061,0.4726653,63.322453,-1.7977359,93.537796
pop.00042.wav,0.37972975,0.09099916,0.22344245,0.0072031766,3002.6169823427717,794463.5898032397,2972.7827670259026,178918.9049921075,6445.919355740857,3225834.434398054,0.14374780802534828,0.005702906882792961,0.00027590405,0.026823882,0.0018016027,0.01664305,92.28515625,pop,-37.071033,2871.7615,68.84185,701.8202,10.511309,460.69766,23.959776,199.02148,15.370536,136.10403,3.547914,155.33469,11.677659,152.86418,2.9124515,98.09359,2.5459216,85.916336,4.7503414,118.243286,-1.5888675,52.14706,2.5664659,54.045055,-1.0170679,49.32306,-1.6613679,51.057407,0.489345,50.429478,-2.8281736,60.875095,-3.4125829,79.44224,-4.1028423,111.04893,-4.214856,86.116196,1.1007029,59.303127
pop.00095.wav,0.365705,0.08923867,0.3037274,0.009732146,3046.1865869262933,971864.9741438939,3306.415151404711,196358.0547654505,7384.438680642898,3531303.9624136616,0.10639353654702012,0.004333860821198055,-3.1417138e-05,0.045123555,-0.00023759132,0.032319613,103.359375,pop,-36.629185,3182.0586,73.09261,859.6703,39.12304,491.10956,20.328524,332.3234,12.4935465,169.1923,2.151913,181.09064,11.737693,121.66131,-2.4324148,125.365746,6.6467233,127.03398,3.182791,77.2849,-5.380571,86.8364,-3.149369,77.45545,-5.7750807,69.934814,-7.682376,65.4864,-7.6059957,50.074207,-6.8437,61.313324,-6.105222,71.73755,-1.5670519,72.8737,2.1235185,75.84662,-1.5718985,81.27455
pop.00081.wav,0.36985952,0.083900675,0.09215401,0.0012183911,2246.9998668388666,504666.7640045669,2684.4523036223895,196529.24292768067,5155.910489581318,2968788.12694405,0.08601724252612229,0.0017887377039606858,-1.7801092e-06,0.005395923,-3.1862378e-06,0.0016485857,143.5546875,pop,-137.73312,3874.8796,100.24318,625.66327,14.383044,400.36606,15.403811,342.1408,2.3205366,229.59871,-1.0818114,127.58908,-2.1069715,146.11385,-1.687085,79.51054,-5.311201,126.16696,-1.7847022,102.41545,1.7484086,94.198044,-6.1835394,72.67839,-3.0364275,72.940254,-9.783618,70.68407,-6.6642976,76.097984,-3.9666076,53.044724,-10.177887,56.62786,-2.9706817,82.49906,-3.5730906,46.101143,-0.6477028,44.76313
pop.00080.wav,0.43361697,0.0912192,0.2157003,0.008246154,3151.445800513278,830010.0077153037,3220.4070745387885,135587.7564135983,7293.239232113487,3081629.1701184465,0.1275974899622678,0.004877163341659907,4.1066155e-06,0.020294417,-4.083087e-05,0.01702123,112.34714673913044,pop,-44.972015,3536.0403,69.765335,831.7725,11.851115,406.9552,8.137467,338.5727,12.62307,204.0947,7.7987547,260.22742,11.307399,124.148605,0.19175638,128.22919,9.630409,113.21932,2.8426685,86.010544,3.8571951,75.68949,-0.8326629,64.38472,2.1378021,82.66972,1.092536,95.675835,-0.06844653,112.07027,0.6488354,106.1177,-1.4783102,129.47049,3.7229264,105.74451,4.547461,118.30487,4.263485,85.92739
pop.00094.wav,0.33309838,0.086060695,0.19856702,0.007016955,2806.4327255297085,809557.6725398285,2857.788083353619,278770.543644073,6102.421432825803,4097902.133373587,0.12854835344910992,0.003510269748793113,3.5349534e-05,0.029579274,-5.659302e-05,0.0074670073,151.99908088235293,pop,-42.268806,2743.1199,82.17975,894.82654,-2.246973,387.189,19.916231,192.26761,13.862178,120.23751,0.86577994,177.09727,7.92098,109.764015,-0.7182553,90.2932,6.8773565,65.02889,-1.9071585,81.78981,-4.6875606,61.365555,-3.164194,62.444576,-2.94167,66.21955,3.6025867,82.98181,-0.07809387,60.85172,1.5862792,35.85643,0.8490444,82.44624,-1.2324398,132.37807,2.5389123,89.71803,0.78024215,54.968365
pop.00043.wav,0.4734457,0.08057261,0.25419882,0.0049668686,2703.2416682609646,1134628.1146252686,2725.9617319867466,228953.60693114405,5776.106739339445,3548044.6787748514,0.1032971833881579,0.005312352988936331,7.590671e-06,0.040177207,-0.00025591152,0.012429119,135.99917763157896,pop,-50.890957,2300.7554,68.04223,1063.3462,12.082594,358.7678,36.314426,312.22052,8.646877,217.88593,19.502785,144.40422,10.722351,89.67796,12.312874,73.94821,1.6614351,81.09336,10.164873,74.020424,4.8397875,57.69035,1.6969053,50.02996,2.7312357,47.72432,3.1664689,57.078102,2.4620578,48.785984,1.4162687,53.995235,1.0564288,42.325405,1.8941798,41.097546,2.2652884,52.808903,2.4275951,55.037235
pop.00057.wav,0.51853126,0.089356385,0.3293133,0.021649528,3672.6739422013616,1068319.3744843602,3279.7424058326787,162044.88315507086,7783.686266447368,2661884.417800867,0.15406445010158668,0.010493779746406948,8.86294e-06,0.062053774,-0.00013425318,0.029938094,103.359375,pop,-39.691376,3953.2039,33.951675,597.6059,9.604388,525.9889,16.657578,419.79727,14.906162,243.71239,11.198783,241.73169,21.502827,166.32379,9.886202,149.76814,14.732349,96.03748,15.628255,86.41535,2.040395,94.30911,2.579496,71.46904,0.35728562,84.90472,1.6512009,56.96971,6.9411736,80.924774,8.237752,106.27228,9.367546,156.65977,6.9661984,117.68618,1.496738,109.65228,-1.1285766,123.653175
pop.00069.wav,0.4969614,0.07409339,0.21555631,0.0045048203,2327.9956325128483,326144.39202315186,2516.8257860719295,78420.9619367336,4930.953516532024,1208833.494265393,0.09549942252805728,0.002653789619643786,-3.26767e-05,0.019695917,0.00022727944,0.014146865,107.666015625,pop,-30.211868,2293.7646,88.448524,507.6594,-6.587008,283.3526,32.785645,96.529076,8.50026,61.645607,8.3887,58.2751,2.04252,77.56861,6.864184,57.460514,3.5769942,48.54433,2.7208421,45.90728,1.2942762,40.11935,3.290607,36.71593,1.5695497,26.226795,2.3794365,26.786224,2.5250053,26.753332,1.0964289,22.216938,-1.5795058,23.970837,-0.2644909,30.213398,0.112851925,25.590061,0.4211168,22.231113
pop.00041.wav,0.28238016,0.09041265,0.08329674,0.0012389625,2053.894371276876,686523.0907726038,2559.593930825625,158111.03042596453,4508.014407320288,3431024.163437668,0.0753657574255031,0.003056640515918969,2.899186e-06,0.00597653,-3.1875425e-05,0.0008151236,107.666015625,pop,-204.75298,3258.808,101.60512,834.54333,26.384224,562.87195,9.1857195,196.57977,10.460928,332.9085,5.108919,187.39058,-9.447198,219.31366,9.308317,123.65545,-12.491376,139.85484,-2.4966693,121.12679,6.212447,127.60175,-9.488957,95.36254,-2.5600326,117.05969,-9.048957,120.01538,-10.187873,138.39159,-4.0442524,102.404,-7.7497854,134.61066,-5.138517,181.69969,-1.8299531,159.47809,-4.416521,166.4943
pop.00055.wav,0.43286315,0.09437236,0.24087685,0.017008211,3940.3499208914445,1351610.3829588532,3361.504206090715,98215.91584240113,8259.450056235488,1431354.141208994,0.16739883659055727,0.017962738804873462,-5.7531024e-06,0.02818339,0.00011395831,0.031145638,103.359375,pop,-56.091187,4991.331,36.468166,1156.0695,11.945319,639.5899,-6.4417524,483.64676,3.7781622,385.17435,5.284157,306.6833,3.3947845,168.03847,4.2650976,217.7306,7.9939175,140.61145,5.864428,157.21999,1.5971134,111.68653,4.8613906,107.007935,0.49247724,108.35557,2.506001,93.51433,0.275979,83.932976,-2.591558,106.608894,-1.4281116,66.28489,-1.8711603,62.747993,-5.3898835,69.32641,-4.313989,74.93198
pop.00082.wav,0.46213287,0.090136684,0.20798877,0.0072678016,3168.3771358678678,626495.8132023398,3341.5360777099304,83251.43663838075,7555.42098006966,1690843.3446747474,0.1003391513883514,0.0035702080479484413,-7.0622314e-06,0.028287934,-3.4717638e-07,0.009205053,129.19921875,pop,-62.043816,2500.8242,64.239815,443.46494,29.874727,190.0062,23.24483,102.51843,16.247187,101.061134,7.4384794,103.46443,8.871021,60.538113,6.4075446,66.871056,7.3948216,53.025856,3.0163872,63.464806,1.487842,41.056355,2.9757106,39.312923,1.8600916,38.695736,0.543262,46.475163,-0.33012384,42.80251,0.8136626,40.104374,1.2980133,40.01159,1.1867973,44.795185,0.86054564,57.613613,0.09585127,65.027534
pop.00096.wav,0.34000406,0.095486686,0.25115368,0.0048995353,3126.3938966039664,1295018.4162543733,3162.6817626437364,199820.97424443593,6931.116421820579,3826175.3984611933,0.10534554590750773,0.004148511278192705,1.0461133e-05,0.046472065,-2.396515e-05,0.0106110005,92.28515625,pop,-59.09869,3477.7058,60.998287,923.6315,27.75064,624.1541,23.867935,357.48404,12.298356,175.84407,7.3722224,167.98045,12.321168,103.181015,7.1516914,128.98848,13.415489,83.58776,2.485732,70.427315,-1.9674118,77.35447,-2.4141188,64.58044,-4.519556,100.25925,3.4697351,129.2231,2.0349872,110.546776,3.7280085,172.59749,2.4979272,120.61778,1.2848573,107.15218,3.1396012,127.637695,1.6590124,110.84767
pop.00097.wav,0.4669703,0.09139945,0.20417361,0.019619126,3510.042356894514,2285436.88713108,3310.2784279907473,177572.1641226787,7587.437453137094,4279081.01230862,0.13724822525638544,0.02006918502004884,-0.00076808856,0.0425531,0.00085363915,0.009027283,99.38401442307692,pop,-125.53952,5401.9004,51.196957,1156.3782,38.517105,1127.7024,14.491696,491.5063,16.232538,272.65082,4.6429577,220.02951,12.308261,218.8722,1.1730316,175.81859,1.7245497,88.496,9.770825,116.828575,-2.822416,85.98293,2.07893,83.538795,0.8530096,68.40786,-0.50384986,55.06086,1.3426533,56.10368,-0.8620617,67.34198,0.48488256,70.27638,4.129414,72.46714,1.749743,74.72729,8.2345915,117.80541
pop.00083.wav,0.2981051,0.08304185,0.14298287,0.00197628,2489.577623717522,551359.781920188,2941.99075457532,207096.07922344864,5977.07219079552,3038972.1064889724,0.08429578657120743,0.0016285458727112103,-4.4564695e-06,0.014047144,-0.000250515,0.0030627446,123.046875,pop,-104.47532,2086.2695,86.85541,508.78632,28.76275,351.59647,26.635527,280.27042,8.927457,237.29633,5.6745653,153.65761,7.7592797,97.055275,0.46634582,96.45464,6.630064,77.44554,6.5633125,98.6951,0.37748337,86.573135,2.1488523,66.455894,-0.019938182,72.844864,-0.36272928,68.11781,1.3109478,71.55404,1.3177943,57.246185,1.9381652,67.679115,1.2264539,78.93474,-0.12414593,90.11566,0.8405376,67.9667
pop.00054.wav,0.39040145,0.09979754,0.27360487,0.0152083095,3498.3579746722603,1376796.5822391317,3295.5183653344498,157507.25260369995,7664.611986473249,3114083.8214390315,0.13602223115808823,0.008354781215535206,-7.798753e-05,0.052531894,0.00019533979,0.020500056,129.19921875,pop,-46.703014,4391.733,55.877514,945.9997,26.12021,561.6629,16.543205,245.58598,7.104527,212.78531,-3.326687,327.90814,9.256009,189.38214,-0.8715933,105.12634,8.313573,119.59348,7.1480994,126.53652,-0.5387219,122.712074,1.7517585,81.87452,-1.8377473,77.775604,5.196832,88.49917,-3.1105435,55.169144,-0.8630542,90.86517,-3.8621142,83.46878,-2.3494835,101.807274,-0.22604822,79.99337,2.2205696,101.41283
pop.00040.wav,0.29224333,0.08556795,0.19927946,0.005641868,1962.259860440553,261336.5453832586,2325.3182258713837,179355.6624904793,3821.2268935637576,1860690.6525261144,0.0958112120259288,0.0014770353339409454,4.165902e-06,0.0298203,0.00016472538,0.005514559,129.19921875,pop,-76.91657,5773.896,113.29569,447.05804,-6.219377,398.22617,19.94625,131.8692,15.115961,99.98378,-3.289381,143.57852,4.7895107,76.64414,1.0169309,57.97638,2.2929256,54.27175,-0.011468444,55.045643,-3.7627332,44.604946,4.241214,67.68057,2.2863302,94.695526,-2.9218853,64.390785,4.5193353,58.089947,3.4273293,72.82555,-0.5341386,78.956085,-0.56020796,87.317726,0.62774485,66.56447,-2.0107126,107.29255
pop.00068.wav,0.40740538,0.09396593,0.24570654,0.013572897,3262.9124447410586,1229144.7665234313,2930.999781412338,192729.39503587715,6714.734396919746,3538958.9675441785,0.15505650759481424,0.011146296101756157,-3.435951e-05,0.023179268,3.4112774e-05,0.032614883,129.19921875,pop,-29.26039,3189.2336,53.868725,1417.3132,-1.700224,507.76157,15.506245,429.23926,1.0880837,443.5565,0.54396456,349.449,4.9021416,167.16083,-3.2225883,125.2091,-1.6917722,129.60692,2.2325523,145.07768,-7.122959,84.87645,-5.9894915,87.9569,-2.9803963,78.18623,-3.7967625,82.759605,-4.8949075,82.97148,-6.7240953,81.972435,-0.41865265,74.181114,-4.0128164,71.69696,4.3791423,125.70978,4.4604297,119.41815
pop.00065.wav,0.34565118,0.09727177,0.13348536,0.006077605,2518.6680120349943,577884.2922825926,2683.946956917925,157808.78693477524,5496.225098412104,2517033.087584628,0.10014338537635449,0.0036287358796184385,0.00017893965,0.01257197,-0.00020863046,0.007348113,117.45383522727273,pop,-111.61652,4857.4116,85.579094,779.93176,3.5153575,301.70865,16.35747,287.40054,2.2059443,239.6114,5.980132,124.06199,-5.045757,158.18861,-3.962524,88.44825,-0.096168354,119.43675,1.5746028,91.929565,-5.793351,98.48169,-5.0871906,65.684715,-0.20802855,76.1629,-4.4117293,65.80514,-0.7768348,64.881615,1.5563339,68.68016,0.36258048,56.773064,0.5752824,54.50549,-0.69262826,58.002964,-1.8156012,57.971725
pop.00071.wav,0.44740766,0.09298842,0.19137336,0.007818495,3889.787116785757,1050047.958351356,3271.6627619560186,98238.51456195343,8057.209612489116,1632845.9896226774,0.19104230662248453,0.013315818483640574,0.00019327705,0.016326472,0.0006932718,0.01808516,112.34714673913044,pop,-52.537975,2715.8186,37.496025,777.1046,14.12139,474.25372,18.180311,225.2344,16.782768,154.4096,5.9580927,196.74376,6.4324026,132.3137,2.7082067,117.615906,-0.44743854,105.651764,3.2196102,99.16241,-3.9284554,97.867,1.5937504,86.54156,0.29058224,95.28774,-0.16011733,102.11508,-0.50639445,114.870636,-1.5440645,110.72509,2.0738175,107.49952,1.22488,88.744026,4.5870175,95.96435,1.6419145,86.105125
pop.00059.wav,0.4754622,0.09732903,0.25179002,0.015267862,3727.2488351836582,2097535.8911057105,3223.867461789819,219551.277434978,7633.178843211833,4480479.944346012,0.14478748427825078,0.016474256981901032,-4.493e-06,0.0456901,0.00023193678,0.019967299,89.10290948275862,pop,-77.94189,6152.219,32.364956,1733.3799,20.077257,849.83777,27.633484,419.29962,16.262774,221.84271,5.319164,211.65782,13.481539,151.1125,3.5032268,128.1302,7.344144,130.88646,5.271802,142.58313,4.001198,111.219406,5.271229,104.172165,3.752625,103.27085,0.7814801,81.323204,0.40025985,76.0512,-0.71326154,87.14911,3.0644116,62.286476,1.4034705,67.966576,0.54593104,60.39224,-1.9002221,90.92306
pop.00058.wav,0.33993873,0.09833136,0.16742225,0.0063730436,2940.0005210928985,1663406.2572295296,2629.4641540033667,298136.97723148635,5750.6902263629545,4861778.424123696,0.14575422068498453,0.011731699334603754,-1.8197608e-05,0.0140695255,-0.00013334428,0.012649511,99.38401442307692,pop,-87.723495,5420.5728,64.30925,2044.4276,-12.976586,728.3166,16.032646,407.17435,0.486166,252.1476,0.40709475,182.01555,4.431545,137.29312,-2.7237475,134.73738,-0.3093249,107.938614,-0.04974521,100.48482,-5.929299,85.36708,-4.269969,79.7234,-3.5097017,72.67213,-4.630935,81.0629,-4.0938277,61.24013,-3.320875,86.67509,0.21073729,114.67334,2.704002,136.82605,2.4902894,132.20242,0.21650171,163.24413
pop.00070.wav,0.43713656,0.089495115,0.1678202,0.012521734,3142.2532583222696,1011261.2365469775,3001.708558953997,299237.06411937735,6825.458727384868,3540761.6338681583,0.13644399731520898,0.007272367492516829,-0.0020001344,0.016567381,0.0018676007,0.015902814,123.046875,pop,-91.85374,9667.55,56.674156,746.8569,13.763752,805.7135,15.050706,402.75864,0.9011203,252.76128,-4.0791926,246.04745,-0.22235458,171.90149,0.5639136,121.241425,-4.6007695,119.59445,-2.6161902,103.543755,-2.761266,90.52657,-3.0964155,83.208954,1.7973816,72.844406,-0.95242214,64.77307,1.4047229,65.37888,0.92358834,79.91505,1.0776355,72.11061,0.9147185,77.012344,3.2946672,60.458775,0.21995427,63.970333
pop.00064.wav,0.34651315,0.099939354,0.16902655,0.0123039065,3647.8594016331967,1089059.744384341,2886.6604007045057,188246.2648431258,7112.756990131579,2336853.8264215663,0.205950001814048,0.012425577974952248,-2.026402e-05,0.016151397,1.5795027e-05,0.014132807,129.19921875,pop,-88.45125,9275.2,34.33366,1480.9402,-11.282462,837.31055,2.200408,354.2792,-4.8584256,194.55663,-6.127731,400.92056,0.33107784,196.75024,2.4401875,112.07883,-8.17747,285.94388,5.6359863,138.91518,-9.394409,164.58458,-7.359539,112.15666,-3.9459164,154.7516,2.3768632,244.95317,1.2362303,312.8154,10.805466,189.24315,9.384404,215.53413,5.292024,243.84097,-2.935119,166.38913,-5.572682,104.77013
pop.00072.wav,0.4807797,0.07590247,0.23445223,0.0048687183,2569.255822724336,402450.53490839485,2559.52936247521,174503.49963463543,5351.900971120356,2232328.732189944,0.13165642233455882,0.0026052633615556995,8.380292e-06,0.020449713,-1.9171182e-05,0.016540056,117.45383522727273,pop,9.675074,2154.673,88.82607,805.6701,-20.293682,293.48557,5.1013055,187.9542,-2.917802,119.192215,-0.18818103,89.04742,0.327482,96.40047,1.604321,62.159218,-2.2592056,52.287563,-0.94065094,64.425064,-6.2122498,53.017864,-2.9767892,46.48643,-1.8151839,37.812054,-0.31959978,37.05211,-1.3413134,34.196865,-1.6791989,33.66573,-0.18654181,37.636093,1.7162682,31.016623,-0.132488,32.20278,-3.901139,31.914667
pop.00066.wav,0.3541164,0.08514137,0.24325013,0.0066670086,2844.070407885239,909340.2889511307,3219.148147976031,190909.8839704128,6839.566975407556,3929257.814029118,0.09974656237906347,0.0029594512568187985,-2.0574744e-05,0.035306044,-4.781379e-05,0.012286944,80.74951171875,pop,-63.635056,3646.5735,79.04566,826.609,42.744022,626.43365,16.095537,211.26717,15.26836,173.78137,10.789148,148.62686,13.3115835,127.06781,3.685729,97.15143,4.9283266,100.07574,10.677057,108.13792,-0.01267207,79.737274,3.4803085,83.376274,3.4220939,74.26236,-2.4508333,76.99734,0.8506413,74.729706,-5.1205535,74.69997,-4.2999783,83.922935,-1.56403,65.00217,-0.059282333,90.6827,2.6619995,95.64217
pop.00099.wav,0.3605328,0.091511555,0.13814604,0.0025329879,2765.6481348893653,840516.7765887016,3222.6973193873114,174249.89178181012,6873.341771175987,3883839.6744858865,0.09601491449787151,0.003646947688079175,0.011001547,0.0114305215,0.0040821913,0.005052982,78.30255681818181,pop,-119.34646,4563.085,85.94366,688.50366,33.886936,457.29977,9.992517,181.59966,17.70141,121.58178,0.51905245,213.81758,9.565488,130.51454,-5.299008,179.63823,4.170094,97.978966,8.122251,97.87303,-7.9776335,102.8342,1.5659163,69.397026,-2.9331827,58.05286,-1.6069088,55.885582,-0.1992256,67.20413,-2.4307656,54.331444,1.206273,69.49182,5.8464403,128.33557,1.6082752,124.74238,7.58336,119.617905
pop.00098.wav,0.399341,0.095127776,0.21293947,0.0056290226,3634.106563927481,672713.6022583316,3134.284751630451,97961.28390888732,7534.996103576093,1368559.173622557,0.18310584667666407,0.007764233708607893,5.668106e-06,0.020970628,0.00018002599,0.014842783,117.45383522727273,pop,-26.93658,4428.5117,46.71037,589.86066,8.7081785,551.8899,8.604124,361.1278,6.086184,121.974884,12.42523,149.56378,6.958877,149.3133,2.506842,135.62485,1.1593008,130.56757,7.25731,81.22368,-3.1307194,104.59971,1.2537664,90.13845,3.838255,115.65516,4.690354,101.09371,1.7137886,123.333664,-0.9803977,91.99542,-1.3044108,92.693565,-2.6919026,80.007034,-1.2717875,77.736275,-2.4849613,102.24585
pop.00067.wav,0.44740766,0.09298842,0.19137336,0.007818495,3889.787116785757,1050047.958351356,3271.6627619560186,98238.51456195343,8057.209612489116,1632845.9896226774,0.19104230662248453,0.013315818483640574,0.00019327705,0.016326472,0.0006932718,0.01808516,112.34714673913044,pop,-52.537975,2715.8186,37.496025,777.1046,14.12139,474.25372,18.180311,225.2344,16.782768,154.4096,5.9580927,196.74376,6.4324026,132.3137,2.7082067,117.615906,-0.44743854,105.651764,3.2196102,99.16241,-3.9284554,97.867,1.5937504,86.54156,0.29058224,95.28774,-0.16011733,102.11508,-0.50639445,114.870636,-1.5440645,110.72509,2.0738175,107.49952,1.22488,88.744026,4.5870175,95.96435,1.6419145,86.105125
pop.00073.wav,0.42336026,0.08203445,0.2598068,0.009235339,3671.2604882708424,878015.2501348264,3295.553788823971,111152.97903233199,7879.044023165393,1655919.098359748,0.16189735814144737,0.007158864284058979,-1.5991001e-05,0.041284133,-0.0002760346,0.017965622,129.19921875,pop,-8.531341,3028.0107,54.251755,533.96747,20.96331,423.362,13.099079,169.29977,9.721153,107.09414,6.015052,121.956924,10.720785,98.57472,6.1021194,67.43553,0.6942644,67.919205,5.0023856,87.16659,-3.4498136,74.08259,0.87255687,52.8484,-1.9390469,62.99463,-2.7849798,49.137432,-2.6762013,54.813587,-3.3184636,54.841393,1.7050132,56.66029,-0.14683868,58.42286,4.8484674,77.40926,2.9080086,76.21996
pop.00077.wav,0.44544223,0.09270144,0.23102272,0.016229622,4037.153770826656,1294404.836035825,3342.3644138556137,108506.33027960491,8331.4746207128,1911592.0718669707,0.21392576613293343,0.013471217053002756,-3.5870402e-05,0.016697405,-0.0002072344,0.03350542,112.34714673913044,pop,-34.209938,5028.1494,40.399307,936.8778,17.510662,494.66272,13.42147,262.76495,13.240601,138.9173,7.449265,118.44979,18.183458,124.928055,2.7254276,80.48617,4.3396277,72.07021,5.8252974,100.143906,-1.1257582,80.075096,3.1106064,72.19731,2.4149976,66.436745,-2.0906532,63.827404,-1.2851562,71.67296,0.15344465,82.834785,2.3362236,103.847885,4.32972,102.21174,2.137922,114.40059,2.9388883,123.53674
pop.00063.wav,0.3167193,0.08976403,0.12609246,0.0012711164,1826.5420467927368,340231.93951514264,2294.444461991146,208857.3939155214,3796.335377412684,2841432.8221489163,0.07464656298374613,0.0006572598986135758,-2.8975537e-05,0.010958098,-0.00031166652,0.0025063378,80.74951171875,pop,-125.98142,2074.909,117.33393,596.8001,-0.07229227,298.0566,10.211122,209.01717,4.4901695,141.46342,2.1888669,136.31468,-3.6360846,104.75564,3.3763409,110.28299,1.7375194,79.488716,4.5511193,71.07912,0.8427298,73.53068,2.4246018,69.30847,-3.1125748,67.23125,-2.837452,62.08621,-6.106637,69.61773,-5.2675734,75.9876,-1.8156686,86.3426,-3.2187061,111.6845,1.2653753,96.26943,5.800691,79.168564
pop.00088.wav,0.43150878,0.088841744,0.23498306,0.016909584,3510.9284752203253,1324124.820861961,3148.809837219885,175614.79441037498,7257.397782175164,3790588.4343970562,0.17203410712558048,0.011146812951336606,6.062815e-05,0.0174667,-0.00013404585,0.03766502,99.38401442307692,pop,-42.68938,7994.192,54.882027,1113.5995,17.06182,444.68634,19.76454,335.22067,6.852839,195.77658,2.7781906,257.94223,11.820236,157.07703,1.205856,123.38347,7.9387155,94.048256,1.1382531,96.96375,-4.071282,70.719986,0.13736181,62.951057,-4.236571,70.19696,-4.4564805,69.26492,-2.5122685,57.859436,-2.891116,50.614704,0.6187277,70.4158,0.8994231,60.189083,2.3103714,76.66748,1.9261038,73.0303
pop.00089.wav,0.4371243,0.08661214,0.22054978,0.011609371,3401.2336884828965,1253456.9072499205,3070.3590067421464,215553.67733441686,7052.665686828802,3880191.7068674313,0.16573822682856038,0.009784460253426157,-2.1968002e-05,0.015780265,-0.0002355506,0.028793689,99.38401442307692,pop,-47.681934,7985.46,55.53719,1223.5608,19.178862,634.9197,24.482962,324.38565,4.0398774,165.81311,1.5440774,279.5595,6.9665008,155.0001,-1.046118,125.040985,3.0828688,120.88552,1.7952809,83.87219,-3.0351193,99.162186,1.9345391,83.82549,-4.678551,81.92716,-2.5212111,78.68272,-0.8627603,81.68325,-2.2868993,103.11746,-1.691514,73.264946,-3.232456,62.714355,2.612902,93.26975,1.893048,151.42241
pop.00062.wav,0.3296427,0.09844752,0.39785087,0.007181848,2468.498529319245,311836.88493545604,2625.1515768457407,123605.17430617262,5481.816852203464,1605635.7315443105,0.09820877878289473,0.001280125750768101,-2.3464769e-05,0.085659616,-8.1981445e-05,0.038618993,161.4990234375,pop,-6.92664,1584.2632,68.88017,497.45352,3.7705872,514.7325,28.195871,240.35722,2.2932248,179.63435,13.625752,150.08421,1.0469884,113.52984,6.004647,147.44159,2.750496,153.63943,15.018393,196.91893,-8.786577,188.09776,0.7954419,167.17726,-7.2196684,168.14091,2.92449,206.30849,0.5617501,264.16882,11.366313,251.3896,11.479182,232.68193,14.17094,263.17682,-0.9239,222.42891,0.8095099,218.10396
pop.00076.wav,0.47572708,0.0839878,0.24529977,0.008347652,3544.132839481264,936679.1082147548,3311.301496368,157562.1570402352,7780.519618928986,2650550.685423895,0.14281924221168732,0.006725925216450484,3.97587e-06,0.03377545,8.270851e-05,0.01735344,215.33203125,pop,-38.288414,4575.363,47.802376,646.10547,20.052776,405.91245,23.848087,289.51147,19.795454,247.10165,13.665192,240.66617,14.684335,114.74208,4.5720963,98.97451,7.7137055,79.64468,8.956256,90.315765,5.421002,50.422916,1.1439084,42.89883,1.0811883,53.615246,4.386656,55.992065,4.5840898,47.85613,2.5498772,50.144817,-0.2459388,44.787354,4.625784,48.60215,3.010174,63.926388,-1.3092593,53.570072
pop.00048.wav,0.46493727,0.08432029,0.1564599,0.004184942,4052.8886703211056,1101931.832843754,3426.219519828341,153284.50132583996,8382.25764696812,2381220.572291215,0.21071452326818885,0.00852233163578876,-0.003342821,0.008658152,-0.004102522,0.012851832,129.19921875,pop,-52.64915,2849.6304,47.78274,483.2539,13.455156,434.15955,2.2134273,173.88062,13.251046,139.20789,9.133875,81.41387,14.447654,93.596596,0.87383723,86.73276,9.459656,84.32828,7.004077,88.34902,-0.69285774,58.44376,1.7276201,67.071724,8.496529,69.62882,6.9274364,70.01628,3.1864774,63.609337,2.2743254,56.723305,-0.8961154,56.221848,2.031985,60.011875,2.2780228,81.58069,3.4661896,62.337
pop.00060.wav,0.39040145,0.09979754,0.27360487,0.0152083095,3498.3579746722603,1376796.5822391317,3295.5183653344498,157507.25260369995,7664.611986473249,3114083.8214390315,0.13602223115808823,0.008354781215535206,-7.798753e-05,0.052531894,0.00019533979,0.020500056,129.19921875,pop,-46.703014,4391.733,55.877514,945.9997,26.12021,561.6629,16.543205,245.58598,7.104527,212.78531,-3.326687,327.90814,9.256009,189.38214,-0.8715933,105.12634,8.313573,119.59348,7.1480994,126.53652,-0.5387219,122.712074,1.7517585,81.87452,-1.8377473,77.775604,5.196832,88.49917,-3.1105435,55.169144,-0.8630542,90.86517,-3.8621142,83.46878,-2.3494835,101.807274,-0.22604822,79.99337,2.2205696,101.41283
pop.00074.wav,0.34944052,0.09800289,0.21037216,0.02105171,3419.3447490583962,1569131.3683473857,3368.7113595438686,161803.89220762425,7789.061233945676,3370273.7886938546,0.1308480372000774,0.011387671350954039,3.4915534e-05,0.018197643,0.00014190933,0.029766364,83.35433467741936,pop,-93.63922,4254.7964,59.69027,1293.2997,32.07738,580.64703,13.12749,487.2644,13.27032,238.29794,-6.8693585,360.87973,2.3390276,222.99216,-7.8879848,255.17296,2.2946649,150.2956,4.4875836,146.23163,-4.0405664,166.8043,2.6735635,122.04555,-3.0863955,98.7741,-5.7560024,89.366714,-1.5233752,74.99053,-1.1896892,76.11298,-3.0514128,91.65019,-1.0875479,110.0433,2.3892708,105.69957,4.7670994,108.79878
pop.00075.wav,0.4093867,0.09178152,0.18560503,0.008535297,3645.470694057959,940420.3475795423,3200.7208510864684,98267.89252069635,7658.53702320772,1622508.4997112746,0.15924053369291796,0.009654276315144802,-6.7431024e-06,0.013376414,-2.1247291e-05,0.01891305,95.703125,pop,-68.85472,3236.2122,40.457462,664.39,25.354525,326.35004,35.768284,292.16254,13.383127,169.4325,2.82137,190.46715,12.759582,137.02737,4.483545,95.116295,3.3571875,89.68813,10.026522,83.7345,-2.3750985,85.38436,2.9945147,67.12047,-1.8024031,89.8661,-3.378383,55.318935,-1.5463306,58.242985,-1.6591519,61.402527,-3.5203817,63.640553,1.3764956,77.3189,2.0280373,77.92402,1.5048237,91.66645
pop.00061.wav,0.45551932,0.09134877,0.22080922,0.007693885,2949.270014966028,1366465.5140303753,2908.876601117744,284022.51782368193,6067.7883089142315,5024972.764378921,0.11195132606907894,0.007641239497547762,-1.7441915e-05,0.026847664,5.4115284e-05,0.01819894,95.703125,pop,-65.18545,2584.9646,65.47451,1137.9583,4.1277475,681.6608,32.742474,388.76727,16.918562,230.17796,-5.8376946,331.67618,14.960992,151.09016,-0.24383582,144.99289,9.038334,149.475,8.441269,156.36917,-6.576153,96.71217,-4.4843636,66.76693,-2.6280577,77.06914,3.454899,66.87917,1.6005542,57.350487,-0.69787496,66.96342,3.2031765,73.87977,1.0458927,52.3333,-1.1681348,84.60385,-4.722194,86.850174
pop.00049.wav,0.32267648,0.09003669,0.14744551,0.0037678366,1987.8719219449235,1099250.2077105786,2579.9699093585987,416021.11853067897,4265.424207563371,6583745.824127608,0.06614018962848298,0.003765578682630208,0.00030744274,0.017616369,0.000653074,0.0033818914,58.72691761363637,pop,-170.92262,5328.2104,105.92536,1465.9772,31.060646,937.3537,22.226055,385.21265,12.8146105,237.04324,-5.1669707,369.02454,11.2371025,255.80283,-2.1054718,224.4046,-0.1724929,131.30154,5.0788264,152.46754,-11.54121,118.35138,-3.6240706,119.332924,1.3911014,90.879814,-6.6363354,132.23157,-2.4310408,92.64648,-7.377177,121.662636,-2.553612,111.66367,-1.7130773,100.81281,-6.1377354,118.296234,5.0679655,132.06918
pop.00006.wav,0.37462318,0.0858049,0.09395813,0.0014619118,2125.4079876587084,725339.6010531433,2673.9246329139587,213315.3037675883,4979.028225830834,3615620.0615341906,0.06769535785119969,0.0027110439415666075,1.3441387e-06,0.006809847,-2.1655087e-05,0.0011198191,92.28515625,pop,-169.15085,4911.6465,94.640785,578.0677,24.504723,353.473,27.41387,180.7506,11.641731,61.920284,14.895841,104.971855,4.234472,63.29771,12.369024,42.752254,10.702795,36.919827,5.126413,44.893467,-0.3423667,56.53991,1.2547648,45.064407,-4.157589,47.519936,-3.1358938,50.39862,0.29853344,33.90378,-3.551203,37.382954,-2.8172486,33.85536,-5.7609015,38.76072,-5.2082133,58.198456,-0.09840235,49.951435
pop.00012.wav,0.38588703,0.085263886,0.16416128,0.0026429505,2679.2839905691167,579852.7105491894,2661.8102808791496,192358.90895984223,5533.6998718072755,2747307.225273239,0.12593423471362228,0.0033639275051531906,8.795133e-07,0.014549067,9.2293485e-06,0.006367811,99.38401442307692,pop,-50.85386,2231.33,80.22757,660.78687,-9.293903,415.9499,20.294153,155.48924,12.106113,156.34793,6.7842712,108.253044,6.279613,78.62505,3.4291553,75.73463,-3.9568374,73.04377,2.5745726,107.191154,-5.706396,57.54449,0.4841115,64.57934,-0.57195306,65.11594,-0.58427525,59.93264,-3.394357,59.0191,-6.79263,74.92576,-5.526354,69.88698,-1.632335,52.616104,-1.6056237,67.1311,-1.501803,109.44457
pop.00013.wav,0.3561919,0.09469714,0.17306519,0.002728394,2150.085229874043,992555.7009114623,2917.6059092800347,239602.7334223436,5224.360075676035,6726098.115816627,0.05165917364067337,0.0015858076443184643,9.006457e-06,0.024058867,-7.944947e-05,0.0037356915,143.5546875,pop,-161.65413,5098.383,85.566696,863.03094,53.275494,471.40793,32.21721,288.6969,27.195436,81.94043,11.300175,172.81693,7.8961716,97.5383,8.764694,110.73675,1.2665906,90.44603,13.211441,141.97597,0.06758925,111.015915,4.8267465,62.08382,3.1036131,85.35289,2.346416,69.32517,3.6764767,48.503883,-2.8747072,81.13339,-2.6143231,45.35622,-3.1520004,53.57515,-1.1912892,55.71731,-1.4712898,45.348595
pop.00007.wav,0.25158858,0.0914785,0.08428382,0.0023829378,1968.4064522146039,887152.781644548,2326.80098776959,493860.9568951656,4127.166710254209,5241379.264432233,0.08234492913119196,0.0023833031247764984,-2.7008173e-06,0.00702289,-2.1534295e-06,0.0009718481,129.19921875,pop,-224.45636,3679.215,107.30909,2010.0846,-1.5683284,691.2285,13.870831,671.0899,8.123952,181.85371,-9.378748,213.89919,8.120475,143.50539,9.294033,132.83136,9.099869,114.687775,6.025224,178.43994,-6.6545024,178.12082,2.0728164,200.45041,6.2020764,239.50421,8.332799,158.8386,7.5784698,195.97624,2.0672486,201.63857,4.5554514,213.9278,1.2218053,130.7547,-1.6407906,140.01553,-3.7163208,175.66554
pop.00011.wav,0.22562955,0.086390056,0.055772327,0.0012378731,2200.7996805880507,560860.1429038417,2579.8254962150922,209292.96344429135,4627.663683817483,3153249.502223017,0.08712532350522446,0.00285291655913242,-5.809397e-06,0.00388053,-8.345135e-06,0.00015960215,184.5703125,pop,-240.68593,2768.4478,97.109665,984.2847,0.40661886,431.85754,-0.2689551,351.39368,-10.478993,200.04854,-15.741311,135.16837,1.3906446,150.15022,-17.873806,166.86226,-9.089088,113.21355,-8.767288,89.78503,-14.260694,80.89456,-5.5017834,94.868,-8.3689575,132.29556,-9.316447,106.61349,-3.1734798,118.36954,1.7531857,95.41262,1.5742666,104.6105,5.622142,174.52963,4.9669237,140.05833,3.7379048,193.82793
pop.00005.wav,0.32325658,0.08675108,0.13953836,0.005969791,2290.0859207010612,550276.8595455956,2435.918388296352,198045.22211925732,4748.004622798955,2632872.866437469,0.10678053345104489,0.0024540409668432368,4.7287795e-06,0.014236613,3.8002367e-05,0.0043725474,172.265625,pop,-113.6181,19912.633,90.014565,455.1923,-5.5413437,832.1402,25.595474,196.5403,2.6011498,101.38171,3.1922522,148.25357,1.1311812,95.45505,6.1437187,128.46259,2.7893798,104.81159,-1.8761604,125.091064,-7.119991,89.44611,-3.441792,82.40005,-5.9110045,61.445625,-4.3507495,70.103485,-4.946462,87.15882,-4.3801026,41.977333,-3.3122663,47.441647,-5.4329095,47.20143,-0.5704749,45.02762,-2.180239,45.40786
pop.00039.wav,0.38415253,0.09458526,0.27970567,0.010739117,3934.6043578715803,1099470.4942825618,3509.582338482005,123508.8576927412,8525.24844898897,1725782.2837981668,0.18717800648219815,0.01068240093276943,6.46674e-05,0.048911635,0.001036232,0.01870638,83.35433467741936,pop,-19.479713,4040.2957,51.92009,609.5095,37.00408,671.46954,13.1163845,368.515,14.590094,263.9821,3.2076254,218.52692,15.297412,113.18562,-0.77946484,112.4666,7.2424235,95.65375,10.393448,92.92183,-0.37440062,72.851425,6.2307696,78.94452,-1.1885153,54.968452,-2.1225436,58.57013,-1.5674964,65.14775,-0.76546293,56.522602,0.032623857,87.399284,2.8346593,87.732956,0.82376987,103.20571,1.8658276,61.017864
pop.00038.wav,0.4005925,0.08678321,0.22182827,0.0061672046,3267.580275537532,751052.7720858569,3014.383904612794,115771.39856953103,6921.308147796536,2153144.0773303886,0.14652330144640094,0.00555418792315306,2.18653e-06,0.024403177,-5.7686095e-05,0.016984107,92.28515625,pop,-15.679173,3991.5657,59.269085,554.6335,-1.5834023,342.13568,12.570526,157.11601,8.758746,122.593094,3.9658682,100.35506,2.0486033,68.80736,4.2323008,79.4454,4.989132,70.49561,2.9016714,62.605347,2.327089,52.588573,1.9943117,59.12865,1.7193478,54.304882,-1.5517666,57.755405,-0.62015903,47.446632,0.29138076,53.999535,-0.0029854788,74.2651,2.7568061,89.32546,2.2938926,85.01595,0.056969892,93.64807
pop.00004.wav,0.3843885,0.08358319,0.21116544,0.0025676067,2753.2217697518786,718364.7559360407,2861.4105412456793,149445.41440517816,5986.188802335285,2703227.4296832816,0.12376304602844428,0.005099496894739997,-6.0015855e-06,0.02340348,6.265009e-06,0.009109123,107.666015625,pop,-20.901945,1277.0514,83.24167,497.94223,5.04696,380.2515,16.370789,172.34767,9.402539,103.83682,-0.56291837,132.40074,4.051513,77.41132,6.209602,48.65377,9.122195,51.057,5.865447,49.925827,-3.5055268,36.077217,-0.63873327,38.563377,-3.1722696,34.521286,1.5466726,41.31227,-0.91755396,32.62489,-2.9599605,47.662483,-1.3302046,36.24454,-0.869388,43.663616,0.6923023,52.99448,-1.7670424,48.695366
pop.00010.wav,0.37797877,0.087902784,0.18398008,0.0031812293,1901.4116456876454,760869.7133242474,2421.1106771081168,326107.0933661504,4192.274649888738,4033503.413099222,0.06621728666795666,0.0022327513335932123,5.5506057e-06,0.025734302,-3.6977385e-06,0.0041610966,107.666015625,pop,-111.13056,4666.629,103.09619,1115.3813,10.90997,263.05322,34.348927,256.62897,22.34365,124.184425,17.868382,127.947975,6.8071394,109.5166,6.333683,64.89711,5.488653,54.001686,0.61881375,68.177864,0.33940026,62.655785,3.8250782,56.0579,2.0442042,51.16184,-5.5212603,67.21203,1.2078164,74.16247,0.39954302,62.263527,0.332977,62.996796,1.6744769,66.50687,-4.0542765,53.130806,-6.405829,76.71759
pop.00028.wav,0.34934646,0.08581055,0.19456434,0.004840181,2946.5774176287164,718111.0856557761,3051.63637253713,162610.3782207113,6656.151417829673,2882693.9525910304,0.1212698638254644,0.0033791662965028686,6.7788474e-06,0.019561067,-1.2858217e-05,0.011231924,99.38401442307692,pop,-45.638737,3372.3804,74.704506,489.69098,15.98023,284.43948,14.800469,262.24924,8.992414,109.931526,8.204232,115.193886,5.6863494,65.419785,5.2544928,53.771248,5.396809,79.73777,2.4352226,51.747955,0.779439,53.286766,1.1747062,48.78418,-2.359165,50.488712,-2.9500175,45.786663,-2.5942533,48.818924,-2.703076,38.99301,-1.5022324,45.786823,1.5619367,70.74636,1.6137363,80.94813,-0.013135739,106.43419
pop.00014.wav,0.4260218,0.08304917,0.07802102,0.00027225952,1997.9771683248648,278783.6276107661,2291.3767266632785,126753.69687517949,4139.38330304881,1757443.4077710388,0.0880610699255031,0.0012871384194180413,0.0016488492,0.0031779928,0.0027021195,0.0011468203,117.45383522727273,pop,-135.32312,1519.7433,107.81954,391.59412,-13.443976,465.70004,19.0207,281.01358,8.798831,165.34937,12.496944,92.515625,1.0323982,145.61661,11.318429,86.41212,2.543213,52.915726,1.2272974,53.78588,-6.39171,56.283504,5.854486,48.111942,2.8814301,42.588963,1.0215101,42.232853,-1.7751945,35.87298,-0.50232077,28.708265,-1.0759585,27.002554,-0.1634922,29.520544,-0.8965706,32.204727,-2.1383524,28.24722
pop.00000.wav,0.3897145,0.09092755,0.18582647,0.0075185965,3422.09468148469,1080953.9776012085,3409.811125578918,163830.2861289893,7953.293574188516,2702531.202547732,0.12676680715460525,0.009454517335267802,-1.9331617e-05,0.025340844,-9.295209e-06,0.0072378223,89.10290948275862,pop,-94.53429,4171.764,55.664608,619.7549,29.260527,325.51334,27.047909,293.3658,20.063942,140.45917,1.1709083,224.73558,12.953799,136.23082,-0.7993096,161.98546,8.872952,119.57479,-0.6761955,125.739525,-5.338357,96.91235,2.2207074,74.01996,-4.614716,71.411804,-0.9826611,49.652977,-1.4855212,61.365192,3.13206,112.29394,2.5117698,92.405945,4.0958257,112.92998,9.172982,87.63915,4.736745,88.61902
pop.00001.wav,0.4127586,0.09762767,0.26218614,0.014847867,3702.928030369771,1404201.2361120626,3431.802175141902,179513.71616239584,8073.092849778686,2675846.470266558,0.14947642039957432,0.009818923349354396,-1.847391e-05,0.028886281,-0.00044971696,0.030478511,107.666015625,pop,-59.200977,5430.396,45.285435,1440.9432,36.85824,895.9425,15.686738,494.85303,15.64339,334.38467,1.674394,329.1714,7.294538,219.72449,8.814742,187.27641,5.826009,188.91608,7.992021,147.92163,-2.28285,113.374084,1.8962287,108.30991,-0.9197742,116.27505,0.039757673,98.56931,0.09380678,93.39252,-0.82496876,129.77037,5.583771,205.39658,3.8282194,171.08287,5.5861907,166.57907,4.933342,155.31596
pop.00015.wav,0.38672364,0.08906599,0.1961825,0.0062290686,3207.220332891123,842637.3624073378,3125.8917931551077,128242.10535931417,7019.807552184114,2437451.2617644747,0.14158379994678794,0.006970087310154681,6.9771767e-07,0.019193193,-1.7544176e-05,0.012571296,103.359375,pop,-45.75362,4353.967,65.276146,578.40265,12.941988,453.23956,14.516027,261.83832,7.0181103,113.384094,4.4085183,186.0945,6.6144414,150.84256,3.298751,86.71197,7.7367697,77.09278,4.059378,77.286,3.6551008,50.435577,2.6030385,59.36141,4.055315,57.98366,2.3974423,59.21596,1.7854378,42.23483,-2.3755167,41.842503,-1.3446785,54.74999,-2.8704054,78.769424,-0.84292006,74.31901,-2.5974782,64.96279
pop.00029.wav,0.3547542,0.09571442,0.23414308,0.0062970864,2988.85797981166,671614.4346509231,3143.032661235072,146527.37031899573,6919.399826002564,2591918.6269366667,0.11157037599167957,0.0030434661200633645,2.5045981e-06,0.030640215,1.4036471e-05,0.014130784,161.4990234375,pop,-40.52484,3090.51,73.47652,679.17,22.62272,387.2231,12.355103,236.93094,14.860799,123.17024,8.946286,125.42098,5.305813,62.611637,9.025768,74.90825,2.0851216,64.56339,4.3038497,87.02532,-3.1314619,66.022606,1.844642,57.28224,2.0324934,47.131462,1.3936074,53.41021,4.1242695,48.82289,-0.35411483,52.047485,-0.7509658,60.411037,1.1585399,76.761696,0.7373187,83.891464,-0.043280374,81.044586
pop.00003.wav,0.41005275,0.081121534,0.12935476,0.0018118942,1837.191501891123,787966.1701283673,2067.0125708404385,409089.1967663832,3671.0694682118324,3152610.344397285,0.08535171367066563,0.002096088766659775,3.6434403e-06,0.010404698,6.29791e-05,0.0037874803,92.28515625,pop,-125.906784,2746.744,126.61828,1229.2927,-23.186909,507.1093,36.22425,368.73077,20.962921,142.31102,-1.1735234,182.15302,16.486767,104.4628,-3.6612227,89.76828,6.520491,92.21158,9.33727,79.28279,-6.409656,70.3543,3.880195,59.986866,-7.941657,58.01537,2.0486925,68.895645,-2.3359532,66.52456,-1.4812031,68.781006,4.7531238,77.821465,-3.5139244,71.867584,4.886851,61.323734,-3.1990805,60.961964
pop.00017.wav,0.43529552,0.08261465,0.14308856,0.0010687171,2789.1243751604316,373465.5133224139,2795.4017589510063,173239.20352646275,6112.05470790804,1839436.9183831809,0.12622977336493807,0.0025070744317713845,-0.0004157209,0.01242396,-0.0016707595,0.0029956663,107.666015625,pop,-53.12336,916.86475,78.31344,414.96402,2.2469547,830.96814,18.838303,216.98839,3.8645911,163.98941,2.5142796,132.08936,-3.799186,77.715355,6.814705,109.78551,-0.8102047,63.558014,8.754906,63.076656,-4.800525,59.94404,-2.151995,46.87903,1.2861207,38.147907,-1.7439156,34.458065,-1.940419,35.05782,-1.587665,37.051147,2.6303961,32.08507,2.429557,42.308746,4.024241,39.55637,3.9174657,44.713364
pop.00016.wav,0.3887713,0.093739,0.14658915,0.010435835,3490.329748964607,913633.4099793023,3205.8190593470636,119408.56552278301,7499.387985560178,2388992.045318751,0.15341592794601394,0.007374339697425642,-5.663333e-07,0.011057102,3.573704e-05,0.013642291,107.666015625,pop,-97.0082,6513.565,51.786003,616.2181,18.738693,427.86374,20.481663,295.48175,5.6104527,156.75662,3.5735023,193.18617,5.5722895,145.3271,0.737395,142.09697,7.3361273,116.66367,1.6588529,74.789665,-2.7012625,104.25231,-0.44397426,90.30073,-1.0818589,58.35837,-3.45436,58.67038,-2.4807754,44.771725,-3.309378,47.571533,-2.2329962,52.404423,-2.6434991,49.11641,-2.74049,57.74902,0.3115342,62.474518
pop.00002.wav,0.41789016,0.093589,0.215166,0.0065915505,3213.5168358111127,1006884.4958737672,3269.5960671771636,107068.91617281878,7423.94677507619,2454466.8248017337,0.11886851780185759,0.005768689349267857,-4.9255586e-06,0.023001947,5.4997498e-05,0.012927228,83.35433467741936,pop,-59.607124,2910.5742,62.98234,596.7858,31.12206,181.21564,16.92889,155.98604,8.904489,103.52007,10.815333,112.26995,10.561759,82.99171,5.165959,55.86212,5.408297,55.072483,6.159945,65.403496,2.2780192,63.511272,4.254538,63.28471,4.1256804,69.312126,5.7277184,87.56337,5.0610714,81.29372,5.671052,94.69186,1.4182494,71.99954,2.8187902,58.067654,-1.4061422,43.937717,-3.3785646,46.2595
metal.00022.wav,0.3698008,0.079538584,0.19878227,0.0026188483,2218.4992054355644,91147.29827220943,2226.12293771312,18342.93689932035,4779.587765153347,243772.7927029662,0.10698310214299536,0.001032165646459344,-1.609767e-07,0.019624742,-2.8897497e-05,0.009292422,135.99917763157896,metal,-45.843933,917.6991,108.013725,158.31767,-11.740544,140.85573,66.32776,79.30659,-30.207605,64.94611,9.2367,110.73445,-25.772972,49.09352,21.87735,47.923046,-17.929054,32.352478,10.275843,43.971703,-14.119918,38.142803,18.74677,30.934177,-14.2388315,29.18474,-2.2378857,33.82615,-5.778148,29.808182,-5.8649893,45.814465,-2.5429697,51.256676,1.4795749,35.28541,-5.616363,22.512728,-2.820123,27.997286
metal.00036.wav,0.51906675,0.07094122,0.11219081,0.0008295734,2685.8291745827923,177825.4379003774,2317.5266104972716,34583.74166969523,5331.467761343847,544512.3253525726,0.16050318667763158,0.002388413427939375,4.5568763e-06,0.004645777,0.00029747633,0.00358903,143.5546875,metal,-71.27534,726.7596,82.33836,269.84094,-30.17323,177.07191,56.464294,113.06436,-10.875072,87.5089,26.82275,61.093708,-15.808304,63.88976,25.348276,41.598866,-15.6305,46.453335,17.768711,56.492382,-13.055728,50.67439,14.628012,38.25508,-14.275042,47.61504,9.547383,34.211586,-10.368048,33.465393,8.101744,41.29009,-7.463908,26.313473,5.4308786,33.227657,-4.4021826,32.873432,3.0511744,32.42376
metal.00037.wav,0.39583865,0.082139365,0.11197951,0.00033020377,2292.5102907446626,175878.90140923296,2149.265803381688,44386.93723102563,4819.912521315064,561282.7394101606,0.12365873826915634,0.001706939038406603,-0.0007157878,0.0066250064,-0.0023326806,0.002222742,135.99917763157896,metal,-79.07527,330.69473,106.81676,219.24869,-38.75978,134.99799,39.854446,63.60779,-26.757378,44.753,32.465256,37.140617,-15.021738,61.561676,29.701921,43.37527,-11.37107,45.709553,13.770958,45.912918,-14.502706,49.34289,16.169477,45.41156,-3.062653,62.496674,3.566323,41.49667,-17.280031,40.38086,-2.1323605,33.249058,-12.57326,44.22676,-1.2415167,34.153942,-1.201715,36.102924,9.030018,45.24038
metal.00023.wav,0.5272757,0.068735555,0.19530222,0.0012677967,2576.107537052409,143238.7946949277,2237.1069520691904,55910.719420151996,5058.119414243904,422530.8275123355,0.13178756288699692,0.0017274845714697249,1.0234371e-05,0.021155274,0.0006419431,0.006029201,143.5546875,metal,-43.716743,869.6273,82.74609,239.73512,-29.634932,256.4548,70.4197,128.54497,-21.612555,53.6098,31.165257,65.70286,2.078945,72.019325,28.88349,41.892548,-2.6835523,66.981606,19.90194,36.956585,-6.94059,37.48947,19.136198,35.53697,-7.3723607,29.841011,7.891117,24.587666,-13.863939,21.483196,4.059309,24.12518,-6.876037,23.823835,-1.7961832,39.25215,1.4668608,32.051884,4.539692,21.610466
metal.00009.wav,0.5270196,0.06073206,0.31272745,0.001043295,2250.890548724811,96743.2471901852,2390.1164654786567,25857.091106550524,5112.4440857500485,251321.56522934523,0.09467932166698917,0.0005542299892043826,6.9588814e-06,0.053799413,-0.0004038803,0.013956841,112.34714673913044,metal,3.642235,543.286,104.75209,191.40749,-0.8226449,114.82769,55.941105,222.23996,-29.222485,79.5774,31.255442,64.41057,-14.195287,61.718918,20.202589,50.212753,-8.280901,49.512726,15.181638,39.974464,-14.587307,22.929415,15.663606,28.181265,-12.990428,22.871689,15.283536,28.28838,-6.9285975,26.459728,9.860408,29.931112,-6.502115,21.45113,4.901696,19.94055,-0.77597106,19.205713,6.457592,18.538963
metal.00035.wav,0.5016604,0.0731353,0.27074897,0.003901575,2836.9479777958322,241251.26284664476,2339.345732778788,84494.12475165182,5615.124379444417,723365.5158861512,0.1628051379885836,0.003196517328266068,-1.7220622e-05,0.037899427,-0.0006523495,0.014038006,117.45383522727273,metal,13.472156,1898.1564,78.02858,345.8171,-32.999123,404.58957,55.550117,116.42526,-9.963229,58.13955,35.417408,78.70716,-17.641218,84.63051,29.057076,72.21222,-11.254932,71.58466,14.004886,86.27387,-10.102363,49.912933,16.52735,75.07988,-8.494954,33.724445,5.9217753,52.97613,-11.878571,34.74845,6.4486423,53.70201,-11.164233,29.872122,-0.1977011,57.663017,-2.188119,23.322262,1.3877146,28.931477
metal.00021.wav,0.52547175,0.06714677,0.108446255,0.00081156834,3046.7299311449274,160451.89404957343,2324.3903702115454,25345.563429503625,5735.348652464687,378422.4276155344,0.19161335381191952,0.002579178523456989,-0.0034124216,0.0051301904,-0.004268152,0.0029370943,107.666015625,metal,-76.28286,621.77014,61.76295,203.56404,-37.112747,146.98016,62.440014,111.371056,-14.831243,73.36346,34.567806,64.607994,-11.487005,86.035965,30.963097,34.61391,-12.278125,56.37093,22.313232,41.237972,-7.511117,47.203396,17.84716,28.937271,-11.126256,34.612694,10.237993,42.955223,-10.79403,51.18539,5.1591578,44.732628,-7.724808,44.041813,2.585732,47.459213,-3.0912778,50.094013,2.6671667,42.44202
metal.00020.wav,0.49589506,0.072881,0.1172756,0.00086676097,2658.2188462959766,189184.7553703641,2345.8279592545605,32715.15274000379,5358.7425964166505,591937.0875726296,0.152409131312887,0.0020698035529411467,-0.0025942482,0.0050434214,-0.0045395885,0.00393518,99.38401442307692,metal,-75.01831,1274.9359,81.17257,297.73956,-20.199926,109.26386,68.304726,96.284836,-11.342598,62.223114,23.670305,70.03415,-19.834023,57.6764,24.183435,34.35747,-13.177372,42.63241,22.286407,45.68505,-11.556872,44.7175,13.55321,32.949635,-15.058013,28.682426,3.302359,32.52796,-10.513962,28.323675,5.075372,27.718088,-10.686498,26.421457,3.8659294,25.607567,-4.944836,24.452467,3.2599394,25.160501
metal.00034.wav,0.40688816,0.08313783,0.09048659,0.0006158022,2707.5423665716194,441876.26873593027,2235.047516078008,71770.97928742359,5292.017999891157,982461.3808449585,0.16091248125483745,0.0033242669135089588,-5.7985897e-05,0.003621242,-0.0004279015,0.002183942,161.4990234375,metal,-104.68676,2872.8735,87.7357,796.7261,-33.242126,364.7826,48.456833,416.66666,-28.92499,162.9877,22.51373,129.59879,-24.994108,118.790825,20.534803,92.998726,-12.07721,81.19728,18.25662,97.59662,-15.190194,62.479733,10.294038,64.440025,-13.897689,90.398636,10.2869,88.10926,-4.6970434,169.50371,9.943592,86.68914,-5.620971,103.02083,4.7915606,81.07052,-11.678111,58.51795,2.9583418,57.08786
metal.00008.wav,0.46657756,0.08224979,0.05838335,0.00020330139,2964.5694774911976,850377.9205645133,2758.396868608587,282924.0389471962,6187.337586016109,3237992.3879182017,0.14055924076044893,0.005055631012843391,2.8135237e-06,0.0019554936,3.3193053e-05,0.0007985227,117.45383522727273,metal,-149.98433,1774.8568,67.907,739.066,-6.6888485,494.30414,32.084488,177.94403,6.0797987,170.418,12.23563,118.779144,9.134745,97.949615,10.182917,112.29867,3.7711072,65.4532,10.5964,81.30661,0.77275217,55.000313,7.715686,63.819187,-1.158373,52.17197,-3.3025763,36.79518,-7.533149,38.852894,0.41751122,45.340008,-4.005859,42.766785,1.260882,47.961086,1.4787947,45.41551,5.4820046,51.344917
metal.00030.wav,0.46229282,0.071374364,0.23020585,0.0018488421,1525.6954691515564,203556.82641148972,1868.4091444059857,136818.99152218827,3501.087162738245,1332688.7896526996,0.051203016157120744,0.000307142554563598,-1.4928427e-05,0.036046498,-5.1196916e-05,0.0043063774,129.19921875,metal,-77.45472,1189.3083,130.88896,510.26697,-23.287468,215.69403,61.99624,57.624565,0.90756875,80.196655,30.532888,47.501743,-8.75849,48.234833,19.443262,49.70768,-2.2276921,41.125496,13.108556,46.716133,-3.2997828,50.78349,8.935825,31.394924,-8.964679,41.544144,-0.35130328,43.67607,-6.036298,23.025496,-0.39818108,28.877125,-6.7897754,20.967491,-4.3958716,28.10513,0.9761338,25.984493,3.9791048,25.06775
metal.00024.wav,0.47880808,0.074171305,0.23138711,0.00082045735,2410.986411509784,211187.99313753922,2227.7060388833847,66098.01540200946,4950.420065487132,768715.0230649618,0.12833369110390866,0.00179068822795428,-2.8117709e-05,0.030051041,-7.690566e-05,0.008445542,112.34714673913044,metal,-16.706278,291.0187,94.11414,286.2477,-32.7863,205.98155,61.490444,190.4851,-10.101552,53.78246,34.223568,67.95496,-11.971187,73.26812,28.200222,50.48993,-15.321425,54.585236,19.32545,57.072247,-8.278708,49.043064,17.934834,40.390057,-7.455649,48.029285,12.818329,61.075985,-6.1901646,42.22662,6.3816876,45.81309,-6.894108,47.74714,4.45563,42.436516,-4.1618023,44.0449,4.225447,53.020874
metal.00018.wav,0.5555221,0.059562664,0.11838973,0.0001363599,2291.278829434468,130281.39711287818,1583.4318016750542,34393.92657093523,3884.9098418150156,310954.3093922958,0.1803178816756966,0.001585895169233647,7.3886736e-07,0.004635138,-2.6388117e-05,0.003813574,99.38401442307692,metal,-76.37207,661.8807,123.29144,736.1074,-89.89615,203.44565,76.44556,133.96536,-21.269108,129.01099,22.2958,71.12552,-13.650001,114.60082,14.64789,77.78151,-6.320443,100.92086,9.922285,54.770615,-3.9226875,77.95812,5.398593,55.249565,-2.4885116,48.178146,5.03836,29.37806,-2.9841642,40.000614,5.1122437,36.668125,-4.3798876,30.865767,-1.2858986,23.23918,3.0850468,27.216476,0.1766462,23.688488
metal.00019.wav,0.5551851,0.062262874,0.10085454,0.0009658687,2699.597527581128,214798.32380821498,2324.236570543931,56798.222871498736,5385.400768551664,764895.3800921518,0.16150658197078174,0.0022520719926059202,-0.0020259477,0.0031901496,-0.0037618417,0.003515484,112.34714673913044,metal,-89.329834,3151.094,82.35691,376.2288,-23.258312,210.27298,68.10751,139.55536,-13.08676,83.583786,22.4548,92.32698,-18.526537,62.219288,26.23265,50.887867,-14.358575,55.690693,21.504412,43.574768,-13.878504,36.754765,12.481539,35.505882,-14.122218,27.902163,3.753356,46.390774,-10.118068,36.30962,5.4011245,34.74996,-11.116164,23.180916,2.6867979,33.29428,-5.6887302,24.418348,3.0959978,25.064966
metal.00025.wav,0.46551076,0.075782515,0.10044173,0.00049646554,2384.8126098287535,268187.8646765937,2073.302486019001,117840.73061565301,4585.038941563467,1145360.1005086813,0.12610316793246903,0.002020023212075767,-0.00030896152,0.0057339496,-0.0015060265,0.002132719,135.99917763157896,metal,-120.12781,1962.8982,91.28767,491.55746,-38.79496,549.4977,75.003784,212.44254,-3.8060124,104.01515,22.66649,107.28263,-8.123723,84.96643,23.654572,67.326416,-14.638494,43.799572,13.365053,65.31107,-9.40564,45.22002,13.706509,31.98943,-9.3145075,40.1863,3.5835807,32.620167,-11.857464,40.15862,1.0247251,36.197514,-10.71396,37.53378,-3.241502,37.240097,-3.466504,41.59239,-4.5768414,36.274055
metal.00031.wav,0.4462239,0.074923865,0.22038391,0.001562729,2566.910608201603,167033.6756913747,2408.6174998051465,39813.29433661389,5444.5504108818695,578308.9769016582,0.12520937137190402,0.0018052974442794244,-1.1013723e-05,0.022144727,-7.667381e-05,0.012335498,135.99917763157896,metal,-12.502531,800.6484,91.33018,219.09561,-23.079102,163.11658,50.981163,163.98746,-12.106397,96.29491,30.916206,53.4867,-15.001935,110.27606,23.06173,52.93894,-14.281173,65.270645,23.065378,72.297806,-17.684673,52.432987,13.16198,40.94202,-15.200903,54.464123,3.9402604,39.827827,-9.093106,37.114017,5.5435486,39.554382,-9.840607,31.485373,5.6275406,32.466022,-7.0400934,28.375134,1.4170808,32.844257
metal.00027.wav,0.4749444,0.074997,0.1650778,0.00092311006,2398.4124612411983,78936.00688700464,2218.7767898774205,24044.359801072776,4866.8372375677245,371615.8668769109,0.12830912587074303,0.0008074613181905453,-0.0006097133,0.010137225,-0.0038789583,0.0070959716,129.19921875,metal,-36.462593,750.80426,94.796684,153.42575,-36.61026,95.33955,55.001995,119.49681,-8.23886,106.229996,29.6873,59.302757,-13.684501,61.234436,28.724903,50.39289,-11.995235,46.10198,19.366922,37.33427,-15.665719,32.715538,13.938667,27.872694,-11.981068,29.107754,7.540056,28.865053,-11.918596,32.96572,5.4808097,29.790634,-9.272307,37.216908,6.1842527,29.928116,-4.3013177,27.689417,1.8341254,26.434628
metal.00033.wav,0.48021376,0.07787146,0.2567308,0.0012553136,2029.8387796734644,323236.9094657839,1929.5737681834794,87706.20711345931,4223.366128549487,688726.0009193448,0.10000733177728328,0.0022916887545917225,6.299318e-07,0.042114664,-6.931979e-05,0.007250229,123.046875,metal,-35.73135,1939.9965,115.466896,789.96747,-40.631664,208.9482,75.38111,102.712326,-12.545452,101.054794,21.839254,75.27089,1.8210292,135.9373,15.605564,77.062294,-0.17317195,71.82928,10.234974,36.73254,-11.762732,25.762995,15.405225,30.005026,-12.471008,22.741152,4.6235504,23.922188,-2.470627,29.49398,-1.6684319,64.03783,-0.3332341,72.001015,-7.7724237,59.850716,0.9960804,52.73083,-4.1807895,21.50034
metal.00032.wav,0.43656766,0.07560259,0.13647573,0.0010111771,2502.5342481859757,194336.92364142998,2133.931627896007,76189.13517505747,4761.48787460091,873831.4545895352,0.14816085768188855,0.0015498047782064213,-0.0071126223,0.008421579,-0.0040867175,0.0043973415,117.45383522727273,metal,-61.907036,2137.0593,93.03636,321.4343,-39.96771,288.3659,56.147964,92.15985,-19.685198,53.805595,23.381887,78.62103,-7.6440945,103.55931,17.719402,48.31502,-19.306637,68.89366,17.783297,34.78579,-13.095866,47.971,14.301978,40.122223,-13.079706,43.438843,5.447866,41.18542,-10.795583,45.09259,3.7329986,35.00501,-10.746842,45.200466,1.273748,40.39676,-4.6123557,44.865803,0.33479154,33.540466
metal.00026.wav,0.48454973,0.07283456,0.13824102,0.00050120533,2871.3062606691374,62430.451355408484,2127.0201151316837,22540.187513260247,5187.1436340520995,101314.81381988116,0.19822933799342105,0.0018602342253615535,-0.004167601,0.008887718,-0.0044921665,0.0035569558,129.19921875,metal,-61.47552,530.86505,71.744484,143.44348,-46.288235,100.53908,75.442215,84.84091,-18.524563,48.474403,35.957085,45.36136,-12.68256,34.06258,28.374231,27.65976,-9.363221,45.6416,14.5109625,40.254787,-4.2694545,50.066883,11.870008,34.917667,-16.039183,48.73351,12.117884,75.84589,-16.081953,35.6027,2.3608215,31.876534,-8.121184,52.852444,-1.4349422,30.347475,-0.9419497,48.35097,0.81972945,42.102444
metal.00082.wav,0.5132023,0.06707645,0.13158989,0.0014904687,2378.392047570882,93989.82752676567,2092.439556858862,33297.42097203971,4748.562952756143,286562.1618157018,0.1413173616486068,0.0009847075399240792,-0.0025990745,0.0058543794,-0.0033653802,0.0063626906,123.046875,metal,-57.683388,776.1866,101.43232,209.4688,-41.485245,179.56683,55.13061,109.067375,-23.34928,64.20776,28.151102,58.04592,-12.139104,74.123146,18.150206,53.089165,-15.429839,79.82265,11.888646,49.502354,-10.803695,58.71507,9.394469,38.28772,-12.284428,44.16929,4.809484,29.024384,-12.406642,41.158688,5.4261503,35.87498,-8.844725,38.191284,0.0592812,31.344795,-3.1784744,30.752642,-3.3618436,31.928215
metal.00096.wav,0.5185317,0.07552474,0.18819803,0.003156918,2493.9383740127623,441597.8894024122,2286.39257382821,111416.1754403512,5105.485794492551,1248367.8855902802,0.12823996529121517,0.003555160428060399,-8.698007e-08,0.015174237,-6.4285494e-05,0.010784076,161.4990234375,metal,-51.584152,2995.672,86.15931,734.01843,-20.28268,663.57855,59.05158,447.62112,-10.889933,184.49985,27.533499,172.69962,-11.25417,92.38424,23.941713,61.68103,-11.55746,51.90307,13.293803,62.41896,-9.016419,45.698505,13.907335,41.972694,-10.740367,36.56313,8.386071,31.293682,-7.0909276,33.674652,8.215174,33.043957,-6.1754866,25.409521,3.802813,28.775263,-1.9112833,35.983288,0.8906286,22.345
metal.00069.wav,0.45407566,0.07993306,0.17355335,0.00061618665,1741.2304486142502,181827.50347083397,2098.637822048585,75478.55022637077,4110.21681274792,773588.2235046308,0.05379181380611455,0.0006750321156062516,-0.00040195152,0.019333363,-0.0031719215,0.0033691912,161.4990234375,metal,-111.631966,1574.5923,111.15152,353.06683,-10.673634,225.12186,69.67505,108.11893,-4.9124284,98.45801,29.834528,60.546688,-10.388692,78.053986,21.257767,43.15535,-6.6391087,58.859,20.084322,34.81554,-7.234053,38.058205,16.228865,48.50596,-10.11801,44.930885,5.317103,41.06274,-3.5098681,40.425755,1.3618947,34.987793,-4.7046037,52.17022,5.6378694,51.723316,1.5145243,66.19159,1.8745896,49.552704
metal.00041.wav,0.4568983,0.07600489,0.097560614,0.00036314517,2269.195809921602,135875.20866664083,1928.8258972738686,88507.05920307066,4186.549684506821,727045.3969380977,0.13738125544214397,0.0010832490031678463,-0.0015722858,0.0042266934,-0.0021898835,0.002530669,117.45383522727273,metal,-100.42865,1326.7156,104.687256,394.45532,-57.258133,329.56183,56.590782,112.82712,-5.5367737,93.249054,22.83633,101.34555,-6.167544,110.44964,23.090935,78.85139,-19.069187,50.178932,17.792307,52.14791,-13.767806,47.845207,9.958694,50.106625,-14.848816,48.826733,0.34489515,71.14591,-7.3256383,52.8889,6.9757853,40.829517,-12.664746,40.78082,-0.5581993,31.114014,-11.753996,37.46192,-1.5418612,30.359634
metal.00055.wav,0.4990352,0.07367648,0.23245998,0.0011277383,3108.6767565401215,107618.29606049614,2361.285861644137,46539.488386823046,5699.065538530379,404184.46855551837,0.19692586892898606,0.0011244361720643067,-9.554243e-06,0.024847435,-0.00022060299,0.0119843595,172.265625,metal,10.46768,483.54263,63.71505,178.46521,-28.434465,202.41469,62.601223,158.41827,-19.601042,91.483604,28.82345,73.32129,-15.230561,65.4652,19.297329,62.683624,-10.69957,52.48112,18.856491,59.36048,-12.71232,43.51728,18.030092,55.824154,-10.830204,44.38117,12.705911,50.284363,-6.121331,35.263733,9.256771,37.322132,-7.143946,30.05505,4.64053,35.2453,-6.5071797,44.408295,7.859061,33.443485
metal.00054.wav,0.51017773,0.072748214,0.20699105,0.00075013324,3114.329793935282,157465.57020434577,2411.5957201103197,37071.32570682283,5830.064746396091,462681.4044407761,0.19579171101006193,0.0016574434367089017,-2.6013713e-06,0.018976845,-0.00015862241,0.009343007,123.046875,metal,1.1746387,344.15643,66.648674,192.11873,-23.702898,166.80244,60.944363,94.78948,-18.885221,63.28703,29.745417,68.89446,-17.54929,64.83881,21.030996,45.727978,-11.191259,47.557724,18.808363,46.966324,-13.065931,37.984684,19.950945,41.03541,-10.563495,31.12731,10.513773,29.25421,-9.3363695,33.6197,8.415618,25.62163,-6.657996,27.819551,5.0049186,23.962906,-6.474301,24.626066,7.6110287,24.502287
metal.00040.wav,0.5092077,0.07525981,0.10460098,0.00056997366,2709.5400662447228,209630.5245615985,2194.487062440739,58487.53178207108,5081.527606031105,838230.3056275024,0.16644079249709753,0.0021440634812523868,-0.0012571603,0.0035885342,-0.0025045443,0.003726329,107.666015625,metal,-74.115524,799.12787,80.12189,283.2431,-46.98442,238.28467,51.01986,86.29495,-9.138492,65.80373,31.76564,88.912224,-6.376152,99.23911,24.85552,46.39313,-19.142609,63.453827,20.790123,46.13627,-11.669212,46.250416,13.848666,32.287266,-16.47486,35.21963,7.748832,33.358486,-10.6138525,29.52908,7.497552,30.361301,-10.351636,41.389267,4.983658,39.976044,-8.210215,40.262753,1.2308667,32.00763
metal.00068.wav,0.46307757,0.07652827,0.09832205,0.00102871,2302.7150351085147,207381.3022171473,2069.410699884745,69759.69215486763,4598.97219064435,742424.1307430033,0.13075015419407895,0.0017513805047024806,-0.0005528146,0.004155386,-0.0017173759,0.0029810865,161.4990234375,metal,-99.92597,3811.019,106.37655,493.12424,-40.69357,281.21997,52.71699,138.31941,-20.752644,223.55423,25.27852,106.97378,-11.834835,103.04233,22.090797,66.40504,-12.473096,75.09456,13.774301,56.844166,-14.384913,52.719517,15.974963,47.737774,-11.724976,41.027103,5.771152,35.759468,-9.157407,34.891724,3.6455305,36.950787,-8.888176,39.77163,2.3828778,35.980316,-3.6879458,35.239655,0.15610035,31.966467
metal.00097.wav,0.49188632,0.07378163,0.18607971,0.0027023994,1983.2971581753839,334827.86991786904,2112.1199113500784,65960.95989539234,4241.324353291892,1226111.3203114604,0.08620620585816563,0.0019873808282588217,8.602897e-06,0.016599545,-4.213816e-05,0.007831946,112.34714673913044,metal,-82.15792,5138.612,98.29185,300.6162,-16.522001,759.2351,68.44801,139.93806,1.4452631,88.583435,29.869274,50.128624,-5.2750893,71.08425,24.39949,64.17435,-10.475003,54.97493,14.404365,34.59993,-7.89216,56.467346,10.020229,39.606647,-8.503235,45.333725,6.668705,71.76999,-6.297929,41.720745,4.435781,38.530552,-7.250673,35.152977,2.3266814,32.86556,4.2457356,40.809605,1.1033678,38.196903
metal.00083.wav,0.45723015,0.07325223,0.20863253,0.0010678705,2340.7560584493326,295934.6996413058,2140.301219248904,90821.65574942544,4715.921483467976,1094603.4135146881,0.1229134668875774,0.002004792917882985,8.755137e-06,0.024363423,4.0106315e-06,0.0066547287,117.45383522727273,metal,-29.364521,995.2916,101.90519,659.71466,-29.13861,218.44168,69.73786,123.6511,-16.19941,61.330784,19.447557,51.054523,-18.348463,54.04024,19.076456,49.306206,-18.29892,49.77416,15.284218,54.32243,-8.25647,50.556755,2.497314,49.41659,-14.802311,30.62757,4.613596,25.624979,-12.252426,21.231754,5.274204,23.254093,-10.689712,22.983826,6.4197164,25.69818,-6.4118514,23.36103,-7.0120497,26.13461
metal.00095.wav,0.52922803,0.06891064,0.18551446,0.003769456,2445.203639101959,255955.0452472778,2330.736927615811,55763.98905679332,5191.393608353086,834564.9438444077,0.12103592722039473,0.002379462977603299,1.5146554e-06,0.014276294,-5.762176e-05,0.010774308,151.99908088235293,metal,-35.348392,1258.2979,94.13724,319.74536,-24.249739,196.59831,43.3057,120.49421,-16.374916,100.22214,29.515818,74.80499,-5.852855,63.41114,28.461887,48.621445,-13.956537,49.77636,13.738647,46.638943,-9.20102,42.31448,15.596586,32.810535,-8.491608,33.685028,11.409294,39.410988,-6.139506,36.445606,9.319452,32.04526,-6.614794,33.642227,3.5066886,48.336124,-3.2864223,37.835175,3.667304,31.656054
metal.00081.wav,0.517647,0.06229067,0.19039944,0.001110899,2138.2402467474144,96900.47587848903,1970.6705014339848,41440.26542216888,4201.149596223152,532710.6632874093,0.12199056997387771,0.0007733465608468499,-1.7400101e-06,0.018140974,-1.5840667e-05,0.007040028,151.99908088235293,metal,-19.135782,890.32294,118.842636,240.00871,-52.170376,134.3583,42.712044,47.0263,-21.5773,60.035133,27.695185,42.53454,-14.619277,46.740635,27.023914,33.6843,-17.138739,35.431683,18.976408,40.37825,-10.770826,28.37426,9.391385,44.438717,-4.661059,41.81374,1.0903964,47.373444,-5.0440955,32.80035,4.053998,28.958086,-6.41968,25.803986,1.9957601,29.133211,-5.504406,21.784609,0.4586855,25.262844
metal.00056.wav,0.46347606,0.08516046,0.24290091,0.0013558348,3010.8123920844464,124201.28752244686,2386.8322619411997,48874.381977853925,5633.407602221604,479597.4056265567,0.17932884759578174,0.0012221063143702255,-2.1247395e-05,0.027661743,-0.000120835815,0.013078262,107.666015625,metal,11.97404,399.64603,69.42492,202.25905,-23.266045,202.7854,60.70763,122.87618,-20.820644,82.787796,25.098286,62.18691,-16.195517,61.51519,15.557082,67.06451,-10.503491,55.629887,18.778439,64.4297,-13.387608,43.106903,17.373083,50.885696,-11.059947,36.211967,10.266618,41.30119,-8.716945,37.86546,8.182579,31.796137,-4.960778,32.37412,5.420798,30.749226,-5.496191,31.863844,9.081053,35.423527
metal.00042.wav,0.4366056,0.08138873,0.09364971,0.0003869849,2463.4494582050966,123198.55036766299,2037.300178784003,52832.67082522553,4547.580834734182,717111.2548570349,0.15180860584365324,0.0009852762375585082,-0.0015689462,0.004063776,-0.002146429,0.0021471388,129.19921875,metal,-93.59133,702.53015,89.89402,233.50388,-55.902695,155.30576,51.637325,55.601997,-5.558396,67.10329,28.777815,71.72194,-13.892873,57.128803,27.350773,55.19911,-15.316164,61.006687,22.829412,45.285973,-12.410712,39.789017,9.704986,34.07434,-19.730852,36.400814,-0.7791874,42.410217,-9.100343,48.63939,12.41412,43.070774,-5.453556,50.206028,4.238625,42.698856,-10.8701935,33.216908,-2.9501216,36.49132
metal.00043.wav,0.438512,0.0817636,0.09044781,0.0011157613,2683.329925042629,346296.0959604215,2126.7478903554274,167933.4169670934,4972.6949307940695,1549630.3515684328,0.17731298676954335,0.003956465298832015,-0.0016285165,0.0026848293,-0.0018853621,0.0033330328,95.703125,metal,-110.87448,4406.82,83.18676,609.08826,-45.257427,894.43555,56.596424,172.11963,-7.4923544,185.35922,19.979755,129.05728,-13.402861,165.31651,21.218973,85.45032,-15.71974,90.95458,18.087412,55.529594,-18.12701,44.14011,12.930389,38.70306,-17.24171,62.0794,3.3319187,58.056984,-7.5791416,70.79789,5.8677907,56.49321,-7.949427,94.66107,6.8205414,51.125473,-5.672731,63.340927,1.3515627,58.105953
metal.00057.wav,0.48765814,0.07623483,0.20718965,0.0014634973,2718.481020565502,244936.24852057442,2270.645535830712,97222.53721032395,5227.210058442579,991135.853646274,0.14377388496517027,0.001725120003467553,7.7605876e-08,0.0217113,-0.00013862633,0.010164169,129.19921875,metal,-24.911848,1509.6526,77.54363,428.3945,-30.417303,320.6555,68.36967,168.33322,-6.524643,88.05826,24.6945,72.62407,-9.805858,108.76046,19.518623,74.99451,-11.461867,68.78228,18.59208,57.39204,-14.161357,46.19127,14.448354,52.62654,-5.920214,52.97064,9.08153,36.731293,-7.6980925,38.97171,5.832566,33.669914,-6.617128,38.35309,2.292533,33.642883,-7.4986577,29.538881,5.7593102,31.71471
metal.00080.wav,0.49709386,0.07767838,0.13986295,0.0030359759,2848.182022368144,310412.30582840525,2497.656043493818,48575.68651851803,5930.589138538845,634603.3949097563,0.14412119956946595,0.0028593311064640655,-4.8101842e-06,0.010641517,3.04625e-05,0.004081909,161.4990234375,metal,-73.53079,2182.0383,74.63624,350.33383,-16.441614,236.33473,55.65842,126.70771,-7.735835,89.23231,36.544735,76.59155,-18.304749,62.158707,27.83494,46.90191,-11.930489,47.70711,20.062954,50.023033,-11.356052,54.085247,14.714357,35.63002,-7.2918735,53.66034,9.6061735,42.32607,-6.752446,36.41719,7.8925457,34.210392,-3.5827742,35.113136,2.666089,41.732197,-5.1028223,50.09724,3.0479605,45.748734
metal.00094.wav,0.40688816,0.08313783,0.09048659,0.0006158022,2707.5423665716194,441876.26873593027,2235.047516078008,71770.97928742359,5292.017999891157,982461.3808449585,0.16091248125483745,0.0033242669135089588,-5.7985897e-05,0.003621242,-0.0004279015,0.002183942,161.4990234375,metal,-104.68676,2872.8735,87.7357,796.7261,-33.242126,364.7826,48.456833,416.66666,-28.92499,162.9877,22.51373,129.59879,-24.994108,118.790825,20.534803,92.998726,-12.07721,81.19728,18.25662,97.59662,-15.190194,62.479733,10.294038,64.440025,-13.897689,90.398636,10.2869,88.10926,-4.6970434,169.50371,9.943592,86.68914,-5.620971,103.02083,4.7915606,81.07052,-11.678111,58.51795,2.9583418,57.08786
metal.00090.wav,0.42686749,0.08409879,0.14660068,0.0003731688,2141.7609290488185,225813.19974502132,2217.392132662726,63649.71490945222,4682.913349730312,806876.6786997227,0.08467824835526316,0.001783701832332925,3.8429425e-06,0.01458057,-1.403612e-05,0.0025863415,89.10290948275862,metal,-93.4888,904.3042,100.64778,375.59787,-23.36959,226.27405,52.49629,112.51434,-7.7495127,47.28264,39.58746,50.991352,-7.7753916,54.847576,26.730106,34.994774,-12.477862,48.891376,11.733406,45.010483,-10.55607,39.041214,23.026806,61.590122,-9.96186,59.87543,4.1548424,45.08428,-12.798698,44.45006,1.7885051,28.4548,-2.0170689,48.664227,1.9329511,57.928093,-9.061236,32.525246,-7.053524,46.1819
metal.00084.wav,0.48040015,0.07833899,0.22978404,0.0042124894,2522.6734734695337,236639.7175815076,2276.0092934078225,115811.37148523089,5089.835889125387,1025798.5109026476,0.13858495186726005,0.0021120754660702997,3.9901656e-06,0.021107595,-0.00026042963,0.01565469,151.99908088235293,metal,0.2972941,1926.7427,94.16096,408.5796,-32.3892,270.0331,45.45783,170.8298,-15.206421,138.93289,25.888224,97.13639,-12.4076,130.57497,19.625692,76.89503,-6.809362,70.13145,17.237934,66.51953,-12.993833,74.82334,13.681172,46.176937,-8.694563,60.13585,6.838666,40.30224,-8.357132,44.39012,4.9821687,37.6038,-4.3411765,40.757637,4.7893076,40.1204,-4.18103,35.448177,2.5486681,30.683146
metal.00053.wav,0.49260235,0.07813273,0.22735067,0.0019817129,2906.853705902094,119058.33316562166,2374.626222343484,46755.88294732669,5519.324958730408,445931.9811015536,0.17261573626160992,0.0011756399145412366,-1.083799e-05,0.022377683,-0.00016272144,0.012232219,123.046875,metal,4.940334,341.3379,75.07084,171.29626,-24.737082,167.08052,57.010853,114.87892,-21.78284,78.41094,26.048834,68.73311,-12.566026,71.2223,17.441984,45.753887,-10.24325,55.142536,18.605541,42.173508,-13.024874,50.96819,18.953098,40.946617,-9.70242,43.54133,11.359749,37.247795,-7.2705593,33.735416,7.7291527,26.842674,-5.3974466,26.734732,3.4073262,24.374945,-6.935817,29.735035,6.544121,26.905846
metal.00047.wav,0.4310416,0.08159624,0.21744712,0.0012306115,2908.260266485554,153931.7468418328,2286.246871539177,60726.12195122816,5405.6423128204815,623716.7365704216,0.17811948227070434,0.0017584848911429117,1.4312946e-05,0.02061231,-0.00015548544,0.011540274,103.359375,metal,-1.9254102,478.04028,72.69556,305.591,-32.789642,242.99472,63.592033,111.34924,-18.557953,69.73463,25.872955,64.05138,-13.854105,79.369095,18.064384,55.42026,-11.945406,54.418766,19.657593,47.055138,-13.961472,45.146095,18.737663,51.979164,-11.190176,39.0575,7.9533334,38.65387,-10.283534,39.081566,5.310404,33.890274,-9.025781,37.61674,4.3153214,35.090958,-5.6433825,49.680824,8.725261,47.78413
metal.00046.wav,0.4825492,0.07516629,0.21233073,0.00056673563,2795.674674132254,95549.39829518597,2321.7588424214864,28393.214848791344,5455.575344215606,298889.860505214,0.16373219209558823,0.0009372649112917475,-1.9649742e-06,0.021064045,-7.0507835e-05,0.008922947,117.45383522727273,metal,0.37349707,336.46347,79.70633,185.08647,-30.638968,107.05498,61.07577,95.96699,-17.464642,51.22368,26.695745,60.74936,-21.258287,48.39788,22.35319,30.377449,-13.023766,38.188526,17.867393,32.30837,-13.381073,28.53245,19.257633,29.053225,-10.976209,27.899725,10.706493,31.630058,-9.433652,34.28867,7.660083,32.509285,-8.689539,25.634947,3.1708357,25.686275,-6.8286395,26.304167,3.8781016,25.457785
metal.00052.wav,0.5338851,0.06946965,0.2398198,0.0027638644,2716.8331745213422,259031.6681067301,2208.6739200618445,126590.57100370873,5122.777356599507,1031223.2288390613,0.16221897373258515,0.002072458833201519,1.5620166e-05,0.02216115,-0.00025588414,0.017087342,161.4990234375,metal,4.007581,2089.168,83.274345,522.2344,-37.258846,431.50943,62.334545,274.6604,-14.855903,143.83887,23.4053,101.34187,-10.465684,96.362404,16.790583,83.89431,-7.9484053,79.728546,16.29695,68.78427,-11.256233,53.99524,13.319225,54.88406,-7.8180065,45.66442,6.4232235,45.808296,-5.477012,43.02208,4.675414,36.755085,-5.141711,36.405045,3.0196288,32.16031,-2.7726502,28.12853,3.8143518,28.162449
metal.00085.wav,0.4410491,0.0767396,0.1519097,0.0021575158,2647.051996452653,184703.82154318856,2256.5629950023,59206.75920280773,5304.93458845298,541389.1570123191,0.15778135884287925,0.0015519093479475002,1.5946978e-07,0.009611357,-0.00016524385,0.00704232,103.359375,metal,-46.61735,1524.1945,86.81587,401.50388,-34.77483,233.54494,49.901302,136.76012,-18.18641,81.57758,28.723978,60.243282,-23.486286,92.20362,15.659389,72.53303,-8.936177,128.35205,10.598558,78.85869,-18.183575,62.970455,12.44495,52.671112,-13.5549555,43.1916,4.67121,48.217087,-11.670172,53.138878,5.325438,64.40443,-13.545012,54.932686,1.3799646,46.238777,-4.7241096,65.41463,-3.12482,64.2667
metal.00091.wav,0.3801836,0.08266938,0.11596696,0.0010495097,2323.780312899506,216469.84630538564,2263.9213905015763,41997.69911033938,5018.994650825996,575547.5057843464,0.12008733129353716,0.002135589796231746,-0.0020618164,0.007910457,-0.0021217228,0.0025753682,92.28515625,metal,-96.65606,1747.5922,101.72485,369.70157,-16.843752,273.54108,47.311695,115.1554,-27.08291,101.961945,28.27573,90.829994,-17.200556,62.472233,21.652477,41.560467,-17.890528,51.354115,7.0187664,52.593884,-14.618829,73.51695,15.222269,45.381626,-16.005714,46.006622,3.4892616,62.682274,-13.510425,48.46068,0.34644547,46.556686,-9.604607,52.549664,2.957613,61.362144,-7.067704,37.96606,-3.1289787,37.777874
metal.00087.wav,0.51678914,0.07227536,0.26716456,0.0011552485,3338.669549044171,172061.89675792106,2697.044970656925,45800.42344957633,6670.7596628289475,355943.93363177864,0.18681330725135448,0.0018600191619663152,1.1046764e-07,0.0311686,-0.0002999628,0.016675558,95.703125,metal,22.813816,744.6243,60.81909,261.86386,-6.410773,264.92755,53.192284,234.74352,-13.250526,160.90004,27.924463,98.61403,-14.319426,107.0673,29.69412,122.686714,-17.342934,72.227806,20.313677,86.40381,-9.7461605,73.362625,17.133959,61.946953,-8.26537,46.184704,8.699249,43.805103,-10.187819,42.6884,8.035244,37.283413,-8.118927,33.93699,4.91807,42.031387,-2.4821694,35.174885,3.2020516,36.408867
metal.00093.wav,0.4443258,0.08139349,0.09202425,0.00042428225,2644.8797461791337,86278.21192987017,2268.0800473393033,14154.525966132778,5176.952029012674,127461.4860110037,0.14164653577302633,0.0015874846504704658,-0.00034377148,0.0042055496,-0.0014436735,0.0020634613,172.265625,metal,-104.97826,464.92072,80.70867,145.48364,-28.533834,97.52757,66.800766,68.6053,-20.704027,78.94523,29.11902,43.1627,-9.355721,69.14028,22.353577,46.008083,-12.043808,41.73477,13.592497,24.046932,-14.734194,24.24108,11.049198,29.38895,-15.269818,19.787842,5.3051586,25.450542,-14.498409,27.826248,4.748712,18.567244,-11.4545145,19.518915,-0.11827035,25.202188,-6.5025268,20.140001,-2.673578,18.765015
metal.00044.wav,0.4696017,0.073288955,0.0953466,0.00058949244,2760.342381683784,214101.65421319127,2242.7379917564763,77005.50192312647,5260.1848590484715,972386.8765725137,0.17124877551760836,0.0016628193568657284,-0.0015439496,0.0038799632,-0.002311828,0.002460463,117.45383522727273,metal,-86.27023,882.6579,76.75911,385.97882,-42.356274,286.5701,53.999104,96.80403,-8.330258,77.02641,29.407862,83.1621,-7.9087305,101.88434,26.661465,56.011604,-14.234941,79.48679,18.466795,45.463047,-17.955868,41.12521,9.869916,32.7726,-19.038649,37.8534,6.477254,50.640987,-8.355194,44.394554,4.8816915,35.84004,-11.782924,49.36743,1.6698998,37.643696,-10.605783,39.02405,-3.7786944,36.215202
metal.00050.wav,0.502444,0.07168056,0.2489358,0.0012900903,2987.2017926625704,105400.66998581697,2408.7557346459994,56762.68326703309,5629.0576285253,518426.29937245365,0.17751366582817338,0.000860288051770531,-8.40888e-06,0.028053967,-0.00019953154,0.013287667,112.34714673913044,metal,16.498144,417.42056,71.17403,176.33025,-22.343836,190.19273,60.273594,125.35962,-18.556435,94.682076,27.622684,67.69976,-12.409244,79.52042,16.955914,54.002068,-8.73399,61.180027,17.861544,51.58509,-13.475232,54.544147,18.930727,50.117035,-11.024661,46.440674,9.911685,35.78847,-7.3751435,34.080437,6.735554,34.0339,-5.9556894,30.626778,3.81493,31.712894,-6.191192,24.987001,7.1693306,26.48628
metal.00078.wav,0.53359133,0.0693872,0.26945254,0.001746014,2815.480455068502,364008.76773318305,2548.1294283251427,103471.3962140755,5898.380999963719,1238883.3825158344,0.13186541577979877,0.002148736610320639,-1.2171947e-05,0.03601908,-0.00030966318,0.013809546,99.38401442307692,metal,-1.6504898,1262.7743,73.40672,422.39386,-15.8976755,294.85226,55.80285,214.60754,-1.9217752,100.85595,34.024567,120.99001,-8.33632,103.38372,32.767876,97.22856,-9.721337,79.19045,20.836998,55.633224,-9.041395,55.039837,13.956027,56.63674,-9.598967,46.80709,4.965141,35.96723,-6.625369,37.861156,6.481497,32.90079,-6.449592,26.772364,2.2325191,27.620813,-3.009212,28.84562,1.9899175,21.426376
metal.00079.wav,0.47251746,0.07241466,0.12730838,0.0017686666,2710.046718960874,247435.14224383765,2264.0402290649054,67806.2736753366,5322.6094815753195,786877.4088994841,0.14390615929760062,0.001989545573530444,7.77697e-07,0.008366795,6.8541456e-05,0.004296027,123.046875,metal,-74.930435,1560.1771,79.14186,414.20435,-40.91249,267.0216,54.720623,87.80181,-9.683361,107.45862,37.261475,79.82966,-14.976005,77.04989,20.937372,69.59661,-17.431295,55.07856,16.582232,53.266884,-11.095817,51.232952,15.470192,52.265503,-11.143389,44.552677,10.473645,62.597767,-6.3828206,44.59589,5.5478888,56.512615,-7.29011,46.113686,2.9126554,58.223938,-0.56903315,58.303974,-2.834362,35.26378
metal.00051.wav,0.5169347,0.07205943,0.22617772,0.0012571989,3401.339372945473,181465.7076453292,2458.6986699147983,49243.75576734877,6163.937727511851,476601.8174100461,0.2284702738003096,0.002373763439915343,-2.2519354e-05,0.02404555,-0.00034570546,0.010862808,107.666015625,metal,9.626442,458.45172,54.66245,258.61426,-21.025986,220.9918,60.160816,149.16455,-21.065937,87.006454,32.14062,81.53941,-15.826892,71.63554,21.457956,74.010376,-8.718101,48.509388,19.355715,74.96888,-12.387802,43.608402,19.743502,68.2485,-10.803767,48.98341,12.307345,49.502884,-8.376524,31.580671,8.23457,44.962124,-7.0850525,29.8991,4.327325,35.900463,-7.3343887,26.685915,6.029405,31.42709
metal.00045.wav,0.4301721,0.08106642,0.08803666,0.0009986688,2389.4350405557316,365909.130350383,2027.2831976394784,119118.41853129426,4448.281435184065,1235295.8447221103,0.1442818184017028,0.003863489083147125,-0.0015433138,0.0037075572,-0.0016702645,0.002458244,61.5234375,metal,-135.51762,5770.8105,93.37061,724.28613,-43.314274,711.57855,59.227753,223.7648,-8.516594,134.4673,20.944653,137.84119,-6.5328155,158.80609,21.889866,93.26885,-18.970129,81.53311,17.05032,74.41939,-15.884877,74.787186,11.082778,46.71274,-18.48888,59.594433,-0.826837,72.13592,-5.6172304,88.43359,4.6652665,80.20433,-8.734545,109.51085,2.1139977,101.82122,-8.564519,85.01007,0.21051928,51.834282
metal.00092.wav,0.34193185,0.08926365,0.16628256,0.0014251227,2090.4594584373685,171187.42058165645,2065.2601325757073,72685.74633878552,4393.290101042473,706777.4526788109,0.09332936762287151,0.0010920896250515891,-1.4466912e-06,0.016907455,-1.9020836e-05,0.0051101698,117.45383522727273,metal,-67.89626,780.34344,108.934105,333.6162,-33.84926,263.19998,50.502457,191.46283,-21.373014,103.4095,21.500319,96.894424,-14.890105,110.94128,11.634114,72.37551,-19.267109,58.330326,10.540525,54.14888,-13.92236,48.573105,5.5628266,45.214027,-14.436232,38.533195,1.9926131,37.1674,-14.666116,37.561787,-3.0274563,44.936993,-13.955391,40.92589,-2.0799775,41.826794,-9.063074,43.027744,-7.5461564,50.157898
metal.00086.wav,0.43421623,0.080382265,0.08828784,0.00034112614,2629.0107378061284,215191.19275058678,2248.2361500739767,60133.426287693415,5189.310287617309,713369.584552353,0.15904401182759287,0.002136367992517753,-0.0011390621,0.0034971426,-0.0021139416,0.001885016,123.046875,metal,-96.304504,1245.6406,90.98215,295.69016,-32.244606,319.8936,54.340145,125.71121,-23.049862,126.8904,27.707537,100.27828,-16.94906,89.71995,21.061527,57.43831,-18.193655,49.613586,22.608337,68.71789,-9.001288,48.1254,14.27406,48.61179,-11.000206,47.601616,10.09328,44.661407,-11.180352,38.76729,5.7860255,52.08825,-9.896402,31.469267,4.399218,33.574127,-6.9783983,52.936474,1.2410431,37.267197
metal.00048.wav,0.4770043,0.06536938,0.22445607,0.0010230746,2889.2745891447994,83711.23508242508,2337.500799495277,39804.617163514406,5485.266831341912,397449.5538948685,0.17660928732101394,0.0007743502285883412,-1.4381576e-05,0.024402084,-0.00013086943,0.010212816,107.666015625,metal,9.612599,430.2054,76.345825,156.61674,-31.275438,143.66576,56.887745,113.633766,-20.73966,82.81637,27.254444,61.37644,-16.64428,63.807644,19.372133,54.637577,-13.922549,47.69417,19.66951,41.711834,-16.064047,40.963245,17.490234,44.941273,-12.959961,33.580315,11.716283,29.949709,-11.183552,34.98136,5.478863,29.635738,-8.587833,25.813131,4.1037006,28.94523,-4.4196367,32.338978,8.829624,30.212576
metal.00060.wav,0.5405549,0.059538614,0.12572911,0.0006386973,2315.8697989887996,114885.9845857778,2066.663280190379,37140.39730671787,4616.630417200803,420387.40058721043,0.13954412974071206,0.0016117208587583887,-3.930238e-05,0.0065891235,-0.0010142148,0.0034039607,89.10290948275862,metal,-58.221924,567.709,105.824524,208.06816,-43.90767,197.63237,58.441563,48.51888,-18.440866,56.263462,27.96586,51.639755,-17.969337,37.596973,21.04812,37.964405,-15.5502615,34.502213,13.395051,31.051912,-15.685904,24.733845,9.364441,26.559267,-15.323451,32.2108,1.5323159,24.825788,-5.9749947,31.865301,2.051745,21.803364,-6.8151,24.92222,4.210942,15.395742,-3.407656,20.35359,1.7647107,17.420677
metal.00074.wav,0.48351958,0.07601756,0.040842734,7.880122e-05,2723.644292308424,373261.53162510146,2399.629391000355,74536.26754100273,5495.000105819466,837934.2928879658,0.13497272881191952,0.0033537281494324177,1.6458307e-07,0.00090589974,-1.1591848e-06,0.0003421595,123.046875,metal,-201.17038,1526.2208,76.82515,508.67426,-14.830626,254.88144,68.75314,282.5474,-12.95295,105.08213,36.95549,91.075005,-10.98254,89.92876,23.685736,84.678474,-12.256573,65.840195,16.672417,40.114964,-11.068587,67.61318,15.556435,41.651085,-11.184572,28.679459,10.567687,39.48971,-3.8928819,41.4835,7.0718303,32.164272,-9.825485,35.313534,2.655147,32.581,-9.00015,37.914886,-2.2275777,29.067667
metal.00075.wav,0.4483327,0.076498926,0.24473605,0.0065962174,2068.684393029252,389636.00602660945,2199.3695655238553,155857.1775066414,4439.356489151993,1839310.2427623882,0.08889326443982198,0.001546227030528123,-2.152378e-05,0.040458072,-0.00010588697,0.008338555,112.34714673913044,metal,-40.462826,3284.965,105.28377,599.6939,-14.121419,475.69336,54.854095,156.1101,-1.184733,120.54257,20.07817,120.64504,-11.68658,71.34176,22.177694,111.74614,-10.237689,46.171738,14.195452,63.10084,-6.912577,51.11235,13.34514,40.493973,-9.254659,41.178486,6.935655,39.420425,-4.394074,36.52475,7.80383,29.88092,-7.623223,32.483032,0.6606221,29.780144,-3.9646745,31.544954,-0.0010193627,28.070301
metal.00061.wav,0.5092077,0.07525981,0.10460098,0.00056997366,2709.5400662447228,209630.5245615985,2194.487062440739,58487.53178207108,5081.527606031105,838230.3056275024,0.16644079249709753,0.0021440634812523868,-0.0012571603,0.0035885342,-0.0025045443,0.003726329,107.666015625,metal,-74.115524,799.12787,80.12189,283.2431,-46.98442,238.28467,51.01986,86.29495,-9.138492,65.80373,31.76564,88.912224,-6.376152,99.23911,24.85552,46.39313,-19.142609,63.453827,20.790123,46.13627,-11.669212,46.250416,13.848666,32.287266,-16.47486,35.21963,7.748832,33.358486,-10.6138525,29.52908,7.497552,30.361301,-10.351636,41.389267,4.983658,39.976044,-8.210215,40.262753,1.2308667,32.00763
metal.00049.wav,0.5244219,0.06394026,0.21750559,0.00065613963,2980.160116271462,87008.7370177095,2297.409233507639,36660.85679958223,5461.808639857053,350032.03255946434,0.19402490385545665,0.0007612544227214767,6.9670755e-06,0.021084307,-0.00011303209,0.009911169,99.38401442307692,metal,10.011059,257.37408,74.12018,164.56052,-32.23159,171.79153,62.772324,101.60262,-23.32492,60.72874,30.028404,61.78287,-14.876241,60.849712,20.153131,40.602833,-12.141148,40.273872,19.180307,40.243008,-14.977439,36.708904,18.800049,43.928474,-12.278636,30.769375,11.281032,30.124886,-9.482024,26.230625,7.924271,26.659721,-5.6097245,23.859276,4.6561403,21.434282,-5.2802196,20.14976,6.826087,26.540592
metal.00088.wav,0.42164204,0.087869555,0.13326412,0.003352535,1988.109763779383,337751.68982114753,1986.9871058028693,136581.76719248947,4148.1665832708495,1330505.15939434,0.09242007606907894,0.0021232322929191807,-0.0019273681,0.007009745,-0.0035058786,0.0074168653,117.45383522727273,metal,-129.72392,4859.767,104.0453,751.20667,-26.971245,687.1215,68.268524,150.62405,2.4256184,283.39343,22.6046,190.10986,-12.102456,187.89748,17.058987,86.87335,-5.6731367,109.683266,13.67059,84.748695,-2.8124678,88.14283,5.375527,71.38828,-3.007236,91.17927,2.9793866,50.84131,-5.830591,53.183666,3.9462996,51.027954,-5.9979544,56.404377,-1.9706922,40.92679,2.3825228,60.132454,-3.8564756,46.576557
metal.00077.wav,0.44094372,0.07813413,0.14909758,0.0006267868,2741.086952229798,123172.13427057721,2302.147296184746,42686.0363011596,5409.3672902960525,408390.4243563526,0.15998467129450464,0.0012062150382944415,-3.3353278e-06,0.010491116,-0.000120040546,0.0042939982,151.99908088235293,metal,-42.02993,531.7555,86.998,199.01785,-27.519882,232.345,62.60779,141.81532,-27.02055,109.68109,32.348595,72.51062,-18.955395,82.72287,22.138983,32.205887,-14.33114,49.710438,19.516882,48.746212,-10.970767,45.126434,16.759539,57.82683,-12.39556,60.239048,10.520514,52.358566,-6.721216,56.91668,6.5170836,42.237278,-9.209883,42.510986,6.5711613,44.031197,-5.7864056,32.901432,1.3288357,39.501667
metal.00063.wav,0.4366056,0.08138873,0.09364971,0.0003869849,2463.4494582050966,123198.55036766299,2037.300178784003,52832.67082522553,4547.580834734182,717111.2548570349,0.15180860584365324,0.0009852762375585082,-0.0015689462,0.004063776,-0.002146429,0.0021471388,129.19921875,metal,-93.59133,702.53015,89.89402,233.50388,-55.902695,155.30576,51.637325,55.601997,-5.558396,67.10329,28.777815,71.72194,-13.892873,57.128803,27.350773,55.19911,-15.316164,61.006687,22.829412,45.285973,-12.410712,39.789017,9.704986,34.07434,-19.730852,36.400814,-0.7791874,42.410217,-9.100343,48.63939,12.41412,43.070774,-5.453556,50.206028,4.238625,42.698856,-10.8701935,33.216908,-2.9501216,36.49132
metal.00062.wav,0.4568983,0.07600489,0.097560614,0.00036314517,2269.195809921602,135875.20866664083,1928.8258972738686,88507.05920307066,4186.549684506821,727045.3969380977,0.13738125544214397,0.0010832490031678463,-0.0015722858,0.0042266934,-0.0021898835,0.002530669,117.45383522727273,metal,-100.42865,1326.7156,104.687256,394.45532,-57.258133,329.56183,56.590782,112.82712,-5.5367737,93.249054,22.83633,101.34555,-6.167544,110.44964,23.090935,78.85139,-19.069187,50.178932,17.792307,52.14791,-13.767806,47.845207,9.958694,50.106625,-14.848816,48.826733,0.34489515,71.14591,-7.3256383,52.8889,6.9757853,40.829517,-12.664746,40.78082,-0.5581993,31.114014,-11.753996,37.46192,-1.5418612,30.359634
metal.00076.wav,0.4958897,0.07446562,0.09692568,0.0014539538,2792.6902805308296,189285.836623862,2250.775398105747,96959.75420770804,5321.717820300406,729664.0181163362,0.16254058932372292,0.002869091047252882,-1.8930259e-06,0.0037189515,-6.887622e-05,0.003327736,143.5546875,metal,-100.87204,1566.3405,76.131744,261.48138,-29.540949,494.28677,69.70769,55.96844,-17.339687,100.67332,21.392006,107.15405,-12.921216,53.582417,22.004938,100.949036,-9.841376,52.744926,18.424263,82.36382,-12.037167,38.280766,8.98118,78.862785,-20.874262,26.816385,-2.6910977,46.563732,-9.629926,29.745506,2.931675,43.05419,-7.5035872,29.281797,0.5312702,47.21277,-4.969364,22.685638,-3.1851037,40.26681
metal.00089.wav,0.4559516,0.090781085,0.26598838,0.004179629,1443.9436096106103,147845.4445520432,1726.935516744757,54417.44009149613,3286.646792763158,494188.5567340786,0.046570013182082044,0.0007001864536086292,-3.6318095e-06,0.05745202,-3.0139352e-06,0.0053727003,151.99908088235293,metal,-90.7047,2115.0364,128.03145,208.79166,-34.762016,161.80316,73.75541,95.3779,4.3358192,107.436264,28.097118,35.010612,-0.528384,56.687344,17.356289,44.02188,4.38969,99.04557,12.314994,43.61128,2.2703788,53.756035,5.679951,53.5457,-6.7684245,35.611317,-0.4774752,38.37436,-0.2847348,27.358595,5.875542,30.098352,-3.9548364,21.223467,-1.292345,31.995628,3.5097077,30.342386,-1.2530525,17.6388
metal.00099.wav,0.5163209,0.07512528,0.170098,0.0037623958,2375.5535392574907,317152.9865744242,2231.7505281706153,68057.84904815693,4898.312047243857,958584.9634201351,0.1080065275493421,0.003198826399944263,-6.111648e-06,0.013666151,-1.6381671e-05,0.008582148,143.5546875,metal,-66.66679,2115.242,88.367165,422.34656,-27.544342,410.17487,53.177696,192.7221,-9.20226,164.87744,27.959316,121.80826,-8.114095,110.157326,26.28682,66.85913,-8.239136,68.70596,12.685691,68.65272,-7.13096,54.97418,13.688374,52.905136,-8.364938,36.351078,7.9673624,39.38123,-6.2975745,41.497036,8.121079,49.32867,-4.975645,32.405636,6.1613226,37.851425,0.3644441,53.13644,2.6937668,34.70607
metal.00072.wav,0.44523817,0.08044346,0.19427228,0.00076955155,2340.0309695596898,123745.27543760753,2151.9911700360217,27095.00291826184,4708.263196443257,337705.5755216026,0.11682733588912539,0.0015405453491243387,-8.607171e-05,0.019450746,-0.0021215468,0.0057275193,123.046875,metal,-35.211857,373.91983,93.95566,236.71101,-35.184963,129.1498,62.78997,99.82874,-11.732125,49.944046,26.993427,35.046543,-10.765925,48.82135,24.075377,30.77773,-13.050642,38.951633,13.60035,40.89016,-12.423316,35.831196,13.567939,31.97505,-12.25336,33.9824,5.923869,27.822798,-11.990138,25.603489,3.3103526,28.938885,-11.968026,36.868843,-1.3697472,39.762848,-2.4044914,45.6208,-2.6268032,37.680668
metal.00066.wav,0.4301721,0.08106642,0.08803666,0.0009986688,2389.4350405557316,365909.130350383,2027.2831976394784,119118.41853129426,4448.281435184065,1235295.8447221103,0.1442818184017028,0.003863489083147125,-0.0015433138,0.0037075572,-0.0016702645,0.002458244,61.5234375,metal,-135.51762,5770.8105,93.37061,724.28613,-43.314274,711.57855,59.227753,223.7648,-8.516594,134.4673,20.944653,137.84119,-6.5328155,158.80609,21.889866,93.26885,-18.970129,81.53311,17.05032,74.41939,-15.884877,74.787186,11.082778,46.71274,-18.48888,59.594433,-0.826837,72.13592,-5.6172304,88.43359,4.6652665,80.20433,-8.734545,109.51085,2.1139977,101.82122,-8.564519,85.01007,0.21051928,51.834282
metal.00067.wav,0.4691472,0.07405647,0.13624883,0.001425834,2254.451747982022,181597.30322357907,2070.908728642475,65583.04713694571,4381.173507643189,681615.2705953872,0.12015875943304953,0.0014756937578135826,-0.0018797407,0.007578195,-0.0039693844,0.0064971456,135.99917763157896,metal,-82.50126,1496.5262,97.34412,323.4451,-34.373585,303.69992,71.40592,188.71167,-3.2831826,86.04213,17.367373,84.59978,-9.023832,84.96792,16.011179,58.4565,-19.003857,60.743748,12.078761,45.945126,-9.568192,54.488487,13.949616,56.961063,-14.460563,49.960754,7.954933,60.28835,-7.123618,42.40563,5.177264,38.015522,-7.2045445,44.405266,0.6676064,42.66763,-4.8388996,40.49593,-2.1070077,28.791403
metal.00073.wav,0.42996472,0.07912861,0.2933537,0.002223244,2642.032925778633,290606.52756461257,2461.1191861458697,106412.79851515414,5566.866337920859,1227904.5366802823,0.12134280367163312,0.0018304200492028934,-2.3169403e-06,0.046585012,-0.00023261299,0.0155247245,143.5546875,metal,2.7658198,1024.8754,77.069046,421.3556,-17.562172,270.09998,57.969265,207.20966,0.73400044,145.74129,28.834631,121.90516,-7.8623486,92.00878,27.62109,81.33438,-13.553445,61.203217,17.290194,62.438988,-7.5781507,54.561325,13.043516,52.814,-8.747499,47.557343,6.2662,37.248257,-8.75173,37.161694,5.6346817,41.405113,-10.762566,42.85494,1.7315366,39.189877,-7.0443187,38.914696,-1.6029269,35.79414
metal.00098.wav,0.5105759,0.077138,0.13900022,0.004485214,2241.4549321413824,392405.1327360083,2115.725579999044,128564.68929554665,4490.681178798616,1579289.3706570645,0.11576498403637771,0.0036703581210300418,-5.504971e-06,0.008034497,-2.1344977e-05,0.008156105,151.99908088235293,metal,-95.3391,6463.836,92.06636,432.60745,-28.061176,992.8658,52.796284,93.9878,-3.018975,136.9691,25.395771,124.23902,-6.135991,125.42006,20.098091,86.01937,-10.223874,67.70801,12.411142,70.25103,-8.270396,47.19829,11.693288,42.45145,-9.268385,54.161903,2.805844,42.54913,-4.433479,36.231007,5.498817,27.065681,-6.2805414,37.113407,3.8303192,32.948627,-0.4240159,49.875286,4.660675,24.271252
metal.00065.wav,0.4696017,0.073288955,0.0953466,0.00058949244,2760.342381683784,214101.65421319127,2242.7379917564763,77005.50192312647,5260.1848590484715,972386.8765725137,0.17124877551760836,0.0016628193568657284,-0.0015439496,0.0038799632,-0.002311828,0.002460463,117.45383522727273,metal,-86.27023,882.6579,76.75911,385.97882,-42.356274,286.5701,53.999104,96.80403,-8.330258,77.02641,29.407862,83.1621,-7.9087305,101.88434,26.661465,56.011604,-14.234941,79.48679,18.466795,45.463047,-17.955868,41.12521,9.869916,32.7726,-19.038649,37.8534,6.477254,50.640987,-8.355194,44.394554,4.8816915,35.84004,-11.782924,49.36743,1.6698998,37.643696,-10.605783,39.02405,-3.7786944,36.215202
metal.00071.wav,0.47982642,0.079777986,0.11531483,0.0019280317,2808.0046134374647,258539.53178358707,2407.491842048223,43928.96122771561,5674.13235596459,632879.7844352484,0.15380519241002322,0.0029857584819901655,-0.001142327,0.0065108114,-0.0028034213,0.0033763752,86.1328125,metal,-78.646675,4104.137,80.88038,364.39185,-24.589212,219.17627,47.02528,135.3393,-23.75068,101.02914,27.423235,71.32186,-17.429619,87.622856,22.271524,73.80992,-13.534701,51.2649,21.57405,78.88773,-11.100493,53.496304,15.586865,38.033413,-9.705412,54.17979,10.519357,35.731327,-8.843406,34.44262,6.2142015,33.457047,-4.767707,35.49962,4.531236,24.517086,-3.4288983,34.249557,3.1645641,29.710962
metal.00059.wav,0.4676862,0.07409038,0.18227965,0.00090506644,2442.6700033077755,87543.39587908107,2102.978887667062,30214.720783010147,4728.971404556889,370541.11931909755,0.14985396913699692,0.0010819474460328417,-2.5842219e-05,0.015871756,-0.0010975978,0.006080459,99.38401442307692,metal,-15.622626,360.72382,99.13169,164.11603,-45.62269,135.6158,55.021473,70.53383,-18.016518,29.977802,23.8905,45.21377,-19.60334,36.04484,27.33491,39.762714,-15.09996,30.743355,18.792261,31.795427,-16.151487,23.02699,9.21564,46.491226,-16.218187,24.973248,5.4411445,30.965908,-4.6560435,33.010414,6.2786555,57.74125,-4.701227,40.020306,7.4452233,27.72167,-5.8759637,29.018223,-0.6940044,29.999834
metal.00058.wav,0.46137363,0.07914137,0.18442486,0.0010244207,2459.3807747248898,129380.5930908644,2221.382901446609,43602.93075265162,5024.202952665441,642614.2817085459,0.1428422957381966,0.0011603132537738813,-2.7260234e-05,0.01425801,-0.0011255738,0.0072260345,143.5546875,metal,-15.687386,337.79556,100.098274,184.92412,-37.590458,172.32382,45.971,126.08741,-20.773737,87.09274,25.637007,53.683907,-18.64387,50.09816,26.516623,34.64085,-20.16317,50.75958,21.12962,44.360195,-13.649133,35.57261,10.978789,45.074474,-15.535993,38.21504,3.6814206,38.14049,-7.7146096,37.2137,3.9337354,26.64227,-8.12184,43.078205,6.954766,47.96321,-2.0548267,33.515232,3.9079616,35.8666
metal.00070.wav,0.4146484,0.089652896,0.048858766,0.0007534806,2742.97005055359,487356.349923663,2450.8153919409297,101254.37957565242,5626.015980251064,1325929.342024857,0.14287668706462847,0.003870253767846242,-2.2732027e-06,0.001031607,-6.4221786e-06,0.0012541536,117.45383522727273,metal,-197.24265,3901.7878,74.135826,872.56366,-10.732934,734.6161,54.719276,246.6651,-7.5989184,118.44461,18.415987,171.85826,-18.87797,80.613594,11.601353,132.92471,-14.568,69.62969,18.417076,67.4274,-16.47915,70.48843,12.569829,63.46042,-10.470822,64.730545,12.355381,82.35506,-6.2587886,54.69937,10.49567,61.23775,-7.0594673,83.79334,3.7297091,84.60207,-3.235438,70.67467,0.6581139,51.43742
metal.00064.wav,0.438512,0.0817636,0.09044781,0.0011157613,2683.329925042629,346296.0959604215,2126.7478903554274,167933.4169670934,4972.6949307940695,1549630.3515684328,0.17731298676954335,0.003956465298832015,-0.0016285165,0.0026848293,-0.0018853621,0.0033330328,95.703125,metal,-110.87448,4406.82,83.18676,609.08826,-45.257427,894.43555,56.596424,172.11963,-7.4923544,185.35922,19.979755,129.05728,-13.402861,165.31651,21.218973,85.45032,-15.71974,90.95458,18.087412,55.529594,-18.12701,44.14011,12.930389,38.70306,-17.24171,62.0794,3.3319187,58.056984,-7.5791416,70.79789,5.8677907,56.49321,-7.949427,94.66107,6.8205414,51.125473,-5.672731,63.340927,1.3515627,58.105953
metal.00003.wav,0.4876697,0.078925386,0.15017863,0.00085433107,2751.9264234353977,155514.3957493447,2205.638269495694,29372.38555512883,5234.401681622485,420483.00255602284,0.16671025420859134,0.0022374434478626016,-0.003116515,0.008915622,-0.004933466,0.005586123,99.38401442307692,metal,-43.064682,410.23248,75.397606,235.00087,-47.840973,191.65741,53.023735,82.74552,-12.337867,74.251945,36.873158,78.35563,-8.28772,66.66933,28.40454,73.00577,-14.531338,48.471104,22.106436,38.708454,-7.3557463,50.681957,15.97535,31.358372,-13.140839,36.144836,12.263161,38.085213,-10.449837,40.202988,5.9393992,39.388733,-6.6831427,39.781334,5.279664,50.315495,-2.331793,41.427567,3.5936801,41.491596
metal.00017.wav,0.58092386,0.058624797,0.11375342,0.00040010514,2656.165733706924,197737.15554635762,2337.22755658765,29877.182003733127,5325.867795206076,537662.8465218792,0.15877568389609134,0.0021960127298422125,-0.0017574207,0.004140332,-0.0045317374,0.0036999066,107.666015625,metal,-75.51751,492.31778,81.91142,235.08011,-22.08108,153.7979,69.877,117.72043,-11.740438,68.759254,25.740246,64.83613,-18.518965,64.93622,27.02771,40.047276,-14.085998,49.19408,22.13411,42.515823,-12.107689,31.738768,14.951658,30.497955,-13.525078,29.996037,5.8154855,28.891665,-10.154532,27.475197,6.781166,23.390778,-10.48783,22.024778,4.3725295,20.532537,-5.4660206,23.020613,2.9706361,16.491674
metal.00016.wav,0.50205344,0.06796541,0.2696991,0.0018227728,2743.3971145568185,144928.39707665672,2140.557521316081,50826.632295235744,5129.2856505780765,586130.5906422492,0.17962174076044893,0.0015795995883829948,-4.1150606e-06,0.025934225,-0.00013809011,0.019329451,92.28515625,metal,26.693075,391.20032,79.7964,332.44537,-52.055744,233.87268,51.320683,202.60025,-16.361847,161.30711,22.011911,118.819275,-17.46108,125.87258,30.925192,114.49867,-15.979048,72.22378,16.127386,70.14539,-12.196157,46.17229,11.3038845,51.48018,-12.44661,50.286663,5.206543,43.71575,-7.6871243,38.52866,10.177714,53.701046,-9.720838,32.396355,-1.6887617,36.46479,-7.5994143,36.03579,-3.929782,30.730976
metal.00002.wav,0.43250424,0.0749703,0.13275112,0.00064100226,2198.5048742476088,146420.57406967285,2005.8773078800052,80997.92424711151,4446.356446824207,668711.3113750333,0.12839302559017027,0.0009764448829632744,-6.8442805e-06,0.007649035,-0.00044255494,0.0040094918,112.34714673913044,metal,-62.21819,995.7649,115.20072,316.10812,-42.815033,298.449,54.31106,215.81544,-24.88396,75.5318,20.133108,106.509056,-21.639135,68.55331,20.847036,47.368816,-8.3987,59.48364,20.328602,44.963074,-10.731801,51.606567,9.669686,38.564167,-14.547392,52.86998,6.932939,31.871363,-7.4813604,32.546978,5.973085,35.699867,-3.475765,33.799038,6.574291,38.38154,-6.577369,40.819767,2.9633865,33.554913
metal.00028.wav,0.4812479,0.06830864,0.1440742,0.0002546014,2789.300841643996,141859.78892106639,2247.55273231388,42484.318643083076,5345.842674420714,636672.1743348727,0.17996187475812694,0.0013134907728451378,-3.9770337e-05,0.00892181,-0.0007702816,0.0044700294,135.99917763157896,metal,-28.089987,182.96312,84.033875,199.75198,-43.716156,175.9731,47.99097,69.383,-22.45509,52.216465,19.917408,41.531227,-25.18115,61.159637,24.802288,34.063255,-13.120749,33.12007,24.669502,44.336033,-16.419373,31.441103,17.564196,27.703869,-15.417398,30.977346,8.639938,31.283638,-9.952718,28.61819,7.071071,24.424898,-9.484701,22.653471,8.427125,26.05876,-3.548901,26.424355,2.6234772,29.981798
metal.00014.wav,0.5525924,0.06319012,0.07755839,0.00023373796,2877.3990222346347,94072.52741548911,2101.1766118449304,34305.02374041673,5198.36856617647,350030.845698818,0.18530764742163314,0.001344774690057295,1.1963619e-05,0.0032694386,0.00024403851,0.0011301443,151.99908088235293,metal,-117.9197,1938.1378,65.44176,242.10793,-51.43997,159.9213,74.107025,167.66368,-13.760528,71.45885,25.753458,53.60335,-13.138064,62.0677,32.225914,67.774994,-10.345248,36.761086,21.713371,50.355583,-7.8024545,29.758205,12.349829,51.37026,-14.452735,28.541143,5.787718,48.55561,-13.264057,40.38985,4.5679383,42.92573,-11.399253,25.142004,-0.666863,50.636963,-4.573327,30.745996,-0.21592197,55.721447
metal.00000.wav,0.48777875,0.06744352,0.11609076,0.000304958,3274.344587423776,268365.4412991913,2722.3036471895907,151345.3091656276,6407.269589450706,1688119.746710518,0.18307976973684212,0.0021831421699045304,0.0003958316,0.006955366,0.0024358565,0.0023228033,95.703125,metal,-52.93138,349.00043,50.087288,197.08241,-11.485749,260.36804,46.351738,221.35197,6.5509257,116.35473,10.124288,81.837616,5.479244,66.73665,8.854688,65.12782,5.9422073,57.441383,6.6225224,51.441284,-4.047175,56.49595,9.770576,54.272724,-3.118492,53.358963,3.657853,57.875175,-6.5097322,49.77162,1.0867523,47.442783,-4.4839272,41.100098,4.7281733,36.185493,-2.7538903,44.881863,0.50667185,37.07584
metal.00001.wav,0.47693357,0.071975015,0.09726957,0.00021708851,2922.908394647605,184037.7215001591,2620.8528873384016,49920.33183703067,6036.988495156492,677675.3778962934,0.15290156975619196,0.0017189931197184218,2.6300456e-06,0.0048520495,-5.6606747e-05,0.001553282,78.30255681818181,metal,-80.14728,453.90152,64.84362,159.7318,-15.4656,131.79082,46.839314,81.653755,7.9110203,92.41983,21.762014,47.60808,-2.1760788,95.47828,21.986689,55.722923,-7.7126274,57.504124,11.144746,59.80631,-4.2870846,45.873493,11.442519,40.98206,-10.365105,44.063526,11.727381,57.47434,-7.095706,38.430843,5.931137,37.323433,-9.025644,37.90735,5.5059457,34.39945,-6.201168,43.081005,3.1252632,40.596
metal.00015.wav,0.48493016,0.06705469,0.11093488,0.00018379533,2986.8234673152315,129377.29233841696,2458.9986179482075,27599.426123806054,5818.289817597475,380099.51670821646,0.16926541638448142,0.0012932531844492227,3.4074314e-06,0.0058198394,0.0005033949,0.0022297637,172.265625,metal,-76.78499,528.57495,68.00349,226.80853,-11.247029,114.533295,76.363235,209.27882,-17.476349,141.19633,25.336975,60.45908,-17.900314,67.20513,20.368681,63.20968,-21.42049,42.45177,14.217725,38.632534,-15.768945,28.39881,12.524236,21.540339,-18.507433,29.044466,10.831447,23.110647,-13.703334,21.216331,4.864304,20.821093,-11.980358,19.29419,1.6491083,21.306583,-7.645301,24.214481,2.2255213,19.456923
metal.00029.wav,0.44092262,0.07953576,0.08899233,0.00043020258,2955.2644930453703,257210.43069584406,2478.4332031027843,30449.56164759382,5928.739149725474,446217.11487543565,0.16334179385158668,0.0033459305866938164,-2.550142e-06,0.0035883884,-2.529853e-05,0.0020506703,123.046875,metal,-103.658356,1353.3662,73.83582,310.94754,-16.127468,187.19348,53.154728,161.75443,-25.099672,166.43272,33.991577,144.80634,-13.641718,101.7519,25.99047,91.02602,-18.906933,64.18306,18.668743,54.406395,-12.777742,47.432056,9.545628,31.978832,-16.148779,47.338398,8.769027,42.40715,-12.545799,34.060314,5.3656545,37.852894,-8.112325,33.559723,6.6663527,38.3156,-4.4953666,40.50525,2.9296632,37.015095
metal.00011.wav,0.5108508,0.0669312,0.23063754,0.00025489033,2699.980049142347,43767.634705209275,2240.17995020246,14970.820141910988,5157.935477336494,161587.9480158843,0.17150160845588236,0.00080972272740581,-3.8640172e-07,0.023606272,8.258538e-05,0.009101463,161.4990234375,metal,8.79297,174.56183,82.823204,116.421196,-30.564281,94.90961,66.71608,64.09153,-16.359283,74.51873,16.568218,36.963833,-10.763801,34.422665,29.540411,39.46908,-25.089777,25.871925,16.821932,22.626003,-11.392603,25.617146,12.7859,21.765957,-13.347067,21.153427,9.802606,26.849306,-14.256787,25.399601,9.601154,27.677776,-8.031881,25.142065,5.1873074,26.686998,-2.9507003,21.587393,4.4044585,19.454613
metal.00005.wav,0.42260268,0.077757515,0.1216955,0.0012557695,2464.5967575331465,195555.21288662258,2204.478598691696,74961.86784499841,4951.653391362713,749034.6905186827,0.13437825016931115,0.00132308984739408,-0.0013306469,0.006116414,-0.0026426038,0.005266808,151.99908088235293,metal,-79.627686,1074.7245,93.472885,299.5996,-27.749144,260.77686,64.06913,178.44029,-18.807098,95.26822,23.320396,57.938545,-10.540276,99.50374,13.356394,69.4653,-17.537811,69.137726,16.38852,71.925186,-10.054388,55.63575,8.9418,52.928757,-16.081074,33.700066,4.287135,44.52747,-14.799312,34.43843,0.2646285,42.259205,-8.214849,31.107841,3.4206583,44.884296,-3.714394,46.70752,-2.4369857,40.013474
metal.00039.wav,0.37923384,0.084573865,0.15433325,0.0033745503,2099.3502081908823,332817.1652840467,2062.5313354447185,135599.9766249517,4450.38142248573,1166310.199018156,0.08829727409055728,0.0016157530942097706,-8.983534e-06,0.021630049,-0.00024475498,0.0013786071,117.45383522727273,metal,-99.77965,3828.2275,102.12207,673.0203,-23.655642,134.79277,63.08262,251.52625,-8.785433,310.61273,30.73993,123.162346,-9.646097,81.38725,14.164796,54.551502,0.37265703,57.382656,13.223106,37.653614,-10.096967,79.477425,9.193242,49.334427,-4.932152,37.881386,2.3094268,34.823845,-7.185385,42.99971,-1.0914272,25.239305,-4.928224,31.547215,6.327073,38.24598,-5.0554013,36.25273,-9.303228,31.89493
metal.00038.wav,0.47059822,0.08864029,0.14581424,0.0069855796,2690.651414951035,477812.46978331736,2118.4679544008704,189974.06162639303,5088.035900009675,1683887.5193524053,0.14832790126741485,0.0034859396184414794,2.289063e-06,0.012202361,4.764721e-05,0.009354182,95.703125,metal,-122.234886,11185.625,62.287918,703.9383,-34.475746,577.68164,75.653,241.11052,6.2773776,169.35486,22.03109,357.92938,-10.958645,99.95897,23.23548,302.58078,-12.28494,85.42729,5.612535,246.4694,-6.983782,57.795994,5.6169767,143.45561,-14.398442,48.427624,-0.4762993,85.2891,-11.284502,52.84395,2.1349807,49.20476,-7.7125216,34.581154,-2.7237544,49.627357,0.8729692,49.219967,-5.3240557,38.98134
metal.00004.wav,0.6346607,0.04797488,0.06345061,0.000107672495,3403.0755097954175,268010.7430261253,2825.093036960878,53378.79582414204,6902.816592945772,790020.1264477585,0.19242362857972137,0.0023566770428356783,-1.7399575e-06,0.001722682,-8.968339e-05,0.000874326,135.99917763157896,metal,-107.129585,1127.2373,47.660187,322.3228,-8.620708,182.47586,38.398926,182.85141,8.458258,102.82932,9.54455,96.25288,1.0175123,111.489395,20.74903,80.41386,0.71484894,62.79465,11.783107,63.841164,1.1646875,49.690693,11.063398,42.756325,-2.529399,43.561718,7.581269,42.66804,-4.199112,36.769726,7.0764894,36.87743,-6.6205163,39.44592,4.546639,32.39553,-4.2624664,30.533148,4.289621,32.484814
metal.00010.wav,0.5418777,0.060338147,0.1181039,0.00015182362,3048.5052057998873,112873.03367296587,2358.8824139471512,29361.48090734719,5662.490759693063,330932.36521298013,0.19654038373161764,0.0018571919185436613,6.672677e-06,0.005953303,0.00027532107,0.0027580804,184.5703125,metal,-58.72036,492.67474,70.55818,259.77094,-19.421352,111.42165,73.593155,225.81734,-27.765425,161.32324,23.759441,69.86457,-17.90417,57.265354,21.222898,94.47336,-16.94942,60.28803,16.136871,46.618584,-15.223488,30.84564,14.874156,23.922155,-18.705826,28.997742,11.308096,21.072218,-14.637608,18.735996,4.3117094,17.18736,-12.7187805,18.185286,1.1689208,19.544245,-8.019436,25.055094,0.9198095,18.988613
metal.00006.wav,0.43396318,0.080144875,0.0504414,0.00010294838,3237.576392654718,346379.9616182433,2573.2144093958636,73747.42875008554,6229.395665029992,957676.7458622364,0.1981254081607972,0.0033290834800188047,1.2968637e-07,0.001256478,-3.5241783e-06,0.0005646735,123.046875,metal,-140.7783,785.0534,55.923157,431.36105,-12.291191,296.25436,44.319008,152.4128,-10.604769,152.68944,10.867444,70.65718,-0.95333475,141.9053,22.243965,102.885994,-9.378978,102.607765,15.246445,57.701874,-3.0641422,75.43339,9.072361,62.47585,-8.798301,60.63008,8.746224,57.299637,-12.113971,58.450367,5.550327,54.080967,-12.49319,55.849586,6.3504667,54.9204,-3.8611655,51.163048,4.7257943,54.423325
metal.00012.wav,0.60497457,0.050817184,0.11428379,9.7931515e-05,2803.3032043751823,79830.44705393864,2183.2462667935056,26443.158553491055,5262.743176912007,331651.5520708604,0.17691276243227555,0.0007410994055176791,5.8152405e-06,0.0061463206,-9.945389e-05,0.0025119383,172.265625,metal,-64.107925,448.80066,74.52599,227.69072,-45.968002,137.59428,65.85509,194.72469,-14.676303,75.344894,23.849155,88.81575,-13.777111,81.59863,37.7623,51.923676,-10.587833,57.442883,21.39044,45.004486,-9.345858,37.235466,17.91302,36.465134,-10.791604,29.798096,11.354605,27.82286,-11.166747,26.842842,8.709755,28.039059,-8.963811,24.77958,3.229737,21.079126,-5.745522,23.97863,2.4206762,19.424849
metal.00013.wav,0.63620484,0.04457756,0.086293176,0.00015454357,3047.8529556987282,116254.31023013656,2303.5609515672522,18313.742993291085,5735.965315402476,296083.7642331438,0.20360421101006193,0.0013693171673477191,-4.4374707e-07,0.0029917588,-5.507038e-05,0.0016542166,135.99917763157896,metal,-84.90263,957.3512,64.63974,233.57382,-36.32613,120.26199,65.39542,148.66895,-13.867816,67.44676,22.872534,58.23007,-15.565662,77.37959,36.293034,60.763855,-13.677166,43.21959,21.259466,40.57296,-9.251361,31.304781,19.171608,26.882921,-10.607493,27.850943,12.314615,26.486237,-9.792946,20.900248,10.552154,23.088827,-9.910699,24.264372,5.051337,18.602182,-5.342369,18.835182,3.801619,18.270111
metal.00007.wav,0.58136714,0.061648905,0.06947105,0.00015738962,2939.529800244255,244028.74161112827,2522.7270587232188,89835.05681708294,5806.8482201165825,1036376.7071391165,0.16837313153057276,0.0018746937492109975,7.600496e-06,0.0020889835,0.00039324,0.0011099476,151.99908088235293,metal,-108.09747,269.55167,65.77733,284.95956,-20.841005,244.68704,47.559597,110.249756,0.85362834,94.54549,8.991208,41.384434,-3.2142603,62.22776,20.978046,46.00112,-10.349271,42.037125,7.8764496,31.804087,-8.126471,32.274895,12.045557,35.279087,-9.155128,36.194954,7.0092583,35.673588,-8.752738,33.86386,5.7859516,32.860283,-12.369431,29.720413,3.4414165,27.358383,-7.3785267,29.23862,4.871621,24.928928
disco.00052.wav,0.41644785,0.078319624,0.12529388,0.002008522,2591.5017766838123,256048.87704049447,2163.1024960936247,67149.16903866656,5062.136056622485,947563.6398344099,0.16987803550696595,0.002661801636613803,-0.0023758127,0.005535781,-0.0016035483,0.0070862607,123.046875,disco,-70.51618,1642.2163,90.476006,355.34274,-48.086514,330.43066,36.67485,204.24,-17.66604,163.84608,21.603977,132.22368,-30.186953,99.01157,24.03991,98.09165,-20.447668,85.87572,14.48298,77.506454,-18.503065,86.186874,9.126518,53.92975,-12.047067,59.57059,6.2659683,55.84733,-11.558922,50.0612,4.908774,40.32922,-7.8774056,38.941044,-0.64481187,45.706554,-4.3557434,41.691517,0.19770397,45.538776
disco.00046.wav,0.3763196,0.093423665,0.11299214,0.003005085,2259.667499272963,278839.37853909755,2272.868955034084,137539.76819444002,4889.170435855263,1491247.096877786,0.11426008005998452,0.0022858580517208286,9.575199e-06,0.004069554,0.00011575274,0.007161028,123.046875,disco,-125.69445,3105.9595,101.78628,404.66238,-17.488695,445.95297,33.67749,316.54044,-15.244758,154.59138,23.698763,220.8572,-8.65802,152.57227,18.546085,99.734245,-14.059921,74.38488,19.96296,76.582954,-15.148182,73.926506,12.975601,69.98034,-14.307979,98.6412,3.0331678,80.24372,-7.09871,97.69711,1.616406,103.96943,-3.9054322,108.55024,5.3860574,62.34198,0.9615917,115.7384,2.6921427,74.71069
disco.00091.wav,0.41647133,0.09536744,0.17351265,0.010258705,2036.7728048043857,617235.3656054103,2079.237240380343,250115.89449411214,4203.124584280669,2696867.1938941325,0.09159921935468267,0.0030508671180101508,0.0026051265,0.014437432,0.003674775,0.016038084,99.38401442307692,disco,-116.98034,8452.325,98.51445,943.71375,-19.01401,822.3032,44.84704,182.77646,3.8032014,166.39923,28.483183,131.34053,-1.1026872,130.30565,14.693483,116.461655,-7.7538214,103.128105,9.756313,121.996284,-10.111344,97.72535,6.3672557,92.33211,-3.9202325,75.843834,7.902921,95.18856,-3.2126446,89.96212,0.13058013,70.97728,-7.841634,79.70692,-1.7346324,86.72059,-2.4309785,83.608536,-0.7216537,118.54171
disco.00085.wav,0.5680807,0.078346916,0.08925272,0.0030341584,3002.526732630542,827029.1666361144,2745.823560012702,55944.206138489855,6575.051908227312,801421.5452283694,0.15866457345684984,0.009601578088422533,-8.203114e-05,0.0019252507,-0.0005154143,0.006372956,123.046875,disco,-166.76927,5401.63,67.73106,1007.8307,11.18009,673.26996,37.429222,418.11798,-10.94142,219.20651,27.39617,184.65094,-18.94085,147.60466,27.29737,74.27563,-15.843282,103.16354,20.550398,79.41266,-8.622006,98.97863,14.187619,83.090576,-6.048987,71.377556,12.008676,77.87612,-6.0718484,94.66338,7.280311,61.237183,-4.2334733,68.052284,5.1343756,61.352245,-4.5242863,56.398136,3.4615293,44.488003
disco.00084.wav,0.5035033,0.08833976,0.06203172,0.0023185734,2455.1239938572585,570065.9169938066,2100.1276135309945,89249.66641736838,4726.279754166264,1392072.0948184174,0.1514639367260062,0.006722226835910343,-8.357945e-06,0.00070543436,-2.2106658e-06,0.0044323974,112.34714673913044,disco,-197.17924,9038.312,83.36067,1093.7908,-38.55783,763.0955,43.7167,322.45447,-7.2955384,162.21144,25.659225,115.92669,-8.642003,83.82421,13.397131,116.29865,-12.153697,75.14681,12.154943,76.54231,-12.050202,69.843094,10.627793,47.95883,-2.4053423,86.52581,12.013289,84.64387,1.374827,150.82718,6.7643414,71.65803,-3.376777,58.7921,-1.6519369,40.95819,0.06695292,46.660995,1.4112642,36.489033
disco.00090.wav,0.485514,0.07666983,0.09060021,0.002880527,2574.745841043983,432936.9655329624,2396.7692949678685,95868.10076210872,5459.508653764754,1468106.5280537843,0.14616918416215172,0.0042028297292859285,2.9595597e-06,0.0025711635,5.614545e-05,0.005761389,129.19921875,disco,-125.715775,1861.7695,88.52809,583.4912,-16.738844,352.9927,42.798134,206.63124,-9.901168,120.33598,29.185856,101.87961,-19.342821,92.4998,20.458702,68.85853,-16.50553,64.884415,15.012511,55.85787,-8.765586,53.627346,12.78412,45.37438,-7.7588887,41.094772,7.052417,42.827915,-8.516408,33.07097,3.2717617,32.60559,-6.498946,42.77006,5.7955213,32.014687,-3.5007174,35.26516,-0.049129143,35.217724
disco.00047.wav,0.22014824,0.092667885,0.0469848,0.001075311,1710.8442048759703,418868.9591164375,1620.146459083234,118165.9653056704,3238.938747913845,1213333.081445674,0.08702290537925697,0.0028099836214145247,-1.7424197e-06,0.002635373,-1.4241453e-05,0.00018345591,123.046875,disco,-280.90808,3968.1052,120.8154,581.36975,-37.612255,709.42816,28.736147,268.71765,-10.789445,164.11914,-6.406519,174.61249,-13.808621,118.168755,-4.0625076,103.290825,-14.859974,103.42669,4.7919674,213.60364,-20.17432,74.470604,-5.0939503,68.027275,-6.7920375,71.184906,-6.4094267,117.2299,-1.7583935,64.726685,-4.1261473,129.84772,3.4049892,143.94096,4.251874,155.34123,1.014789,125.16462,-1.1414523,135.62851
disco.00053.wav,0.46769264,0.08060279,0.1725675,0.0053330883,3079.468912826982,1230305.4029259596,2709.9666043643942,148880.942613549,6405.727932106231,1780429.674572244,0.15430745694659442,0.009900588257244285,-5.501006e-06,0.015616838,-4.6004916e-06,0.010277996,135.99917763157896,disco,-108.510765,11372.453,69.93312,1737.716,14.870285,1437.7987,45.539623,284.652,-5.3849373,235.57611,41.803658,137.06915,-13.518741,89.1585,32.559277,83.84042,-20.397465,81.991035,23.435904,68.235695,-12.123883,52.620792,17.999403,45.31634,-9.038808,52.032993,6.992762,40.24925,-4.731377,57.67844,2.3560433,50.694866,0.19970372,48.18375,2.3458986,49.25654,-0.7866604,47.12718,-0.5949066,39.208176
disco.00045.wav,0.40740293,0.082558714,0.13541684,0.0028105103,2248.158016320912,840837.4243574287,2368.7379081969507,326962.5433866354,4609.87212473394,3738888.226661002,0.10974196679082818,0.004339211357434103,-9.842679e-07,0.006847258,-4.5121124e-06,0.007373664,123.046875,disco,-81.29733,3998.1973,106.4762,1477.676,-9.534991,422.8745,17.970007,235.03418,3.0110774,188.93239,8.301614,146.91106,3.893875,100.924515,4.2491026,50.944477,-3.7393968,55.208508,-2.078543,37.910206,-2.2060983,43.263165,-4.5875278,43.96373,-1.1600444,45.647495,-1.8838692,40.050293,-0.22667755,32.265614,-1.036716,30.883024,-3.2868865,30.879377,-1.8739798,37.3423,-0.7098231,50.351883,-0.5524986,42.558018
disco.00051.wav,0.46051988,0.07002282,0.10635126,0.0012348995,2651.320247246162,206565.2057505597,2309.039109488247,53452.946824787075,5372.017516145027,708979.0299423463,0.15772391398993807,0.0017699282889357972,8.4460815e-05,0.0043720156,0.00077987567,0.004184305,107.666015625,disco,-77.198685,1656.1644,89.36663,319.62152,-34.23228,288.80002,38.68127,146.68767,-22.269873,113.0531,31.254675,73.54514,-16.385426,95.53692,22.344229,45.826004,-16.015026,51.544395,19.283667,65.78733,-13.230427,46.673515,16.72414,36.692474,-10.393916,31.698748,11.381443,31.808237,-8.547002,31.422098,5.7291126,32.99493,-8.349093,27.697765,3.055977,30.81589,-7.5780926,28.195215,2.2519233,28.074533
disco.00079.wav,0.45301628,0.08678339,0.084769994,0.0017764051,2292.577700466476,429426.42832405766,2348.189624461127,98004.51844487025,5038.611198874081,1788979.2469396314,0.09981534503192724,0.0028997240982722135,-2.3617129e-06,0.003519381,-1.6649026e-05,0.0029382668,123.046875,disco,-154.6233,4181.0713,97.9326,573.63257,-10.35732,278.1738,39.12367,130.02278,-11.213964,116.2772,24.11131,128.0391,-11.846503,74.1751,24.19123,84.639854,-13.460304,67.5266,20.553188,68.836845,-8.327632,61.93929,5.867451,63.538155,-9.686904,70.777504,3.944323,44.443386,-8.819821,46.17877,3.312212,43.149803,-0.299343,62.86104,7.594323,65.57049,0.6562108,64.61917,0.8080188,70.40515
disco.00086.wav,0.3950361,0.08344031,0.16525841,0.0029042484,1867.9206448682264,411507.9223141044,1875.2458291916632,134871.07344074312,3804.7769930340555,1427703.2514731,0.09448204394833591,0.002110821728223988,6.8555055e-06,0.011957009,7.170025e-05,0.00976053,123.046875,disco,-95.80325,3562.654,122.056595,850.28326,-29.31912,816.30786,50.3165,208.63782,-11.940644,211.18373,28.410152,168.17134,-7.0477815,128.70059,11.851946,114.22576,-8.612015,88.68408,11.568435,65.99802,-18.395964,59.41182,6.8620915,94.79714,-11.662833,54.70336,2.6845434,80.45789,-5.792651,76.58426,0.6457214,52.6436,-7.2554846,83.675095,1.7374232,68.65939,-6.154603,63.990276,-3.7481863,84.31287
disco.00092.wav,0.37072912,0.085085,0.1067002,0.0013781094,2457.998545443571,434736.14218263084,2400.7893666639106,124820.70732828947,5268.943139421682,1827754.3180031138,0.11753292497097523,0.0024339520541264786,-0.002181795,0.006522921,-0.002878858,0.0030122413,117.45383522727273,disco,-123.78829,2647.4878,89.824844,637.3126,-1.8406463,595.7249,51.169796,204.55544,-16.261305,128.99706,28.283545,122.49533,-12.495138,82.577736,19.032148,72.69431,-13.280038,68.10113,18.50002,68.64486,-13.776396,55.550323,12.866395,44.151794,-8.755501,69.68806,8.260726,66.29778,-8.236545,66.2035,5.5192523,41.224503,-8.406669,57.560257,4.479527,69.79818,0.30875924,81.60109,1.8299166,69.69331
disco.00093.wav,0.4083024,0.082288235,0.15334107,0.0036288754,2461.186456192989,490708.8744964535,2302.6189119910505,116747.51608335144,5019.294649011948,1889107.4132355463,0.13708722849748453,0.003764562788049544,-3.164838e-05,0.008988808,-3.5866968e-05,0.010258766,107.666015625,disco,-86.0438,3445.3599,87.53873,720.7616,-20.172316,294.7518,54.019077,191.14229,-1.0642165,188.91129,19.562546,106.80928,-4.0897794,158.37135,21.03777,72.20796,-19.567509,125.746155,12.389661,128.56671,-22.010809,94.43534,9.599067,105.57383,-15.931526,131.41832,3.9723325,84.772285,-13.932702,56.05787,2.383717,75.70886,-7.737426,59.427124,3.4512784,48.79339,-4.1580405,87.13234,5.9184194,64.788605
disco.00087.wav,0.38454,0.08951579,0.119228035,0.0008558885,2139.4226685316103,332755.6915155103,2190.2745079974266,98396.84367069522,4526.789293791118,1605229.7031213886,0.10026696739551083,0.0024968844553167144,-2.9708497e-06,0.006591996,-3.0178091e-05,0.0036470897,107.666015625,disco,-100.293015,1481.7852,110.01217,521.96564,-26.644552,249.17923,36.82376,179.9604,-10.413422,111.874626,28.777048,143.15108,-14.843354,98.60978,21.28987,61.929802,-19.675669,57.277344,18.522434,58.564663,-16.387474,56.055782,9.157716,58.64147,-13.791584,39.37163,3.9903715,45.39464,-10.459232,56.406593,2.8376312,62.560425,-4.316738,55.79206,3.1700075,66.209305,-3.746579,73.217766,3.5572653,69.44806
disco.00078.wav,0.3319702,0.092078365,0.068242274,0.0014241931,2219.3232376250994,326462.10021130386,2306.993918968888,135351.75949891584,4882.52047606666,1915273.7774107412,0.09617402162345201,0.002156584322310288,-0.002657831,0.0023191096,-0.0012925735,0.002221823,129.19921875,disco,-182.05023,4587.3716,103.41656,404.3636,-18.22728,361.37857,31.200912,357.31415,-12.540437,139.91014,18.842093,188.9946,-12.869497,119.68225,19.378906,104.59648,-17.704334,69.57836,18.50028,94.82395,-14.324433,63.87961,11.545081,72.36146,-11.634119,59.430176,5.5954614,55.284214,-8.039428,57.310497,0.2704893,72.01132,-8.0900135,48.70526,2.727342,59.084934,-3.2884352,66.00326,3.507127,57.30175
disco.00050.wav,0.45116723,0.07075588,0.1589932,0.001792721,2376.151262275847,196019.30554879436,2258.535035544069,68100.95984826359,5006.728058333736,915001.1221794458,0.12878191212751547,0.0013015837163999394,-2.282914e-06,0.01095268,7.361343e-05,0.007515446,107.666015625,disco,-45.80532,1328.9203,101.7401,328.11047,-32.07864,294.30884,34.265602,156.91736,-17.547401,116.35545,32.327183,78.826,-15.645262,100.1161,22.041264,46.908577,-16.110876,53.361744,18.677486,70.47683,-13.079386,47.467167,16.47522,39.800945,-9.913809,33.33695,11.567794,33.244442,-7.7403994,32.532993,6.131409,36.34717,-7.3614235,29.992607,3.5779817,31.439886,-6.616034,29.973877,2.8414469,28.90813
disco.00044.wav,0.3670445,0.08522898,0.1489569,0.0029638305,2330.4341487066677,493719.2920087502,2437.648116063216,244883.44029374592,4645.41357648631,3058048.5485607823,0.1095964650251548,0.0016320479199654345,-2.7625924e-06,0.010217747,-7.943385e-06,0.0075398167,123.046875,disco,-71.24205,4064.1064,97.72146,963.05536,-18.355276,420.8573,8.578153,270.34906,5.202039,213.76695,-0.93892145,149.44319,0.4680154,119.62599,1.6290964,70.33525,-4.778091,73.66792,0.06490763,74.82381,-0.548709,62.17318,-4.452,46.95639,-5.314456,44.710403,-4.7849913,39.881447,-4.604325,40.34234,-5.987757,39.478134,-2.9043708,37.694256,-3.4409497,47.374683,-2.5677822,36.52802,-3.0350146,42.206287
disco.00068.wav,0.4161969,0.080622904,0.106793314,0.0016801055,2956.600201774485,519976.33723722736,2599.740187278478,82785.9272787349,6132.0212538397345,1208266.1943900716,0.16269251584268576,0.0055309301997884695,-1.2992688e-06,0.0048281816,-1.051896e-05,0.004402227,107.666015625,disco,-93.31913,1924.1951,77.83445,451.262,-8.7843275,385.0024,42.071243,167.565,-11.249412,75.95749,24.245377,117.105865,-17.912214,68.02485,22.240355,55.99753,-16.039137,54.059887,16.687471,50.33962,-15.665248,42.011543,15.410947,47.51182,-18.128246,43.36906,10.212018,37.682083,-14.608057,37.823463,1.8476799,48.248272,-11.091009,39.645405,1.1463727,42.18449,-10.552759,51.65139,5.189855,47.1778
disco.00040.wav,0.42088637,0.083129175,0.14515093,0.005715605,2605.158778871083,407167.4306874457,2533.400411803869,126268.77821858246,5352.617633453464,1539115.403803163,0.12638850256385448,0.0024263202623606202,-1.5252175e-06,0.0066473405,-8.0581995e-06,0.011201726,135.99917763157896,disco,-78.35117,2617.1187,80.074615,639.8745,-9.1673765,283.75903,25.477053,279.25073,-3.3905444,173.92981,16.8094,84.889915,7.2707057,135.86453,1.818662,98.65129,0.4955743,98.07844,6.320318,64.18492,1.4938976,66.65906,2.1636302,60.33289,0.6581049,61.337376,-3.3820214,62.764168,-0.911081,69.637695,2.9360857,64.19511,-0.6341331,71.47037,5.8765235,85.943634,1.8965183,70.42973,-0.6130139,74.84487
disco.00054.wav,0.40136927,0.094728984,0.052156653,0.0006655604,2566.1260441601803,825841.5438647019,2533.6870788134956,113356.37639936218,5521.508278861504,2143623.737953228,0.11465010037732198,0.005569683520973924,-4.6729497e-06,0.0011271387,-0.00012098236,0.001200956,112.34714673913044,disco,-226.35432,3852.6199,78.271614,729.18835,7.8452187,637.62103,53.856804,248.30408,-1.1519349,191.0446,11.3028345,182.02904,-7.8484793,178.5866,24.36511,109.85784,-14.952828,116.7946,18.494564,99.49413,-19.137503,93.305244,6.1562767,67.32895,-10.068168,69.30496,5.2878304,74.58185,-11.683896,63.6723,3.338004,65.53576,-11.275221,70.996956,1.386834,87.991875,-10.699085,77.09149,-4.3292,63.409576
disco.00083.wav,0.4141328,0.09007356,0.087620184,0.0010856525,1959.5165152861578,462980.84355450765,2210.9024031622457,141104.2528698534,4352.990344729586,2337666.988531821,0.09003346918537151,0.0029291432986068276,0.00011641792,0.003158567,0.0006199016,0.003282778,117.45383522727273,disco,-167.37817,3416.3838,112.48347,763.5902,-4.5824194,694.4826,37.09087,529.6283,-8.613287,242.59128,27.826746,190.39354,-14.716945,115.8417,18.52263,105.10164,-16.490128,106.6572,13.760587,87.02578,-13.3312845,72.590546,10.215414,60.18167,-11.575291,77.71447,6.7448573,62.30285,-9.20085,61.8084,4.9011545,67.415474,-9.726244,72.63817,1.5202271,65.677704,-5.5773807,64.9242,-2.06063,60.401684
disco.00097.wav,0.41508642,0.08404869,0.10807372,0.002233695,2826.063206316061,315539.0257242069,2680.6698684184457,68105.01137183701,6233.628972765093,1006598.0714415441,0.12049624794407894,0.0022831510012480422,-3.0674937e-06,0.005394631,-0.00020083826,0.0047100205,129.19921875,disco,-116.92593,2783.2415,75.75966,295.02527,-4.2054796,139.05931,37.28704,149.2839,-5.3384075,88.41169,31.376095,77.434105,-12.168359,61.016678,22.909481,77.68113,-11.43796,50.67245,14.624772,56.282425,-13.049892,55.15028,13.411264,63.274593,-13.22882,64.55605,8.251243,62.502594,-15.236953,75.458115,9.83192,36.29384,-6.212928,41.55076,8.001915,62.7518,-8.030049,39.688484,4.3991666,43.545914
disco.00096.wav,0.41654116,0.0820546,0.09199635,0.0016752302,2481.8873524061787,370231.5693763163,2178.616422901751,69624.36569871436,4956.828360070385,824066.8580279913,0.13440697259578174,0.003378110024287324,-2.060147e-06,0.0034594461,-8.650297e-06,0.0035249994,103.359375,disco,-133.8668,2787.8381,93.47174,591.1276,-24.215984,391.26874,61.442543,164.84314,-22.856274,123.34359,30.976551,165.24088,-14.959397,76.10723,20.244457,80.67818,-9.292844,80.75322,15.786768,62.617867,-8.740783,97.0443,11.96879,59.674053,-5.3208146,71.64264,4.992871,72.58284,-0.6728598,67.52975,3.7227201,65.38863,2.09798,59.56867,5.4435363,50.935444,3.0959997,68.354576,2.4591088,57.22124
disco.00082.wav,0.42267156,0.086120725,0.1809062,0.007336517,2577.013955506876,848521.0559839597,2387.3710450599965,217646.22524242543,5419.383896393672,2702561.652804474,0.13824595164957432,0.006008920641509847,-0.00018984625,0.0096984515,-5.5967455e-05,0.020634007,123.046875,disco,-63.650337,4320.1094,94.46596,1115.0408,-13.425887,376.15625,32.77123,208.47858,-13.71462,341.25687,26.78027,170.74733,-19.395613,222.59607,24.65254,101.717926,-11.667618,124.3521,13.727572,107.226746,-9.442895,86.6983,8.833796,68.25266,-4.980146,70.184685,9.2148905,61.87091,-3.470476,47.77479,1.4862689,50.68622,-8.885652,51.5093,0.25321525,37.959515,-5.4527493,45.684654,-1.1330739,54.66034
disco.00055.wav,0.4630337,0.078175105,0.121490456,0.0018593542,2108.1997863703073,244776.13756096747,2072.634967120442,120169.66348233634,4398.706734955495,1109916.6474867335,0.11041618795955882,0.0017444047336694734,0.0150530515,0.0056485925,0.0057893214,0.005232856,129.19921875,disco,-103.09195,2770.6506,107.497505,445.24637,-33.526493,448.37674,52.796356,137.77696,-9.143341,98.29774,30.365688,86.13077,-9.337431,90.5961,23.046274,65.39913,-11.900223,85.980934,18.170902,50.725933,-7.554082,71.98127,9.401475,40.646145,-5.444428,49.510784,6.6532264,49.294,-5.613328,42.649628,4.149191,38.749554,-5.471509,36.933193,0.8388854,40.481388,-0.054206304,59.42764,3.7572117,57.68936
disco.00041.wav,0.35578653,0.08956899,0.1753704,0.003427417,1776.3958801199312,619726.0425012099,2452.7444237351056,308259.75713902636,3874.7765697561917,4738990.249441995,0.053842455979102165,0.0013340579220115344,-6.406502e-06,0.02293632,-2.1574682e-05,0.0038945766,161.4990234375,disco,-122.06817,4351.353,116.81796,916.1633,28.333023,403.7685,24.729452,280.0427,10.946231,191.63791,-1.8944621,136.3899,-1.4049608,125.26079,-0.94842124,65.19728,-3.538152,79.480225,-2.6139371,63.21075,-1.1199349,66.855484,-4.180541,55.945675,-2.5521882,42.925293,-3.7663925,55.862167,-0.2557914,34.09098,3.2379718,41.65287,-5.7643414,49.509262,0.7164779,39.10718,0.27367613,41.09322,-2.2794304,46.249462
disco.00069.wav,0.38921896,0.08269284,0.11158227,0.0017324688,1931.1496588575935,188686.06476314503,2208.9637535058278,43231.182512680025,4515.622694647349,710097.813078715,0.08364121758900929,0.0012784229103568613,-0.026057912,0.0057595754,-0.0044691586,0.00406053,107.666015625,disco,-118.3657,1493.2787,114.23729,309.0411,-6.7823,269.6803,37.40087,130.22974,-17.431938,90.54662,28.36287,97.530174,-23.726538,72.85015,9.28381,56.6726,-10.439461,51.042877,12.624765,44.332043,-5.148676,39.98544,12.253149,32.2872,-3.8705223,26.914047,4.3780017,33.035862,-9.250749,33.118046,3.4737234,29.54312,-7.952151,28.233765,3.6644185,34.068268,-6.1568813,35.43999,2.7070289,33.344402
disco.00057.wav,0.37015924,0.08306856,0.07617443,0.0005366281,1937.935756160484,129549.92846318799,2099.948883012934,66288.84415343634,4164.391485161087,870350.8272389728,0.09247298580205109,0.0005651671481507975,-0.0026340706,0.0029823177,-0.0019841637,0.001432913,117.45383522727273,disco,-143.20898,2048.2683,122.59269,232.50162,-23.92042,304.90234,28.14886,184.28256,-23.689157,150.02394,23.08134,93.931305,-17.911198,104.96933,18.753313,60.665936,-18.636002,75.95383,18.356426,66.04712,-13.91446,45.118214,9.730259,49.304512,-12.243755,39.765812,4.9380503,48.751213,-8.39243,36.187115,5.480608,36.444496,-7.8706884,37.54579,3.937847,34.40433,-5.71553,34.50471,-0.6342342,50.19374
disco.00043.wav,0.4203313,0.08564563,0.1736528,0.0024415867,2875.523793893122,1275845.4308165647,2760.719592455261,535644.8732530882,6020.16359689435,5891667.33479413,0.13478414340654024,0.005238756148372432,1.1508865e-05,0.0151472045,-7.0465567e-06,0.0080363015,129.19921875,disco,-62.788113,3762.7412,77.8459,1346.4613,3.535339,726.00183,26.012877,254.32324,5.932444,191.35492,11.292923,88.7631,11.104591,97.242,-1.9596616,121.44428,1.8299742,69.45467,9.186841,84.43083,4.0683765,60.55565,0.9767574,49.77712,5.6182814,67.31117,0.6827658,53.44308,-0.135022,54.689857,2.2042742,47.547516,-1.8583151,45.986588,-6.8201756,68.28207,-3.192486,59.090816,-3.537325,58.368023
disco.00094.wav,0.41693324,0.07843292,0.099305406,0.0009256664,2208.1328125649534,299051.24651048623,2353.792380762621,87709.0316163947,5075.635974990325,1185300.879696588,0.09361054506095201,0.0012077439333685969,-2.438842e-05,0.005288004,-0.00073693227,0.0021708335,135.99917763157896,disco,-130.00577,2043.6707,102.49775,557.5464,-4.4431324,122.06049,50.061092,114.17954,-15.532888,54.660816,32.128155,63.654423,-18.18232,69.93001,24.28785,49.84793,-11.902589,46.42493,13.763349,51.525265,-12.898068,35.5833,7.2710958,38.305832,-9.37947,83.722,4.6041646,42.207485,-9.579843,32.165466,4.24868,40.63636,-4.6832943,28.008333,-0.4549015,42.537575,-6.882829,28.338102,4.7626505,45.48573
disco.00080.wav,0.38869795,0.09197606,0.059198096,0.0010419873,2143.645601948083,562964.9418379479,2414.24151082027,104105.31363024304,4956.820026787442,2362159.8812094717,0.08475043234810371,0.002432665380013441,-0.0033527368,0.0015670912,-0.001543192,0.0017819472,99.38401442307692,disco,-219.45566,3319.2617,94.70133,601.8992,12.129364,469.23645,48.870068,269.71185,-7.2120833,139.28493,16.628513,299.36044,-15.087896,120.96575,21.71444,68.43293,-20.00235,106.34324,13.238806,97.006775,-15.698357,79.468254,5.0570116,72.148315,-15.283744,73.321884,0.07390084,62.392174,-9.203971,62.173676,0.23449889,51.157005,-9.558946,72.25769,-0.7515614,57.53716,-4.5294027,61.588863,-3.6864765,46.720352
disco.00081.wav,0.3583835,0.09450039,0.07870453,0.0023071582,2292.41885340361,615302.2783244455,2208.3410022972375,158465.86119842896,4740.313002642463,2181832.703640832,0.11643089081849846,0.004603023099035922,-1.9760328e-06,0.0024806678,2.0521366e-06,0.0037030685,86.1328125,disco,-193.22008,12968.709,89.19422,1255.8491,-20.013872,425.87482,38.74353,273.76575,-2.7159598,185.783,17.057264,238.77121,-7.9501605,177.9239,16.08651,109.03117,-16.764881,143.3716,7.716307,102.39362,-15.71264,119.100204,9.034708,127.27776,-11.31675,97.63641,3.8953853,125.17675,-8.224794,120.11152,3.0170588,100.52757,-6.879084,103.85082,-0.70772284,111.34243,-6.407636,82.51325,-0.54687506,87.06849
disco.00095.wav,0.46825805,0.08813226,0.09841011,0.0027948434,2487.5432668509993,572131.5008545364,2277.16219463796,173414.8308985199,5009.186376801954,2012136.9809701191,0.11808431997387771,0.004453319983036097,-4.9680468e-05,0.0044100718,-0.00044200596,0.0043634353,123.046875,disco,-159.86688,5262.595,81.975266,832.0236,-16.765373,659.7381,52.506096,257.32993,-4.448031,242.69048,22.865053,243.03517,-8.22628,129.4737,23.367426,114.91793,-5.528469,105.03546,17.693354,120.519806,-15.369107,106.968216,10.806196,63.990566,-13.526739,70.09871,1.7440386,86.15352,-6.560189,88.2024,5.105752,77.34663,0.32969552,115.35177,6.998458,119.10011,-5.4562087,96.803215,0.80631334,80.40297
disco.00042.wav,0.3941139,0.0828089,0.13598101,0.0019108031,2403.9325975307147,305931.1235279704,2395.0072403556587,150845.229707808,4901.478694762239,1638201.487632332,0.12167764669601393,0.0016105188779842632,-2.1945307e-06,0.010351274,-9.162509e-06,0.0044797203,103.359375,disco,-62.305237,3512.6196,92.054,582.1754,-19.720612,391.13913,17.629362,116.48567,-3.1775432,74.34828,5.4197507,90.65443,-4.0006166,66.60694,8.885712,53.601322,-2.4901588,49.579952,3.1609385,37.02117,-0.529875,46.16592,-1.4906912,39.96376,1.2983328,56.74418,0.9118191,56.381252,-1.5740798,38.93724,-5.345329,41.353127,-1.3775159,48.437122,1.9313307,71.48801,0.5238893,61.419086,-3.3288658,53.083057
disco.00056.wav,0.358252,0.09091255,0.0762048,0.0008845787,1755.29035825451,318946.62078502146,2043.0111365643324,130624.44172824005,3816.2602569296632,1651597.837356165,0.07696816648123066,0.0014079888343004336,-0.0004484868,0.0025837389,-0.0013201517,0.0023101878,89.10290948275862,disco,-182.7882,3125.8684,124.185104,575.9672,-10.062487,300.4184,41.59245,154.33766,-7.3899937,115.89048,26.952116,115.36107,-12.362844,95.60736,19.820305,85.46133,-16.069172,74.59774,16.20639,70.3132,-10.253923,54.410557,3.123712,81.32907,-8.989257,47.057087,2.1562555,66.82274,-6.1063056,77.625656,3.9118853,54.518406,-3.7005365,67.64087,4.9401956,87.319786,-1.2491524,101.58908,2.5313785,76.81107
disco.00031.wav,0.4171756,0.08384546,0.11574833,0.002512857,3257.126964639291,388756.5432308455,2898.084209645412,93310.71977068286,6681.101266961348,1591187.7678717806,0.17381451964009287,0.0027850015607972676,-2.0315786e-06,0.0062207296,-4.6129276e-06,0.005049658,123.046875,disco,-66.56881,2428.1177,58.31062,335.5481,-8.179027,259.04208,15.493415,234.8943,5.575189,141.87334,7.6971626,120.47146,4.071543,85.57627,-3.5835304,93.05142,-1.3218851,70.46092,1.6088259,50.71654,-5.482533,50.964954,-3.7345495,65.327934,-3.2398586,43.440903,-1.3290434,34.68519,-3.4326327,64.39189,-1.1864657,46.933086,-4.382923,38.70228,-3.6565218,49.483868,-2.0906227,55.35915,-0.30984747,57.257088
disco.00025.wav,0.35809016,0.09372287,0.10787619,0.0034152055,2410.0020281305497,593528.7787140912,2575.8047598645294,206396.32456717588,5080.294280155525,3104353.365227973,0.0996603950996517,0.00251235624104514,7.7040376e-08,0.0038662453,-7.931745e-06,0.008287118,123.046875,disco,-124.19868,4680.4424,90.16968,895.0374,-11.312608,272.75345,10.940362,244.93538,-1.1521436,112.71282,-3.7543976,183.43779,-0.8530474,121.21063,-3.8402538,118.39592,-3.7089515,103.52383,-0.2670248,85.8006,-5.8232455,73.6977,-3.4306006,64.41448,-4.6257415,91.34173,-4.559666,73.6165,-5.4870396,50.105324,-5.199043,36.83817,-4.60868,38.74438,-1.8111321,44.672497,-1.3179176,53.612022,-1.9561292,58.242405
disco.00019.wav,0.44494396,0.08219122,0.14695053,0.0032066081,2117.5507614054177,924459.2511009081,2143.899286453212,558547.0193588103,4198.949609526171,4729258.650119762,0.10366263847232972,0.0027911223639059683,-6.9961807e-06,0.0101711145,-9.984701e-06,0.0069677522,117.45383522727273,disco,-95.103714,8576.81,109.35317,1637.1927,-30.161179,858.6133,16.358656,254.21822,20.03973,303.74966,11.962816,68.068306,3.48553,109.30251,6.1739693,46.711216,5.2001824,33.538456,8.620757,36.834515,0.3425965,33.73229,0.3836271,36.637543,0.53627163,36.655384,-1.8029801,33.190727,0.97747785,29.280605,-0.063978635,31.697828,-3.6734533,34.6311,-2.1387339,30.068647,-3.6518173,34.27649,-4.407776,32.883858
disco.00018.wav,0.37004274,0.08823938,0.1386678,0.00227133,3043.380831699277,454650.2215577175,3001.1129616910393,110685.75107667837,6839.091978279799,1584815.239175743,0.14359928284636223,0.002750741295569123,-5.188399e-06,0.008453253,-2.0364725e-05,0.0064077033,123.046875,disco,-73.150406,3784.6648,71.752396,516.41455,12.095572,554.4649,1.3943436,446.50058,4.529426,233.24309,10.863227,202.68292,3.870923,172.8478,0.938661,116.20396,-5.9797716,135.96146,9.034468,90.15757,-2.3677683,92.092415,3.555212,70.61425,-0.14264008,79.7861,3.109238,71.21945,-0.07392059,70.293274,0.36490583,82.524475,1.084568,69.35512,1.520907,78.58493,2.3046873,91.63707,1.9287057,98.49035
disco.00024.wav,0.37260482,0.081013896,0.14297517,0.003958214,2625.095043461179,342717.7486537879,2709.9901686000894,129986.744697631,5606.407765485923,2109833.5649369033,0.12025853207236842,0.0015105879596221013,-2.4789138e-06,0.00952694,-9.141109e-06,0.008128537,129.19921875,disco,-69.599335,2324.9246,83.05957,440.6016,-16.599524,305.6574,0.11946942,189.33755,7.4157043,104.57041,0.7696189,100.77154,1.337008,75.08035,4.690686,59.411064,-1.4208714,74.2821,3.328473,66.57046,-2.8755646,61.431442,-8.202937,65.270226,-5.765528,47.92329,-0.26638108,41.52472,-3.2104323,36.189846,-1.8850925,49.471176,4.043784,54.004414,3.6543794,43.838215,1.9138739,49.10176,3.6086924,55.752823
disco.00030.wav,0.4503064,0.079826824,0.1699541,0.00464109,3168.1112406928287,671472.0835546413,3047.644241281729,80215.86660115713,6935.358062838623,1700916.1850784256,0.1508622774767802,0.005938814243950709,3.7249895e-06,0.012199807,-5.202891e-06,0.011678505,135.99917763157896,disco,-40.729237,2002.4283,63.947403,436.76334,4.90489,218.37128,16.340809,247.58649,12.100067,199.71027,9.339081,92.61006,4.540618,90.77669,5.1896324,63.844997,-0.5894374,58.58687,-0.06985202,68.63905,2.9546146,51.31819,-1.4821672,40.674557,-1.7598724,38.33936,-2.2666602,31.307777,-6.12547,45.319447,-4.7247868,33.45031,-4.742951,31.193546,-5.763995,25.358912,-4.029355,25.142727,-5.362603,24.83155
disco.00026.wav,0.4012705,0.086235024,0.14301582,0.00153522,3042.993183926036,786887.5974628016,2969.1343437380074,120447.93172110617,6611.985018231182,2410721.93606427,0.1315751681017802,0.005537727207876948,1.2978117e-06,0.011812333,1.3775255e-06,0.003874783,117.45383522727273,disco,-68.09459,2676.3816,66.36573,545.4157,11.869311,323.8771,21.982038,342.30334,9.769293,165.98265,6.6966743,120.75457,1.6115297,132.4057,3.8194947,68.09793,0.95873666,72.548874,4.773914,78.200806,-4.2044983,61.776638,-0.05883129,52.217552,-1.2347758,53.440815,0.077795826,54.234848,-1.1298578,57.741837,-2.0621068,59.140152,2.565989,63.354187,1.3888538,66.626114,2.1794925,84.84957,2.2477427,79.943954
disco.00032.wav,0.36853778,0.09038491,0.111132905,0.0044006235,2447.5053952029866,490718.9181607336,2449.620395814775,215238.8530361979,4959.620009856328,2649436.152513903,0.12327627648510062,0.0027556407973410944,7.296488e-07,0.005123389,-7.2377507e-06,0.007902115,112.34714673913044,disco,-123.20344,5864.643,86.96168,957.21094,-22.495186,520.7989,6.9312387,309.1029,8.458765,169.71721,12.637701,142.7201,-0.8590043,132.19904,-0.8323708,123.690765,-3.262091,92.82617,2.6230345,72.65929,-0.7835582,61.911446,-0.4259603,63.195496,-3.8292584,62.333168,-5.653187,57.948063,-1.8435526,53.982525,0.12274642,78.98169,-1.0618997,79.93223,4.500085,112.912926,-0.9746714,75.076416,-5.260678,120.34946
disco.00033.wav,0.39189994,0.0847769,0.15696204,0.0010311374,2450.4078120136996,408117.69105505716,2388.143725140329,175046.99582577904,5024.452951153735,1802257.8691983437,0.12449924717008513,0.0016644857537120381,-4.0860655e-07,0.014662908,-3.7101272e-06,0.0042473506,129.19921875,disco,-57.800613,2173.092,86.53878,774.64343,-11.776967,451.0874,38.7768,222.3867,2.375864,120.99739,8.829937,80.14602,-1.2931181,58.196926,9.917737,62.604877,-1.6644963,51.188908,9.836173,55.51139,3.0134122,85.980576,7.5246854,84.91733,1.7179295,75.04278,5.66263,65.40099,-0.7007106,59.1451,3.4496064,48.238827,0.13334651,54.60004,-0.95583814,55.890648,-2.637059,55.239273,1.6531117,67.42044
disco.00027.wav,0.48534432,0.08662932,0.115593135,0.0034816712,2909.983968555962,1490005.941791441,2990.754025172008,268302.4924448594,6351.153262111794,4493609.26667421,0.10124882086880804,0.005514127328976322,7.761983e-06,0.005684612,-1.523035e-05,0.006559619,112.34714673913044,disco,-155.63731,6590.2104,60.568497,1231.0889,23.166864,1419.8746,31.186352,319.56564,25.054384,262.98984,16.906992,152.29303,9.43836,116.835526,8.449133,120.7932,5.317451,95.2378,6.5566573,62.351707,5.7627544,87.19434,3.9231863,56.517746,7.559716,67.22847,2.156522,44.47539,4.4279866,54.19773,4.34529,47.36763,-0.023135856,39.817852,0.8937063,45.654366,-0.4949651,39.341072,-4.7843685,43.98115
disco.00023.wav,0.4352631,0.08672249,0.1782089,0.0019673735,3167.808308145324,701074.2502589044,2934.994369827443,99980.62531028659,6730.517634813999,1984844.6787450856,0.15100324412248453,0.006586956391418723,1.6636037e-06,0.015909078,-1.7528761e-06,0.008400653,112.34714673913044,disco,-32.173412,2747.229,60.033607,769.9857,3.3775675,405.5772,18.969069,379.14172,4.326335,287.06116,0.68113494,182.86198,-2.0263913,166.28477,1.3316941,106.64893,-4.64699,88.65288,3.7893417,71.612885,-6.734154,57.036304,-4.892331,38.746334,-2.3437293,58.304955,-1.6774993,39.371353,-3.493383,47.61617,-2.6775057,44.67254,1.0068876,40.08108,4.012039,60.076965,4.7022734,56.63742,5.8544073,49.877186
disco.00037.wav,0.45458192,0.08182306,0.16388439,0.003632434,3637.551798162976,486877.7632923505,3198.8678390173886,61165.16262671084,7771.0863426373835,1011950.3328236748,0.19009560032894737,0.005135657462153778,-7.918038e-06,0.010205321,-1.4609053e-05,0.009815892,129.19921875,disco,-26.568245,1776.2301,52.047867,306.26157,4.1779747,193.00734,12.859308,177.20409,16.740139,118.433075,10.133737,68.39373,4.4751606,67.51124,6.326911,46.80407,1.1580266,34.378216,0.64618844,64.78107,4.612163,90.378944,2.143196,32.35447,-3.3678746,48.995514,1.62928,30.005291,-1.8801037,31.615215,-1.0871792,40.166397,-0.67252105,30.156849,2.382105,50.690464,4.165998,50.055035,2.8615508,49.66891
disco.00036.wav,0.43479115,0.07623413,0.17306745,0.0030287437,3348.2009991791724,293089.7182276381,3013.270649779574,72043.02000455972,7057.757322707043,906382.1550957463,0.16205155222039475,0.002494184388018051,7.656204e-06,0.0110517545,3.3707618e-06,0.010541955,135.99917763157896,disco,-23.558336,1585.1885,57.343533,291.7327,7.011987,249.9271,16.525126,141.85735,5.500359,82.61654,11.859777,110.3198,1.6749339,55.80198,5.4618583,45.092487,2.7552292,47.929214,7.3391514,46.500286,1.9634923,41.543736,1.2612276,47.090324,-2.3459413,45.255123,-2.3197463,45.757782,0.108948275,36.918053,-0.1454609,43.67885,2.2749884,58.44911,1.580436,55.262383,-1.84563,41.714897,-2.4429183,46.76444
disco.00022.wav,0.43536064,0.089466535,0.13689657,0.0043005794,3707.487312505618,801874.4192024465,3249.3744818532323,112201.59537814581,7806.927792575706,1703176.03017895,0.17289993711300308,0.008334980534858646,-2.7137548e-06,0.007741389,-1.0861893e-05,0.008027847,123.046875,disco,-71.94239,2090.1985,46.88916,456.7734,21.026213,225.0537,29.95096,184.98277,9.497893,139.73363,2.4052784,93.75858,8.244612,77.67341,2.5142548,64.82153,-2.162969,40.446854,0.43971246,62.45803,-0.23318739,53.008472,-1.5565152,48.86447,-3.6136653,35.72276,-3.8174977,39.618317,-5.2896686,31.58845,-2.9235542,37.77045,-2.9003375,62.700706,-1.7993289,46.00193,-0.71562344,59.40928,-0.98826045,55.313503
disco.00008.wav,0.45534128,0.08667192,0.19060382,0.005648539,2802.541418287883,309759.46415812784,2424.9610177239656,98413.8031442379,5449.683713174826,1174761.4263249054,0.16440792497097523,0.0031510549818156916,-0.00031293032,0.010407526,-0.0010893886,0.020792173,123.046875,disco,-32.467175,1614.8341,65.00107,414.79016,-26.697556,383.7353,30.282536,216.34647,5.743129,163.9093,11.739748,123.27379,-2.1584125,137.50003,10.449982,80.98152,-2.3618212,96.2076,5.323516,74.50299,-3.80813,97.77719,-0.86119616,58.692665,-0.1878253,67.82808,3.465425,55.581886,-3.0110605,60.199654,0.43562254,74.37434,-0.93142164,65.15555,1.1783149,66.398026,0.0062353173,76.41658,2.8587086,81.83509
disco.00034.wav,0.3576598,0.08562992,0.12288418,0.002010328,3653.396938317012,318522.2626879125,3234.1734231198407,61937.85182289389,7835.32762084583,556121.0546121306,0.18083450742550308,0.003205516679531548,-1.1797054e-06,0.0070258463,-8.559068e-06,0.004712677,129.19921875,disco,-65.79326,1610.2891,52.831802,193.5745,16.578833,324.51843,12.54698,226.17778,5.604338,135.47653,8.383382,153.35852,-0.610474,73.55558,-0.6237842,67.78639,-4.082043,71.228355,0.686859,80.45496,-7.787458,61.877285,-1.8914621,48.633957,-7.2499976,71.3284,-5.273299,42.956425,-3.0442162,52.033783,-4.339184,65.633224,-2.543758,61.35791,0.72082615,66.765465,-0.30960423,68.08942,2.936622,71.372375
disco.00020.wav,0.34271052,0.08726526,0.124615744,0.0008327193,2117.828754709546,514419.9751605385,2114.987397636512,192512.62858578254,4351.2236887456465,1973606.6530578823,0.10330171850812693,0.0022136205575856685,-1.0174207e-06,0.008590817,-6.480354e-06,0.003505748,161.4990234375,disco,-103.961624,2985.9277,105.80915,1418.8402,-14.32573,439.12897,36.73847,233.07912,-10.348667,199.34155,16.81085,87.14842,-6.8228097,76.53264,8.140345,74.46339,-4.461959,66.689064,0.98826367,78.86244,-10.006155,77.864204,0.3835429,63.86906,-1.7078525,56.24044,2.965632,55.651566,-0.89472985,48.276493,-3.0466805,39.525425,-4.439489,49.87805,-6.513695,48.257095,-8.457305,67.84431,-2.7770846,63.8426
disco.00021.wav,0.401155,0.0879151,0.11133677,0.0020288674,3248.532892801311,683810.582641794,3305.018067234049,223088.93838936294,7422.538450258804,2753323.596123787,0.1240548054131192,0.002024575222379404,-4.721508e-06,0.005697743,-9.215963e-06,0.0044980072,107.666015625,disco,-115.132545,2539.756,70.42538,482.34732,31.242792,818.87714,11.176329,250.47722,13.06419,125.880936,3.867458,114.81744,1.8087032,51.663372,4.9707108,77.71302,-1.0388266,78.20794,3.9260278,53.38585,-1.292635,82.117004,-0.6884156,58.757866,-1.0751352,40.643703,-0.14145264,34.333378,-2.1613638,55.360813,-2.3170588,46.873768,-6.3917284,59.72979,-5.3133707,72.21398,-4.9977107,40.91585,-3.8522289,46.1108
disco.00035.wav,0.4026628,0.082115315,0.15231217,0.004369273,3623.816329797985,917054.28401059,3229.652358619963,107449.82580607776,7702.895088313903,1905643.476030101,0.1764282604489164,0.007320201335582988,2.1793753e-06,0.008154582,-2.3716095e-05,0.010974272,123.046875,disco,-51.8135,1871.054,55.668415,590.4416,11.39662,303.10004,7.4714847,174.15237,12.000198,123.2642,6.2591653,65.971725,4.3569694,83.89117,4.3104258,46.87005,-5.940892,55.77605,0.565794,52.619987,3.599389,94.63053,-2.388708,48.00422,-5.8230114,50.51684,-4.5261793,32.661324,-7.0146923,33.25706,-4.256947,43.385517,-1.7328705,50.604557,-2.1438158,51.102898,-2.4903357,46.826485,-1.540589,53.373554
disco.00009.wav,0.44215426,0.078673296,0.11894808,0.0018838085,3016.630571985955,567030.6915733874,2623.3927917379524,170477.97419870927,5954.647326395608,1964290.899609285,0.17065354102167182,0.004731790015000681,-1.0831047e-06,0.005401477,-4.4837047e-06,0.0057336567,129.19921875,disco,-68.970566,4135.7314,63.131035,621.83734,-15.854861,537.8107,28.00219,155.90608,8.1834755,152.00505,7.321166,73.51517,-4.936118,63.179245,9.494793,40.317097,-0.9736147,50.5649,-1.6035987,56.94616,-6.1901298,55.252033,-3.9367528,49.96048,-1.1710128,47.00802,-6.543671,39.621735,-6.177693,43.380074,-5.0452127,30.123936,-4.4068336,42.47618,-5.375081,40.422375,-1.6540104,42.669178,-0.8894558,46.8251
disco.00010.wav,0.43755716,0.08765383,0.23285034,0.0030283506,2877.646855543141,337773.1753814555,2624.146129891107,76467.15611830365,5866.05619542739,1124438.692068902,0.15032410990712075,0.0035420010379164954,-0.00024649088,0.027389063,-0.0011509379,0.012761444,107.666015625,disco,-6.7841387,1172.3812,61.12633,382.6978,-16.656654,295.57623,27.431992,128.06592,7.7223644,152.75826,16.008894,95.889984,4.6347065,104.589,11.449501,71.04873,0.336292,61.865856,9.832177,58.12374,3.1856217,49.28959,5.025588,65.40978,-1.8622084,50.86884,1.4820429,43.467484,0.94124126,59.824505,-0.43822485,60.00514,-0.7317001,72.707115,4.4446707,64.71556,-1.8448054,60.21739,-0.6028676,69.46457
disco.00004.wav,0.3821435,0.088923186,0.114560604,0.0032050167,3328.830808812161,641059.6853982346,3111.8212935297233,133921.95277140138,7196.373151182759,1937014.1700431418,0.16905150989260836,0.005121490882401667,-4.503246e-07,0.0049058623,-6.5421827e-06,0.007988989,123.046875,disco,-83.583496,2145.2004,64.47946,405.86642,5.6559176,383.72046,2.7011647,191.2231,0.79031587,167.48991,6.1708026,92.57016,1.892269,75.49532,1.9798597,65.22111,-1.816445,78.287796,1.8574665,69.152,2.4598763,67.73833,-0.22793381,44.80185,2.9555101,45.87565,-3.3824587,42.36351,-0.8796456,44.90409,0.044985484,43.121773,-1.5710961,56.46751,0.55798125,48.382843,0.3023729,57.837147,-2.7803588,47.78659
disco.00038.wav,0.37071827,0.08674759,0.11312769,0.0018857832,3354.360372505759,561107.2182217397,2987.367057986614,111522.77528655967,7044.907400408765,1760646.6413235583,0.16828847595781735,0.005631912979962966,-1.9288952e-06,0.0052702804,-8.286524e-06,0.005185783,123.046875,disco,-77.395744,1783.4814,52.15557,472.45197,-8.997961,485.1471,12.852356,299.21725,8.566091,166.26918,2.8920133,222.6455,8.930743,154.72008,4.013753,98.49874,-7.3446417,90.19662,-2.260518,92.61504,0.9621685,66.97384,-1.0486538,74.75358,-3.7624757,61.88707,-3.5320663,55.851315,-2.4292212,71.12911,-4.880999,105.61936,-1.8485126,99.68518,-4.1706743,111.93583,-1.6632475,67.38536,3.508745,81.667244
disco.00039.wav,0.34097588,0.089139685,0.124338545,0.0013027248,2328.7358232995766,337536.36451978073,2432.2106054853166,256400.8412340245,4868.278895516883,1960923.630262798,0.10118608504256967,0.0007948100725118061,-4.3554455e-06,0.009737991,-9.016153e-06,0.003388989,112.34714673913044,disco,-107.36452,2378.3792,91.02147,705.90857,-8.338967,578.42505,34.284462,300.43872,-1.9262822,128.44243,3.7966006,150.95654,10.531457,85.9546,5.5613923,95.36147,6.9440746,89.947716,4.7774057,64.22759,0.6849833,62.28316,-3.8546646,49.47818,-2.5791147,46.154022,-0.90398204,53.1893,7.024838,83.10703,3.7832522,67.5135,3.3438797,78.77288,5.20636,95.47402,2.8768697,89.77406,3.1789966,123.30715
disco.00005.wav,0.44927672,0.081690975,0.20725702,0.002891277,2722.0804866206827,436336.4404364432,2569.2334475067137,89296.5932031601,5469.600259408862,1683542.283527606,0.14455203596652477,0.003850076711338137,-0.00012001896,0.021367678,-0.0012938412,0.010785174,107.666015625,disco,-24.69177,1556.9062,73.7432,580.2837,-11.558471,296.53143,28.394289,210.99893,6.2409563,122.85642,2.465622,102.62686,8.6340885,103.528854,12.309108,73.515495,-4.102859,67.78932,13.385866,53.01199,1.9154304,39.938366,-0.97336835,57.197624,0.6083648,35.97351,2.3642092,44.488144,-3.7914464,38.15818,-0.9334681,42.72929,-0.8856284,66.44781,-3.499582,78.41303,-0.97060335,67.043465,0.11684973,90.081535
disco.00011.wav,0.3736674,0.09234189,0.18885729,0.0020695338,3132.849239309041,628101.1719553827,3007.9676708192465,110580.11330078494,6864.0001609967585,1443968.9355236618,0.13097653226586686,0.005438543255335599,-3.6734114e-06,0.021337792,-9.138427e-06,0.0070409565,95.703125,disco,-41.32795,1511.293,62.794346,518.5556,7.325327,356.42673,12.125494,174.10132,6.3566375,106.95477,9.265048,134.97234,3.0930905,122.61334,13.867353,75.031494,0.16360393,71.54485,8.0671015,60.36912,-2.6970012,70.46486,-7.219517,61.104187,-3.2453783,43.303425,-1.9231242,47.62803,0.5200374,41.841484,-3.1877127,44.925175,-5.547015,48.528343,-9.166517,36.891155,-10.670773,47.821106,-5.9729233,55.893272
disco.00007.wav,0.43156642,0.082806535,0.15960243,0.0049006483,3099.1841465490747,545294.031789821,2728.3135813025015,129287.52530191626,6098.354790749565,1708960.7996637637,0.1402841101489938,0.0028590872331192983,-1.361666e-06,0.009587614,-1.5178921e-05,0.011927833,129.19921875,disco,-53.44801,1762.2308,56.161034,780.6935,-6.3209867,326.55112,31.619057,317.99307,4.6533747,131.66403,16.347412,105.726105,4.1198163,86.372116,1.8823282,88.83403,-0.3882388,57.958965,2.495932,48.76803,-0.5415108,58.86512,0.9562786,49.285603,0.49564812,41.563587,-0.1668209,41.918808,-1.8157804,43.298542,-2.5324876,48.469254,0.8160483,56.19729,-0.34222037,49.8181,0.56009203,62.50842,2.7850673,63.956966
disco.00013.wav,0.42132524,0.081920445,0.1707804,0.0023804745,3391.8321168993366,591634.914794814,3108.9716838169015,87600.40741457854,7204.406435939919,1352477.1670728652,0.15957688842395512,0.0048430124756842635,-4.7377644e-06,0.012006422,-1.793021e-05,0.008502213,184.5703125,disco,-40.070427,2633.439,56.20911,405.8598,23.679754,307.27783,31.92545,209.52878,2.4516678,113.57672,2.5737195,112.81124,-2.4787798,120.029144,3.092059,55.669987,1.8828633,96.951744,3.3509662,65.42304,0.00014280903,45.003666,-1.5209646,52.184017,-2.4554949,41.44918,-5.073821,42.86538,-3.6762688,35.80385,-7.849821,35.148605,-3.038609,55.410732,-2.7839165,45.43343,-7.496366,69.971,-3.6325722,67.064995
disco.00012.wav,0.42879608,0.091079965,0.1758003,0.0036676195,2739.0755703377026,488741.79547718546,2613.798191795889,129600.22387551588,5710.898800309597,1880208.1873190082,0.13174939229392416,0.003866867829216286,-0.00039965328,0.0142112905,-0.0010032379,0.010681849,112.34714673913044,disco,-57.66927,2343.7708,68.380356,673.4562,-15.251752,379.27032,23.414114,233.3646,14.855438,133.77615,13.172661,151.12102,2.1979194,89.396034,12.811309,76.49517,0.06121479,95.546196,12.777958,64.684235,0.03940568,71.780365,3.3698213,56.462486,0.8151105,53.918694,1.0514909,52.346542,0.54541034,43.49713,2.9783316,79.311,2.9126883,78.11394,4.022737,88.63511,0.5252391,61.237923,1.9603633,66.661415
disco.00006.wav,0.4739877,0.07756203,0.19194463,0.0021137926,2848.2245207476594,148736.1097488319,2490.6496151623014,79271.4097784232,5506.550035978618,832002.356016293,0.16366529907604488,0.0013394942677917188,-0.00033612055,0.016939852,-0.0014737907,0.010423007,123.046875,disco,-14.574394,956.68884,65.21034,292.59415,-19.872639,338.09253,31.508326,228.18796,-4.8264494,139.41753,11.86232,84.17442,9.994609,123.62291,5.9573913,68.66318,-3.8033693,61.914394,9.377889,72.300964,-4.387916,62.386887,3.3395407,62.56089,-4.444171,48.214924,-1.267118,35.151203,-0.83626723,41.698055,-2.202067,35.41899,-4.7423997,38.424995,-2.6242146,45.37835,-7.4693303,52.64908,0.22922209,43.70852
disco.00002.wav,0.4118954,0.08443124,0.16131842,0.0021873477,3591.73383244625,497996.2385353586,3398.251476007568,70140.93904733681,8074.159509995405,836279.415887767,0.1533482790731424,0.004516685297173595,-2.0377079e-06,0.015186585,-8.398272e-06,0.0050292592,92.28515625,disco,-53.18525,1363.9463,57.178467,265.60245,21.168882,239.52733,11.324465,262.8957,18.12236,124.33761,1.6665678,95.64379,0.34381613,79.47298,2.3195999,50.683617,-5.1097407,85.53807,2.7499392,53.04092,3.1528792,58.147,-5.519139,51.5599,-3.1672285,49.259773,-0.5232683,32.746635,-2.650019,36.8633,-1.990413,25.185516,-1.2388086,26.98114,-3.371039,35.751465,-3.7308137,61.19957,-1.4404519,51.76367
disco.00016.wav,0.43456846,0.082999595,0.20560874,0.0019388539,2522.8702609517236,522953.5638077568,2564.5703679361486,182504.81283389236,5342.909358824739,2435021.1871948875,0.11443506010545666,0.0022549508805518527,-0.00011158487,0.021415552,-0.0013694727,0.010094881,123.046875,disco,-36.030983,1886.9071,83.65931,741.161,-2.7294114,313.35132,32.392513,163.06943,9.1963415,75.9884,4.1342163,98.13309,0.033838987,87.96735,11.114394,60.6925,-2.8908205,58.927395,7.905869,49.125755,0.6144371,66.98506,3.6502342,45.241707,3.7515383,61.810844,4.0707974,41.802727,-3.3186333,52.475952,0.09888036,69.229294,-3.843196,55.875713,-0.50684434,57.45979,-3.4149015,57.323177,-0.77121055,64.38952
disco.00017.wav,0.40469867,0.07935938,0.11607086,0.0034968145,2564.6775896822555,887188.7642455463,2670.2675671248467,294512.30074980616,5388.992413500145,3831585.83802862,0.12076004075561146,0.004198349578746294,-2.294007e-06,0.0038074222,-7.920296e-06,0.009192787,123.046875,disco,-98.156845,3439.949,92.40119,861.15424,2.6636739,431.2791,19.337894,282.6284,3.586051,190.21295,-1.7657074,140.11148,-1.7049835,73.7438,-3.1714423,74.44153,-9.09204,77.54961,-4.080457,53.967403,-5.1855764,65.14191,-5.48785,52.554573,-4.233516,46.67514,-3.7713585,35.095024,-1.7159791,34.192917,-5.584648,43.30707,-4.687199,29.94667,-2.7077785,38.880302,-1.8423917,59.249454,-3.09303,29.930319
disco.00003.wav,0.49482712,0.07707849,0.19658779,0.0020768032,3048.5690425083776,781227.0745992672,2722.6250368277992,139021.60703136286,6212.837431822029,1963990.3198416473,0.14965177837171054,0.004724802021699016,-0.00028059626,0.020768773,-0.0012168848,0.008390656,129.19921875,disco,-44.234295,3167.9304,52.219402,713.1362,3.3025825,649.2784,43.808002,189.36331,12.616858,127.7555,24.422096,142.38564,4.970884,55.728027,15.334078,49.064503,2.0627646,37.666862,10.375376,54.44837,-1.5161042,41.280083,8.84058,33.397717,0.42485893,36.39634,4.697436,36.362648,-1.7848299,33.75134,2.95374,35.337673,-2.0194726,32.262764,-3.3882825,43.89042,-4.1944323,47.30945,-0.42168602,53.419693
disco.00029.wav,0.38407364,0.09447354,0.1475287,0.0031860233,3075.059149844922,384631.3917532743,3031.881214983589,119203.77432558517,6848.758586493808,2000378.685672155,0.13853393176760836,0.00249656248474175,-1.961629e-06,0.009501646,-9.28927e-06,0.007741621,103.359375,disco,-59.006565,1846.1858,68.87012,338.05298,-8.457222,225.41902,3.5900607,185.79192,5.0725217,130.52896,3.284628,111.05518,13.525487,94.56142,-1.3692731,86.87847,1.6712121,84.76641,3.712645,74.92722,-3.715991,85.394844,-0.31718883,55.288048,-2.8357635,59.816032,-8.801013,63.557228,-4.4926963,60.33329,-6.412872,68.472755,0.4543389,77.1158,-2.2726712,94.264465,2.9792905,108.54218,-0.018868461,106.826454
disco.00015.wav,0.4146435,0.07952031,0.2158627,0.0021168832,2361.735960891677,691524.9099518781,2806.608081873163,318626.9740939454,5438.25878225982,5153400.064542931,0.09018917497097523,0.0015565742665157839,5.9108693e-06,0.028988926,-7.0572273e-06,0.006415427,123.046875,disco,-46.826416,2517.312,103.7258,887.8322,22.146416,398.90475,9.233178,184.88925,2.2635014,145.1999,-4.791668,114.21915,4.8094583,141.75203,0.95852304,56.505283,-9.410542,58.65191,-1.0655136,87.49873,-0.8630862,59.891666,-5.27438,49.84648,-1.7578692,59.78464,-3.6494381,44.591408,-4.312637,39.568436,-0.086329125,35.83756,-2.5016928,43.637352,0.5423791,32.76273,2.5184677,37.621536,-3.544737,46.90257
disco.00001.wav,0.41186738,0.08646375,0.1770407,0.0026052524,3290.4921281244474,554491.3035284233,2766.2269941018653,138145.357956219,6514.877272095105,2072272.8581455208,0.18854685685952013,0.004393549383039116,-0.00019160764,0.013811682,-0.0012331208,0.009932798,117.45383522727273,disco,-28.934706,1147.1754,51.971786,524.67645,-7.6104946,380.62866,21.605564,181.25293,8.12836,79.87118,18.120981,94.19276,6.8754973,76.85044,6.5840025,53.815598,0.7281346,47.847668,11.147646,60.740856,-1.8413448,41.74384,1.6686252,45.785683,-2.6266406,42.579395,-1.3988687,42.90183,-3.6203122,44.349247,0.1959263,61.542847,-0.50231105,92.284485,2.492097,82.206726,-3.476496,67.27199,-0.12979735,82.38476
disco.00000.wav,0.44586715,0.08784772,0.14226125,0.004142852,2297.0855298395068,899963.4197974107,2566.0415489788993,192574.73823547643,4888.128775487374,3892550.719622683,0.09633501838235294,0.007033283539839596,-0.00038836856,0.010639414,-0.0011767505,0.00741604,117.45383522727273,disco,-111.17791,4414.1323,94.0352,1434.2213,12.515315,563.6685,16.74026,198.65564,8.181677,155.98648,15.667253,145.16953,-1.3758588,113.48822,7.0394297,81.82823,0.97360975,57.82,-1.4805396,55.60365,-3.0693026,78.00308,-5.068189,71.509926,-3.684127,52.90668,0.23450817,58.09559,-2.0857089,52.7546,-1.823721,39.61415,-5.340757,32.552467,1.2517449,41.9335,-5.591701,41.74473,-3.628164,30.901817
disco.00014.wav,0.43621334,0.07605368,0.17372327,0.0011844246,3087.483970853388,286278.54208355705,2812.6634814898784,58359.12987511035,6530.043847051567,959858.5175319624,0.156306688999613,0.0027040532102413813,-0.0002493947,0.016447019,-0.0014752455,0.0064193564,103.359375,disco,-23.927662,1055.9014,61.220757,369.8583,-0.9586992,173.44183,25.331013,115.628555,0.39423466,69.57296,6.0302544,82.4707,2.4890816,55.976418,6.189192,38.28482,-0.3292669,59.69639,9.696876,68.19608,-5.5078354,45.319393,1.0618182,38.935577,-2.4369648,48.519077,-0.56662,37.812344,-1.5567182,38.88419,-0.896729,32.34904,-6.7337766,32.520863,-3.7109935,38.149235,-4.4605083,36.896187,-0.77398515,47.536694
disco.00028.wav,0.48300156,0.08117788,0.17252432,0.0033806865,3713.366946149792,1023251.8875803859,3188.443143865485,83724.6916372567,7726.378279647591,1555352.9618049855,0.1982474784732972,0.01344487317359433,5.865849e-06,0.009771907,-4.2347932e-07,0.011785141,123.046875,disco,-20.481245,1685.7957,53.708107,431.38004,5.9459267,363.57822,10.153069,205.046,17.057161,125.91946,9.541378,60.32847,4.6119027,74.40534,6.398941,49.266552,-0.33330107,53.2612,1.7238895,64.181915,3.6845264,80.7111,-0.77463186,40.442734,-5.887973,47.572,2.3219109,39.63048,0.36891213,31.310207,2.7516134,30.551918,-0.53185666,32.881844,-1.2027638,31.630499,0.24694541,31.111664,-1.2757894,32.30681
disco.00073.wav,0.44640386,0.076095566,0.09553592,0.00172847,2846.8226092079603,315032.3075165919,2460.2125329956,52224.203548412195,5925.3808366994,756713.567652163,0.17636703632933437,0.004518516011997672,0.00019357378,0.0033144823,0.00096110057,0.004344108,112.34714673913044,disco,-95.25163,3050.4216,82.25366,440.42172,-26.221525,236.18987,37.522614,181.7749,-16.3551,132.1673,25.29429,67.896645,-21.796482,79.422905,21.811947,60.23545,-20.064442,44.93579,16.297644,50.229736,-16.119652,42.33869,14.439221,34.106815,-11.907043,33.967926,7.1689878,25.45642,-11.668229,29.357891,5.0781107,23.173737,-10.222132,28.654064,4.7934794,26.274363,-6.018383,31.852228,-0.2414337,30.268099
disco.00067.wav,0.36500356,0.08137125,0.09135411,0.0009403752,2541.995563795192,258951.79468348913,2289.3365138825743,63321.724945019414,5183.035325561145,893902.4488001334,0.14330827931501547,0.002805459051334493,1.6052456e-05,0.0047133463,0.0002725615,0.0019601379,99.38401442307692,disco,-103.76036,1856.0953,92.46227,398.54642,-27.230408,285.18195,39.22129,187.97934,-23.052734,86.87293,20.634798,86.66985,-17.766901,61.849693,18.950552,43.19058,-15.204782,57.749886,16.394331,46.904976,-14.662064,44.360325,12.249461,50.10975,-14.973013,52.35077,8.244381,49.38092,-11.897316,39.849,1.0192477,41.44493,-8.905782,48.722637,5.179015,60.56036,-6.445104,56.654827,1.7000207,66.02369
disco.00098.wav,0.44086853,0.08250375,0.12268789,0.001557975,2417.4575778644535,353120.7656668953,2431.704296381701,82567.35814260697,5384.717439350329,1413476.8104687498,0.11262743687113003,0.0026883472809355853,-1.1928898e-06,0.006011399,-5.9236867e-05,0.0051244916,123.046875,disco,-91.597725,1844.4536,99.463974,424.5319,-8.991621,267.836,40.185043,204.94391,-18.037636,144.44365,22.567217,122.00374,-21.956272,116.80851,15.782541,94.365234,-25.665386,63.66809,17.664223,57.95569,-13.675539,53.352367,15.635084,72.059654,-15.469164,48.99903,4.5212984,44.247078,-10.157356,55.653736,0.4606567,49.110363,-10.151421,40.068962,4.796902,45.100475,-6.8835435,47.38723,-0.9924836,41.134678
disco.00099.wav,0.44086853,0.08250375,0.12268789,0.001557975,2417.4575778644535,353120.7656668953,2431.704296381701,82567.35814260697,5384.717439350329,1413476.8104687498,0.11262743687113003,0.0026883472809355853,-1.1928898e-06,0.006011399,-5.9236867e-05,0.0051244916,123.046875,disco,-91.597725,1844.4536,99.463974,424.5319,-8.991621,267.836,40.185043,204.94391,-18.037636,144.44365,22.567217,122.00374,-21.956272,116.80851,15.782541,94.365234,-25.665386,63.66809,17.664223,57.95569,-13.675539,53.352367,15.635084,72.059654,-15.469164,48.99903,4.5212984,44.247078,-10.157356,55.653736,0.4606567,49.110363,-10.151421,40.068962,4.796902,45.100475,-6.8835435,47.38723,-0.9924836,41.134678
disco.00066.wav,0.45084125,0.08070398,0.16957618,0.0039074216,2492.85210583472,487598.9993958763,2277.9018385516206,111857.04859825093,5114.627405881143,1507525.4379974985,0.13862576794698142,0.003985294705182067,-7.5005655e-06,0.008626845,6.793509e-06,0.014058991,135.99917763157896,disco,-57.606716,3757.887,96.69189,646.5905,-24.42202,496.2199,40.01419,211.57986,-17.260252,161.23656,27.834213,96.48465,-13.297422,138.98763,23.196402,81.803085,-16.528564,65.69975,19.427145,71.79351,-15.485601,72.00182,11.82569,72.206055,-10.574847,76.211365,8.359429,65.410706,-9.370791,79.989716,6.5462084,59.26119,-3.695063,60.22271,0.34709242,66.34898,-4.4089584,62.11358,1.5547028,77.48841
disco.00072.wav,0.43430063,0.082521014,0.08449773,0.0015846646,2902.9834800553963,454471.0132170443,2302.247545056725,78042.60025207573,5470.541920381434,1127625.2385315644,0.184138720249613,0.0059464307364921675,-0.00064393,0.0034102872,-0.0010036881,0.0027455594,135.99917763157896,disco,-128.46767,4184.099,67.26374,596.0562,-36.918983,542.03723,40.90837,441.12085,-21.745594,281.9389,23.162697,224.17299,-13.252984,146.91292,13.093862,202.36685,-14.004484,114.55187,17.799566,92.68069,-15.179246,81.4735,16.37246,94.03322,-10.465581,67.439644,12.8358555,65.01492,-9.216798,55.71373,4.3896093,50.875103,-5.4432764,41.255737,7.246392,50.17793,-2.667623,77.451744,6.573777,96.340836
disco.00064.wav,0.3882117,0.10087576,0.09222451,0.0009689628,2144.2930792368275,511425.1901658221,2404.1594471279436,158906.91886847315,4947.728415096507,2275131.9514129576,0.06485183763061146,0.0013409250523545417,-0.0024486221,0.004848381,-0.0025038715,0.0025531335,123.046875,disco,-189.21512,7445.973,93.95932,521.37714,7.905782,854.7688,41.8906,297.22784,-7.0920463,184.6984,31.882492,111.39673,-12.586036,121.425415,24.2205,71.79679,-6.057699,109.63875,24.537947,93.780426,-6.0252366,148.71086,16.76309,131.57767,-2.0117977,97.20221,6.338117,106.278786,-8.548105,80.41693,3.8101704,46.06581,-2.5845132,54.630676,-0.8613339,68.685265,-3.1122644,96.916954,10.213786,83.15845
disco.00070.wav,0.45550197,0.07098176,0.11101833,0.0013898088,2449.296921443876,212544.2459059436,2311.913698234346,62988.08293727013,5185.360311502273,867294.0213600363,0.1346148322610294,0.001513316863722064,0.00017729404,0.0046637733,0.0011796111,0.0047755586,107.666015625,disco,-81.727165,1648.1088,97.61068,323.80035,-27.583755,292.32843,36.644188,151.43353,-17.252998,115.40519,30.76932,75.20753,-15.948635,98.506355,20.968245,47.090218,-16.22693,53.54305,17.418455,66.82321,-13.363811,46.30473,15.080846,37.10221,-10.38692,31.58504,10.253875,31.641043,-8.392583,31.453617,4.7922664,34.328354,-7.943187,29.286371,2.3002288,30.747768,-7.105159,27.582449,1.768119,28.278748
disco.00058.wav,0.4172434,0.08886744,0.12223055,0.0023183774,2217.968214173905,390710.65800472815,2245.2102774128343,98805.68387423172,4743.712982083252,1361410.1684142647,0.1109932819756192,0.003632434089478446,-1.7540085e-06,0.0045539704,-3.1446947e-05,0.008139102,129.19921875,disco,-109.5915,3067.218,104.1451,550.1458,-16.217413,446.83847,45.376465,164.26778,-10.195766,132.62439,25.558594,161.04726,-17.158018,93.56989,22.278688,73.174805,-16.850662,68.29656,16.535793,110.52986,-12.096706,81.52655,8.670637,82.18623,-8.84719,65.65711,5.2464542,68.24018,-9.296139,52.601654,3.4515903,57.59896,-7.895842,42.938454,1.5266706,48.439896,-4.04567,44.17226,-0.10831425,65.457214
disco.00059.wav,0.40335345,0.09060033,0.1169598,0.0028653964,2279.818496274841,582520.5398432441,2269.7688540934105,152254.99137508342,4828.345803653493,2336479.8555970583,0.1102181543875774,0.004757628823471802,-1.3120958e-06,0.0059042107,2.6788464e-06,0.0056427233,123.046875,disco,-109.0528,4124.7563,106.848564,1023.86194,-18.27907,433.2854,23.423592,172.58951,-17.764582,128.70114,19.019663,166.66537,-13.615213,138.46333,18.686106,88.67785,-18.371767,94.6489,18.402843,76.46415,-9.714787,66.17119,11.857384,79.46257,-5.5605235,73.495445,12.884756,72.32384,-3.8281438,91.94699,8.68438,81.174225,-7.081267,61.78847,5.4192944,59.06677,-6.198667,83.65953,2.327917,52.986538
disco.00071.wav,0.4355066,0.08220167,0.09814837,0.0015636311,2809.021561476355,358580.81743156293,2530.893093437794,51082.70104636784,6001.3803771405765,724385.1208469572,0.15595068208204335,0.004671281797883679,-6.837052e-07,0.003859977,3.3537966e-05,0.0037042964,112.34714673913044,disco,-105.51604,1590.2484,79.25659,316.62195,-15.207652,365.04974,40.825546,136.01399,-12.267791,130.45247,23.559671,119.15648,-19.938488,85.0212,27.319258,77.839134,-16.512426,92.87895,21.538397,72.87883,-11.68012,44.620605,13.991893,44.851162,-10.775013,42.513744,9.377955,36.796852,-12.224892,40.619106,2.0753548,38.38396,-12.2306795,31.753187,2.8724236,46.309338,-4.684766,43.977192,8.17402,60.41982
disco.00065.wav,0.47108957,0.08562546,0.18535407,0.005562468,1887.648892045496,315524.64499232307,2191.1875941182675,104809.28951606514,4364.948605752951,1668233.1761028774,0.07365715097716719,0.0020163522176272065,-0.0009772384,0.015864851,0.0008531661,0.012390884,129.19921875,disco,-106.243805,5124.3984,105.575874,481.94058,-5.5135617,862.79584,50.055813,225.56807,1.2439842,130.77847,37.0026,121.401146,-9.622076,87.47026,24.011703,97.44413,-8.668455,64.25774,14.975656,65.85034,-2.526041,69.93146,9.765439,100.66809,-0.9115711,64.73547,3.856074,72.26555,-1.5508848,58.587776,3.5663254,39.09409,1.5332674,44.656307,2.0969243,37.290478,-4.0135326,48.038143,-2.6234522,46.070724
disco.00049.wav,0.4213732,0.08551899,0.20951693,0.0072259326,2397.052524918614,565492.6137102195,2208.5337721945857,134522.35250032376,4920.695245229053,1755409.8006983341,0.13532117719620743,0.00542519621745355,3.9756182e-07,0.01834129,-1.4255442e-05,0.019993972,123.046875,disco,-45.132,3615.1223,98.671646,914.36804,-24.668423,500.4132,40.512596,172.92406,-18.104605,151.68712,26.115303,110.41972,-12.69484,141.07774,13.988503,70.94996,-15.421142,62.374233,16.179258,61.65721,-14.377716,56.40289,8.140356,46.731583,-11.939819,61.55977,5.3776064,48.970577,-7.686566,47.082108,3.684058,39.04912,-6.807864,35.93242,1.4850638,33.209812,-5.80723,30.178251,-2.5007093,34.94705
disco.00061.wav,0.3233638,0.10402923,0.18443452,0.009693522,2550.135383866737,482531.3955239027,2486.0206503089084,135582.44071452168,5585.291226508079,1942665.3082968374,0.11589045568885449,0.0025406783243370973,0.0030674154,0.012584816,0.0035480158,0.024391895,123.046875,disco,-91.88631,5399.2725,87.60406,521.39294,-2.0581753,611.91516,34.285538,247.45428,-18.153368,228.19055,19.344702,249.8109,-14.697328,141.47714,17.116173,147.32121,-15.334747,85.11499,17.040913,121.73931,-13.55869,148.33379,11.848034,121.242294,-9.81162,139.44011,9.113958,109.65752,-11.469915,112.29762,-1.0519092,73.32277,-11.64962,83.9906,0.2934407,104.26488,-1.2797366,116.03176,0.09898164,87.74897
disco.00075.wav,0.42903623,0.08307157,0.110856615,0.0012756858,2690.9327592788445,218650.2161904674,2480.506001082096,50991.20388099043,5776.39007095951,617638.9506292795,0.12995726405282507,0.0018692904142540495,7.5686435e-06,0.0049711927,-4.4952063e-05,0.004255603,135.99917763157896,disco,-91.75992,1476.2186,86.314995,263.80573,-17.351944,263.6829,43.106068,114.12638,-18.40748,107.41043,34.058987,63.623676,-18.420603,81.33989,26.836887,57.116463,-13.565129,66.735794,20.214409,68.01691,-14.637163,58.59851,12.668141,53.139816,-12.608889,51.709873,6.200999,43.02935,-10.449866,39.093502,7.365131,36.92364,-8.057861,44.681454,7.1151733,52.76455,-2.459065,52.125217,-0.11617035,46.862007
disco.00074.wav,0.4028028,0.08056268,0.17761214,0.0048288256,2649.2178590263243,266057.575592275,2383.9281662533035,51759.69047193678,5545.783132074787,750047.821599449,0.15116461880804954,0.0029483678604196326,2.1433822e-05,0.012813579,0.00044291487,0.012963763,112.34714673913044,disco,-40.762928,1788.082,86.78239,321.90457,-26.962378,367.51382,34.941532,133.99168,-20.04815,132.44104,21.65764,117.78592,-23.95371,85.89372,19.265038,75.782364,-17.531559,92.48468,18.037153,75.53791,-16.020786,45.669395,12.446079,46.635925,-13.877287,40.97528,6.013273,35.992756,-14.21426,35.274975,-0.81543213,37.045376,-14.490395,31.493687,-1.229841,45.153618,-7.699562,39.20981,4.327605,50.40452
disco.00060.wav,0.43484274,0.07938441,0.11449887,0.001661166,1975.22745809999,350659.12958059605,2090.041185049887,180429.39205010995,4251.4826251995455,1959343.959366963,0.09303307311822756,0.0016944703116351255,8.785613e-06,0.0055203186,0.00028354162,0.0050221416,129.19921875,disco,-121.09522,3515.4795,116.9425,678.97516,-22.78697,458.737,45.148933,141.61354,-4.2390513,120.06378,30.256325,94.71075,-12.245274,84.94827,21.729876,63.11814,-16.540764,78.48977,16.23328,48.938587,-10.6551695,68.3092,7.3304195,43.793404,-9.353951,48.833717,5.783407,53.574146,-8.41908,43.79713,2.7517533,41.154957,-8.0942545,36.75626,0.36947283,43.412495,-3.2401588,56.398613,3.5852838,61.408413
disco.00048.wav,0.40967417,0.09037924,0.112305515,0.0016704233,2616.176846102279,342797.9673354872,2155.83465004247,95587.11444891416,4983.836530089009,1153755.9100828615,0.15437434996613777,0.003319973634291399,-7.9786247e-07,0.005591341,6.057348e-06,0.004617259,99.38401442307692,disco,-105.02068,2457.3645,80.22214,470.65924,-41.111576,519.86926,54.02576,220.80779,-8.379423,155.04501,25.721209,152.78868,-12.471843,100.07054,28.713755,80.32945,-15.008991,69.33858,15.610892,56.736946,-7.6170635,56.481472,12.414465,64.50285,-7.368524,57.897263,5.769286,57.945976,-9.625082,61.978245,3.9907076,62.881676,-7.35203,52.229816,3.4371164,52.1183,-3.514105,70.143394,-2.9073317,85.94794
disco.00076.wav,0.3531612,0.08729428,0.12425735,0.0026341942,2252.1224779780023,227122.82339246318,2165.40985838101,78733.60059379695,4558.63910119969,1109991.4615819494,0.12191385086106811,0.0016057397818338903,0.00024045768,0.0075306646,0.0005278218,0.0065420917,129.19921875,disco,-95.872894,3001.9744,103.33598,371.2785,-36.4608,429.04437,27.1251,238.73186,-22.873163,196.4433,9.985935,217.68428,-24.656694,115.8219,15.670155,89.62922,-20.151213,73.7239,18.746262,68.88349,-18.563173,58.958736,9.864557,71.738815,-15.108639,75.18142,3.8944132,56.606606,-11.188668,48.123585,0.5124213,51.196007,-5.470925,44.385292,3.1176534,57.574375,-7.906383,60.13119,2.9722521,86.68566
disco.00062.wav,0.4268951,0.08799244,0.15116338,0.008464813,2387.922380957908,436774.1526377844,2191.0049201766196,99686.19717530145,4919.661918144108,1408067.5491509626,0.12770671076818885,0.003852973518127151,-3.8181242e-05,0.0066305203,-0.00014875039,0.01762239,107.666015625,disco,-107.8676,5124.3145,81.936584,674.19696,-30.63407,686.43835,41.331936,315.06372,-8.509502,203.61627,31.333733,173.13367,-8.869069,181.55208,26.030903,100.34496,-8.280142,114.15452,17.894875,89.03306,-4.652872,79.08949,7.4255123,45.645737,-4.352716,59.37227,4.491106,49.99658,-4.0987024,56.474785,3.0722196,48.307377,-0.28642276,59.381798,4.993085,65.888954,0.406348,76.113075,3.8392715,87.63172
disco.00089.wav,0.42988372,0.078040704,0.10027614,0.0010046605,2129.345891710664,326462.0719902706,2109.2513464164163,157488.15310482198,4424.306580156734,1696188.2767010732,0.1118704497629644,0.0016566494988584334,1.9072289e-06,0.004363896,-7.137462e-05,0.003325524,129.19921875,disco,-114.932045,2976.5469,113.46387,618.1403,-29.80431,445.0473,42.612103,134.09401,-10.32601,110.627815,26.973412,83.99336,-14.493735,78.81019,21.240532,59.99352,-17.650537,73.36587,17.097872,46.643517,-13.478901,65.589676,8.591484,39.573353,-11.4274235,46.893753,6.205875,47.06304,-10.899924,43.258907,3.6583583,37.088688,-10.31746,38.48867,0.5621736,42.144817,-4.165685,62.67115,3.4745607,61.359787
disco.00088.wav,0.39795372,0.081552,0.1190426,0.002944952,2238.799259178444,161087.88736794662,2023.5212361031788,47300.96627174957,4384.973484665247,567067.5453528666,0.13146859278250775,0.0014351489638090237,3.101147e-06,0.0060050488,7.320158e-05,0.0062456937,123.046875,disco,-97.88562,1428.1444,101.0036,380.16263,-40.54761,144.00401,51.050194,124.3504,-11.70962,66.03264,25.064745,88.40536,-14.048207,47.710842,17.197395,53.66147,-9.623668,43.415966,16.97353,49.591393,-7.173523,51.530643,11.723432,41.601204,-5.7162294,51.02068,6.2494135,34.91807,-6.060791,41.591724,4.6876745,36.61679,-6.252405,35.983936,-0.98431545,29.713055,-2.744111,55.391422,0.6273676,53.288094
disco.00063.wav,0.5478755,0.073204115,0.29373863,0.012239013,2583.326723139977,440670.2856244096,2626.356286005615,123304.79280607757,5855.539592353183,1551686.1722613804,0.09977263931888544,0.0033733493318830053,3.0130734e-05,0.06509221,-0.0003945413,0.010168347,129.19921875,disco,-51.776085,2850.376,70.33135,356.92764,-3.9117005,416.22678,49.742283,185.58585,1.5879707,120.13777,35.703487,86.81128,-4.088695,117.64885,24.787909,69.52666,-9.707024,92.16522,22.039284,63.49747,-6.114996,67.804146,17.18126,45.865265,-2.766424,74.463066,11.962386,49.49667,-1.6310154,51.537468,6.924509,38.18217,-2.909797,56.453465,4.9149704,47.296593,-0.48781282,49.218735,6.7344446,53.933605
disco.00077.wav,0.41569665,0.08405361,0.20663263,0.004977342,2308.7942063741325,369583.7371018026,2277.8689541923422,96512.47122805245,4944.128436865083,1507484.5118257834,0.11760246347716719,0.0028659867188452646,4.646415e-06,0.022263467,0.0006427801,0.0110639,117.45383522727273,disco,-56.901474,2765.7,97.02408,546.4185,-17.874454,354.7639,44.933502,152.99232,-6.9323897,92.87916,23.81333,113.97084,-23.314041,81.987236,25.996197,46.755867,-10.480186,95.61595,10.453681,64.770256,-15.226058,67.4741,10.030943,61.25715,-9.161243,72.76852,3.7398655,57.072247,-9.396589,53.683903,3.483016,44.93793,-8.049632,45.715736,1.657038,48.146343,-6.0185494,52.403606,4.4114547,59.646404
blues.00093.wav,0.3777357,0.09639133,0.06589097,0.0018041469,570.1506880585581,104951.64846181512,995.0934725815811,84457.87010142399,928.8527166880322,500030.400181431,0.021700549051857584,0.00011753311866021876,1.5041616e-06,0.0053190184,-0.00010428552,0.00023675691,58.72691761363637,blues,-350.3589,2658.621,169.54633,622.7365,31.780228,316.82483,16.713755,213.63356,28.661758,188.34332,19.24909,68.675934,7.8467,40.632214,10.039796,36.6534,4.742695,40.67466,2.915623,36.656433,3.8965418,46.585888,1.8103498,42.379414,-5.970981,35.50249,-5.258748,33.88439,-0.2288824,38.69862,-1.7753276,35.26728,-3.7088397,34.14607,0.17516905,34.54318,2.0766783,44.244164,-2.892004,61.476616
blues.00087.wav,0.33674198,0.09468477,0.15801172,0.0027178759,1441.9992540972155,387323.6112151493,1870.239190780009,146888.7111782704,3083.26468925358,2196577.300392619,0.050889337025928794,0.0011554584950490036,2.2546365e-06,0.018143136,-8.053468e-05,0.0035574907,172.265625,blues,-155.51651,3074.9382,125.655754,802.1496,1.5753218,493.72568,45.82987,354.14285,0.9089945,262.17404,25.39124,157.65178,-10.813493,240.34264,15.574149,130.20953,-11.929206,161.72234,1.2717781,109.1339,-6.6615033,106.97066,-0.77912474,111.8459,-7.7492247,74.21239,0.41930726,87.805016,-7.0296316,84.766136,4.009108,61.712437,-6.2660284,53.565453,0.95133394,64.03236,2.0064611,68.354385,-5.7357626,84.03464
blues.00050.wav,0.40090895,0.089652844,0.18233933,0.003974695,1945.6207939267476,147369.5512266577,2082.1764771287803,73369.00667704116,4175.766416378435,806804.3817962866,0.08580598152089783,0.001220013753226274,-1.3778122e-06,0.014099954,-4.109027e-05,0.012255888,135.99917763157896,blues,-83.00168,2508.6072,107.06744,314.40845,-25.32368,340.75513,57.122074,204.33904,0.08129871,138.0976,34.708904,73.0377,-11.047215,101.76057,20.53328,52.152657,-11.220151,60.90004,14.839782,59.191055,-10.229966,43.782063,12.542857,50.452103,-9.772627,45.126244,2.560521,45.16535,-6.298749,46.592693,3.0084887,33.836433,-8.717001,38.787235,-0.3252462,56.951794,-2.9847345,42.425682,0.714617,55.56815
blues.00044.wav,0.39016002,0.086285725,0.136178,0.00046661258,2279.2655430324075,170943.70479512744,2375.0847954510323,53001.032307542424,5198.476898854731,570163.0425694349,0.09257049088138544,0.0009004298017083246,-0.0021695665,0.010282175,-0.0046584588,0.0031416337,135.99917763157896,blues,-109.53234,826.48016,86.9265,227.93997,-8.6249895,278.40164,64.4895,82.32143,-6.3060346,55.121075,43.64582,38.84474,-8.293104,51.65436,28.546427,54.912727,-14.081592,77.672844,8.136635,85.49683,-21.490427,69.56591,11.0866165,95.06882,-5.094468,91.481415,3.978772,68.86569,-12.864777,52.809814,12.342427,61.300636,0.020585548,73.273544,-0.7392382,56.313297,-5.130451,96.007965,3.3071313,92.61493
blues.00078.wav,0.4142576,0.08297469,0.25794896,0.0027300622,2333.7163897098885,89830.06926574622,2227.415627258666,30643.87374832202,4942.928444121275,481762.17833519756,0.12386319659442724,0.0005565215291049023,1.2929506e-05,0.027132511,0.0011238041,0.01565687,123.046875,blues,-2.5510163,735.3646,101.25788,164.13426,-33.92729,142.82718,41.518402,99.83738,-13.815158,105.014244,31.920723,48.34228,-21.8686,66.76727,24.458948,42.868336,-15.881364,41.04232,15.794475,32.81215,-14.372411,43.872128,12.507441,41.156155,-13.373969,39.468414,6.1127505,31.859306,-9.06967,35.527966,5.0332956,24.009266,-11.333126,35.233288,3.1684957,30.374691,-4.5717015,46.85536,-4.033881,35.250755
blues.00079.wav,0.42153448,0.078732304,0.2707483,0.0018969723,2443.2389164951205,130582.5222108038,2358.3844917583942,31657.558178760075,5267.559814453125,414812.7802275698,0.12473545133513932,0.001185921460673177,1.7485085e-05,0.04007728,-2.2054594e-05,0.012194998,78.30255681818181,blues,-3.5590715,1020.6434,92.92779,171.4961,-25.118544,148.00333,45.18721,65.70567,-10.871894,70.28931,31.86242,42.49345,-18.057922,72.8497,28.628012,48.181896,-10.234054,59.0572,14.673487,41.78981,-14.906988,30.210163,14.751648,28.555014,-15.609781,40.881348,9.549894,42.952217,-14.798732,35.298443,2.0748363,46.793232,-13.824648,38.15258,3.5714693,33.259754,-5.9716425,34.376945,-1.6474384,59.873184
blues.00045.wav,0.42972082,0.09001431,0.14830446,0.0007087622,1739.0461604116053,144992.5443755813,2290.4006079788996,65425.451461384415,4551.180812965606,820305.3257412933,0.048051863631965945,0.0002663457698385263,-0.002089806,0.0138309775,-0.0048615234,0.0023380918,129.19921875,blues,-163.24313,670.50464,89.78488,207.69916,12.977459,135.02101,80.69249,43.340572,3.666775,32.881306,39.74513,38.831142,-5.4003787,43.949528,26.49867,31.576735,-13.163736,37.966293,2.7070134,35.917175,-20.552906,38.922806,6.0071898,37.75104,-2.908132,50.26584,-0.43483514,31.989883,-17.545372,38.859394,4.154168,31.966549,-5.9900985,36.066463,-7.8620358,31.96647,-8.565295,31.82498,1.8571713,42.8298
blues.00051.wav,0.39371133,0.085232995,0.19665055,0.0017080453,1977.1089040094187,137275.28020216763,1927.4390139416107,73861.01709173077,3942.8761579672987,695905.0466671118,0.1066270952254257,0.0009458024302537551,-3.7680024e-06,0.018113343,-4.5722383e-05,0.009182534,99.38401442307692,blues,-55.59663,1013.14075,114.95122,318.58224,-37.06935,205.14397,64.90438,68.89317,-7.164943,93.67145,15.254703,115.03964,-16.23533,97.75569,18.643576,77.92227,-9.752286,68.48681,21.46539,73.37888,-5.6520977,72.016594,12.78424,99.31604,-16.537031,55.868965,3.797079,54.18538,-7.8952427,57.78684,8.47764,56.32581,-4.067899,47.10877,3.2060177,50.184814,-5.1801424,54.70299,-1.2800463,58.00405
blues.00086.wav,0.365903,0.09644266,0.12492373,0.003668568,1245.5817719137374,713785.8285131523,1634.2884053266528,335482.28323277016,2517.6097763581174,3534003.969135421,0.04882661329334365,0.002729048298537565,-1.2693032e-05,0.011529838,-5.6874356e-05,0.0029180709,123.046875,blues,-212.8154,7250.496,139.06923,1556.6444,9.454342,732.645,35.44627,258.18045,12.709544,310.74878,20.417665,186.048,-5.573953,180.32544,10.893662,102.061325,-8.731713,140.5961,8.055455,76.00222,0.1637972,95.23539,2.6417468,75.52669,-1.0257348,76.21577,-1.4032179,72.580795,-4.7048326,72.98465,1.1418111,100.29982,-9.476274,81.193924,-2.190912,54.765385,-4.0981097,52.251923,-3.3432798,45.74042
blues.00092.wav,0.39106512,0.10044933,0.06304374,0.0015332913,918.3602069536573,523189.5041016217,1436.6652243994909,192313.09065325776,1601.531982421875,2288253.1082843523,0.03231802075270898,0.001601446278661144,-1.7201337e-05,0.0041778204,-0.00014307412,0.0005144215,83.35433467741936,blues,-332.30798,7289.046,128.08076,965.9975,28.825216,1186.0839,41.83606,303.9362,31.234665,229.02516,23.35822,159.81754,5.7872233,187.02026,8.996202,148.59201,-3.8611279,183.84906,3.739,95.79746,-0.86905843,90.78581,-0.43693066,82.65478,1.4746556,92.25211,-1.5670476,68.965,-0.8314689,57.66644,2.1689713,60.42583,-3.891913,72.65251,-4.1972795,43.20374,-5.932183,45.365765,-3.447435,32.36425
blues.00084.wav,0.39630073,0.08521089,0.23509325,0.007106183,2061.202741434345,229441.48245638364,2085.1867465039545,81887.5107749154,4221.307807662539,1228498.4939415485,0.11339689555921052,0.0015504241222781274,5.709938e-06,0.02901892,0.0004864169,0.016373685,112.34714673913044,blues,-38.994843,3891.59,112.03825,433.50613,-31.817709,178.39975,38.240677,86.91245,-6.320669,143.96509,23.330563,60.725838,-18.778877,73.525795,23.932188,60.91614,-10.934216,47.895027,13.2348585,41.028656,-14.38119,51.634277,13.326929,44.585808,-10.922001,53.33232,9.794659,49.967487,-5.0327086,88.05911,7.2013955,65.54082,-6.7550354,45.135666,2.6630874,55.698524,-4.382442,47.894314,0.41451108,61.21382
blues.00090.wav,0.37789062,0.09526141,0.13184188,0.0021385965,1613.4333911575955,781307.5421080281,1972.259741717321,244807.55261116242,3470.72901297649,3609769.3456941396,0.058235853449109906,0.0026865106757187245,-7.262472e-06,0.012874845,-0.00010900122,0.0023253118,143.5546875,blues,-177.48735,4498.5107,115.33375,1385.0208,9.963015,682.3346,54.05621,320.78696,7.6156197,330.70526,28.31573,181.07832,-9.070212,181.53131,20.05844,112.10484,-15.0455475,150.65117,6.2224927,107.440315,-5.688931,109.31765,1.3798959,134.88512,-5.843506,84.71976,5.0113225,102.657265,-0.75529706,74.02038,5.057277,73.32089,-5.084398,79.40982,-2.7971687,66.76712,2.4293883,68.81917,-5.3729057,64.374115
blues.00047.wav,0.33643755,0.08614095,0.11219596,0.00052836334,2013.364449506875,162615.2027987905,2310.2563469278575,44027.50398651695,4849.570675309597,580729.7645696704,0.07534497145897832,0.0008400624428347161,-0.0037515704,0.008904793,-0.0030198076,0.0015336531,151.99908088235293,blues,-149.97588,1105.4324,93.640755,194.33978,6.336244,172.50551,71.51115,97.46407,-8.113178,96.58956,36.21202,38.986275,-9.784973,51.22909,17.641598,66.06121,-21.119005,55.37277,-0.12590314,64.48191,-22.20099,40.76576,5.435663,35.060246,-7.4677796,42.093285,-4.3329644,40.655205,-12.409764,31.279497,9.624794,46.479176,-5.02424,38.23297,-3.7063131,45.877285,2.3359404,53.601707,4.162244,43.575695
blues.00053.wav,0.4124909,0.08584805,0.16826628,0.0036770464,2171.1586190945404,169984.36425378988,1954.1375650548998,84900.6619701012,4237.0993788397345,746349.4807013071,0.13280229598006965,0.002349041644220107,-5.749176e-06,0.012286506,-4.5519282e-05,0.00974671,103.359375,blues,-76.75777,2906.8188,105.77048,432.54132,-43.208836,390.82608,60.950108,407.64212,-8.791272,203.8762,21.246782,121.12483,-12.877674,165.48969,18.621216,148.77786,-11.3991165,57.034916,14.5500555,78.525154,-6.057422,68.963036,12.74034,64.478935,-9.374367,54.85944,1.3606244,64.23223,-3.6204467,57.118683,7.0045776,44.661976,-4.0630016,60.58045,-0.26885945,52.608963,-3.7049413,54.571297,-0.49661142,56.84692
blues.00052.wav,0.3390607,0.09552819,0.098878264,0.002997978,1443.2688618053005,448746.1022852,1670.239575048377,189228.91623325465,3069.306440323868,2083437.980269958,0.06719384916795666,0.0030856698108435387,-2.9066148e-06,0.0065555605,-3.7113114e-05,0.0035272997,151.99908088235293,blues,-225.30031,7869.2607,117.64152,671.84784,-14.544607,816.1761,64.80238,174.41328,12.931657,314.7579,19.029236,251.54605,10.688534,196.80531,9.883124,112.85437,-2.382837,101.673134,11.688008,65.74268,1.5453439,62.260593,3.049367,59.37433,-7.628483,54.68403,-8.961092,87.33536,-4.3512707,51.251404,-0.06528471,48.191746,-2.5532408,46.665848,-3.436927,91.44592,-3.8674521,94.54072,1.3170224,82.43549
blues.00046.wav,0.3879101,0.09514499,0.1025371,0.0009463039,1912.443629773089,331562.60797670705,2361.3904727614045,92588.11445374267,4776.687782689145,1288865.0213830757,0.05842595056114551,0.0009068681392796371,-0.0031593754,0.00561755,-0.003452326,0.002590194,123.046875,blues,-182.66501,2270.0974,90.68653,451.44525,14.118146,267.3655,67.55459,173.59651,2.6876104,117.54144,38.431614,65.8176,-8.420627,147.13535,24.123554,72.2402,-13.787512,59.854095,4.8449693,58.76247,-16.676622,44.454445,5.823079,42.456276,-5.1492887,49.56523,0.19378847,35.946175,-14.486603,40.21125,6.864802,30.505848,-4.4448314,40.16001,-2.9868774,26.175194,-4.8211694,35.686207,5.399324,47.05596
blues.00091.wav,0.4219494,0.092691645,0.09938009,0.0012857352,991.1502533354551,416147.951082998,1396.261954238089,262404.066162381,1943.2882492018189,2279040.602267661,0.03605269204721362,0.0006528482373695055,2.7864655e-06,0.0076571726,-0.00012539508,0.0012310904,63.02400914634146,blues,-236.38347,7767.0156,161.695,1108.9359,-1.1533346,609.05774,27.288706,116.26674,9.581351,332.68997,20.619047,90.43579,0.23412775,80.39862,13.796686,104.10338,-0.5009198,90.20872,10.18543,82.56304,-4.4546185,85.61034,5.5080886,57.42142,-3.7167218,57.36157,-0.8915268,43.67158,-4.904812,70.40405,-2.8723423,46.778736,-3.7585263,36.210567,-3.3457856,45.862556,-2.416106,45.68456,-3.7838302,40.2791
blues.00085.wav,0.31538674,0.09197157,0.15017585,0.003581862,1312.3500760815823,407444.2699756598,1674.1613162853578,185487.52030887728,2637.734049983069,2068789.0763886624,0.059416496347716716,0.0016710870385353946,-8.2523775e-06,0.017839324,-0.00011250663,0.002806204,143.5546875,blues,-180.14874,4540.2935,131.41078,1279.0621,0.573336,584.7806,43.165672,260.78134,14.135556,191.35896,25.621374,301.59665,-5.315874,202.31528,12.034328,109.167885,-13.538714,143.71721,-1.0941217,97.76841,-7.614391,116.96435,2.7180743,108.22293,0.7742722,85.103355,1.9981467,178.8702,-6.0900593,128.28662,3.4880552,120.628265,-8.33755,104.65181,3.2056525,105.075195,-0.93039954,63.37968,-2.2530372,73.530174
blues.00081.wav,0.38028282,0.08071618,0.24817622,0.0054094535,2116.8942510812685,95055.25458574759,1956.5811797368506,44940.602675073475,4195.97462751548,437417.0733149411,0.12727247303115324,0.0007274682951916865,-2.3981636e-06,0.033081807,-4.6786827e-05,0.012664154,103.359375,blues,-26.955238,4597.1016,107.34024,436.72595,-46.812206,199.98367,40.93265,239.96632,-21.469862,73.19101,24.816854,55.246807,-18.947702,81.02325,15.260987,70.58341,-15.0442505,60.67105,12.270949,59.370857,-15.239539,41.501766,14.331287,69.03472,-13.830045,43.243313,7.565649,43.85359,-6.1833706,64.847885,0.33221087,40.59984,-6.835121,48.032467,0.9706789,43.696136,-7.571379,51.294067,2.9214709,39.14472
blues.00095.wav,0.36996734,0.09130105,0.18706326,0.002155555,1388.4454872380973,509755.41744561045,1772.8422645104079,164832.5849529592,2754.6166765431503,2161986.220673382,0.05714742465654025,0.0013296089566604398,1.0605954e-06,0.024708856,-0.00010260398,0.0038861637,135.99917763157896,blues,-130.58154,2306.6038,139.9749,958.0304,-1.2707361,535.8586,39.310425,172.83064,-6.3536654,253.68987,19.767847,145.85252,-11.213425,109.76321,27.243687,126.256386,-16.53454,104.77045,7.0218787,100.94592,-1.2004069,71.24206,1.6136363,147.55861,-6.6290407,63.221542,4.952462,91.82132,-1.633869,58.17267,0.9539637,59.675987,-4.84161,75.985176,-5.970589,66.96838,-2.78672,51.54124,-6.4928164,67.58567
blues.00042.wav,0.3776854,0.09247939,0.11095126,0.0005276601,2302.0756478879343,204961.97789495485,2367.7204426147664,47275.6598706696,5188.535292303599,562439.341325269,0.09786448759191177,0.0018251761590559567,-0.0031317163,0.008448267,-0.003696778,0.0019656995,89.10290948275862,blues,-159.56772,2440.647,69.78482,240.24892,-4.3918796,515.4823,76.851135,111.58429,3.9159083,118.92934,45.167534,41.01623,-4.867353,58.17216,32.200516,45.098503,-9.796341,68.40437,7.8125105,67.00046,-21.826967,72.39408,9.682441,40.613182,-2.5915892,79.54607,3.3045378,78.97772,-14.970442,67.13793,10.232262,81.96002,-4.08953,67.36262,-5.850758,96.02576,-2.4700005,164.27568,6.6611314,109.1365
blues.00056.wav,0.39237878,0.09008275,0.13766219,0.0032616032,1810.9603368829592,347212.18411384604,2052.0430152756703,119815.11225129712,3927.2429191660217,1516177.2714892754,0.07547951335139319,0.0016985637675508208,-1.2943768e-07,0.012994226,-2.847092e-05,0.0050948714,161.4990234375,blues,-145.42918,4627.495,102.859566,531.2837,-12.542131,354.3144,56.96205,279.06424,2.247263,260.6951,26.607046,190.63008,-4.2670345,191.07729,17.337631,108.22286,-7.9970355,80.360695,15.232127,82.486374,-6.937478,48.208065,7.4603834,104.10784,-10.468326,49.80832,-2.3522398,92.45436,-6.7850842,78.50368,2.668579,46.58494,-4.7798715,73.11384,-0.9447567,62.92624,0.030942699,91.11037,-2.0021634,53.29417
blues.00057.wav,0.42432162,0.08516691,0.17587894,0.0035683278,1886.7057062552585,253503.69070825184,1913.2319286636484,123531.1428174483,3828.0685188600523,1247939.706254691,0.08992387045278638,0.0015358982465625717,1.7270379e-06,0.014277783,-6.917046e-05,0.010411802,92.28515625,blues,-92.76854,3132.907,115.340775,522.3376,-35.060043,408.79654,57.853596,330.87964,1.8453195,301.817,26.61206,152.6548,-14.544862,149.01671,22.132044,110.003654,-8.207086,72.06664,11.007707,103.771576,-5.6440945,79.76718,7.2728615,70.30423,-10.202147,56.63177,1.3271271,67.30396,-4.106722,69.219986,0.97495973,48.09877,-6.550567,35.721333,-0.6835875,46.25223,-2.1250021,47.537666,-1.5218054,50.07593
blues.00043.wav,0.39904937,0.08515018,0.12724723,0.00131309,2155.6312958781195,188191.45898524445,2372.2914028592495,60254.93272945631,5011.978026587896,938817.6491480147,0.08716538373161764,0.0012250822617520922,-0.002495336,0.007340504,-0.003988723,0.0046803206,129.19921875,blues,-109.195,2207.0964,100.62705,230.71619,-8.620549,383.04086,47.364216,83.04543,-6.559237,89.76001,39.620792,92.42931,-8.523994,91.04487,29.564737,40.96413,-16.583515,58.5764,13.170685,113.589516,-24.20932,41.236347,6.5919027,62.996323,-8.641899,43.376667,4.917566,38.85542,-15.442783,38.68355,1.5376118,38.555775,-6.739273,44.70847,1.4151819,75.922295,-3.9658144,40.507473,3.2878773,68.18454
blues.00094.wav,0.3767154,0.09590345,0.14092092,0.0053708493,1239.6879986706622,527123.9223448121,1659.9856287006826,232852.90768039445,2519.0431010243324,2825768.0849278686,0.05090785543246904,0.0025063066915360197,-1.5015866e-07,0.018410675,-0.000111708774,0.0022843196,103.359375,blues,-206.28116,6803.6997,126.62033,1107.7646,10.590663,763.79956,43.215717,226.3757,12.4949,230.45056,19.41366,258.3927,0.3519681,136.4375,12.730944,76.768265,-4.5792894,74.03293,4.058012,60.136658,-4.409213,94.4938,3.663423,59.156425,-1.4560472,74.308754,-1.7015551,110.416626,-7.1546535,74.0001,1.1864166,80.64351,-6.2258005,69.5768,0.6012727,68.20556,-1.6042643,68.23587,-0.53922,56.657665
blues.00080.wav,0.36825618,0.08793531,0.24234188,0.007522251,1827.151309646471,155445.11837354008,1898.455059388181,55193.08127928868,3743.635696080447,769949.5641763809,0.09403873597136223,0.0012045563970391256,2.8947827e-05,0.03488193,0.0003587402,0.014054774,117.45383522727273,blues,-54.747242,2271.7803,119.48588,398.2615,-34.86474,246.39479,37.537148,185.61365,-15.886235,157.55302,22.081097,112.4584,-14.668317,207.73389,18.534313,95.06526,-9.643759,124.48171,11.258853,77.08695,-11.732052,75.8127,11.539119,55.873127,-6.4307194,72.89416,1.7856675,61.14719,-5.876253,46.933456,0.380291,64.62306,-9.063585,48.696285,-2.0153258,44.877705,-5.4169693,54.10836,0.028836017,49.089474
blues.00096.wav,0.26061335,0.09185644,0.05132765,0.00085446984,1132.5184226709678,319268.8693556506,1582.7654875292726,151549.76690943298,2066.2458390274282,1738502.1707307585,0.048313766810178016,0.0012663996468785157,-2.9312016e-05,0.0027986348,-0.00012360996,0.00025662046,143.5546875,blues,-314.58218,5282.75,139.91444,680.6211,11.862516,527.5572,30.102106,488.0706,-7.5390353,264.83475,14.907039,214.60222,-2.680899,174.27455,6.7015443,114.68172,-6.3955092,133.35544,2.8176138,86.16358,-11.706482,139.7741,2.0630279,147.38673,-11.438629,85.39898,-9.510527,82.77756,-15.186691,94.721794,-9.362389,168.60252,-5.6654944,149.45782,1.5621172,165.35725,0.89712536,176.93266,-7.9567275,138.17274
blues.00082.wav,0.3388864,0.08661681,0.25125322,0.0037427805,2141.3320152712345,127421.76192324387,2167.7740825305996,74600.6293361647,4627.63035068571,972496.3818454052,0.10515129160216719,0.000643863742559879,-4.9398486e-06,0.033681773,-0.0002777058,0.014521411,123.046875,blues,-29.400257,1406.9934,108.69148,254.51268,-25.589895,268.19858,38.440144,154.75987,-18.353867,203.77936,21.7857,97.36748,-25.172714,99.98673,22.406965,62.850365,-17.606058,83.9522,14.675623,88.977066,-12.086358,61.486847,5.4621906,64.140526,-7.70603,64.24384,7.410018,66.95778,-11.327915,65.51488,7.2359223,68.16674,-9.470523,81.96284,1.9366981,70.210526,-6.331344,57.247166,-1.301733,61.935608
blues.00069.wav,0.29198298,0.086769395,0.11654019,0.000964224,2370.9632922676196,236779.6220734494,2209.514583707105,42942.05163137061,5004.08640764077,484683.5141858099,0.12514096664570434,0.002504560474090067,-9.888657e-05,0.0085988715,-0.00025966726,0.0025181505,78.30255681818181,blues,-121.42954,1180.8312,96.12303,435.9374,-19.616804,271.67673,48.020565,130.74062,-38.80819,199.52303,24.758066,103.39221,-32.945824,132.22632,8.104195,101.2678,-17.81152,68.93358,6.113285,74.11519,-19.998335,42.927177,6.7939243,64.26412,-19.340662,87.26133,-0.10921188,66.29117,-12.248765,60.703125,-4.92023,60.178383,-10.407991,59.10458,-2.0489688,115.38695,-1.765213,104.84001,-3.9528494,77.19068
blues.00055.wav,0.43283752,0.08770637,0.15775262,0.004299591,2032.1200141615245,191062.76565371722,1976.2784101797834,79134.32926329631,4023.509003724845,772719.8726868154,0.11316673822078173,0.0025275336589611124,-2.4451463e-06,0.009947254,-1.4781333e-05,0.010516613,135.99917763157896,blues,-98.69757,3334.2988,104.80118,339.91693,-35.10867,349.29282,60.695045,284.70898,-2.8393273,155.06422,22.231003,125.8831,-7.8374567,108.23824,19.030722,104.45468,-11.578803,51.36731,17.021759,105.1421,-5.3873515,57.83573,12.199111,67.97628,-9.960819,58.175743,0.3587879,55.405643,-4.2613454,43.390446,6.137923,44.31632,-4.8302407,56.966537,1.4995236,43.514015,-1.4942471,69.95037,3.505638,40.352997
blues.00041.wav,0.38709414,0.08544106,0.12912002,0.0008732193,2390.7715766040606,306667.82136619656,2463.374815737767,80147.55064411378,5403.758990875339,954300.5830121941,0.10228887504837461,0.001595845311392495,-0.0025199214,0.008558903,-0.0042828913,0.004035152,129.19921875,blues,-107.18975,1419.5776,88.47058,379.11514,-4.1777873,324.43527,55.48549,129.51045,-8.01038,106.996544,38.416542,70.53997,-6.402575,89.45127,28.576523,85.75231,-19.820787,54.841587,13.252739,124.81676,-19.239794,68.72075,12.076225,52.41402,-4.583088,56.83793,3.789716,47.42635,-16.9937,40.59479,11.62496,39.34021,-7.362244,43.548355,-3.657815,64.73043,-7.1791234,56.363075,1.9747294,46.426067
blues.00040.wav,0.39779353,0.08048081,0.13483502,0.000778858,2272.5176192636222,202481.80371363834,2356.8453843678926,50258.63442339002,5108.277444278493,581763.9194934015,0.09765700585332818,0.0013829270377808726,-0.0023890065,0.008112274,-0.0042741015,0.0043264134,172.265625,blues,-110.284325,1287.239,90.705605,230.03955,-2.528311,227.60165,74.052734,114.1207,-11.746768,113.4523,39.214577,66.11798,-13.1743,86.384834,20.531588,50.403507,-17.167608,47.026897,12.827254,93.40308,-21.434446,41.11529,5.952132,49.105373,-8.032604,47.12441,4.243276,46.223576,-16.482641,33.935272,6.545287,35.441254,-5.693636,39.59586,-3.6378524,36.28623,-4.857603,48.269306,1.8532673,46.03876
blues.00054.wav,0.45287564,0.07943641,0.20081738,0.003568349,2030.3725287964605,220951.5507780271,1987.0908589175308,73979.98023008321,4062.6921001233554,847915.4196785846,0.10338599615421827,0.0019154485793310197,1.5638493e-06,0.01667136,-4.344864e-05,0.012352679,89.10290948275862,blues,-58.0011,1746.4429,109.01412,452.53928,-36.218388,304.32922,64.04035,150.64774,1.4301585,179.71602,26.315119,87.464745,-17.48268,150.72116,20.431017,60.363632,-9.54307,58.43697,18.177134,63.372086,-6.0571427,61.425987,13.878271,63.67722,-11.297563,42.7113,4.6689973,59.193584,-6.4106007,37.910587,3.2177236,42.393555,-8.079231,33.44911,-1.7114862,43.290512,-5.4247646,35.178703,-2.5814142,38.438633
blues.00068.wav,0.2895239,0.08271681,0.103048086,0.0009838919,2513.747081320468,175905.14667547974,2345.239509313881,47196.0715980378,5247.468269277283,472791.05773258134,0.13514619715073528,0.001514456983017283,-1.920944e-05,0.0059500113,-0.00028443662,0.002666303,161.4990234375,blues,-113.19473,1587.9232,88.70587,316.11942,-8.925186,227.65373,49.482693,139.89232,-34.573833,122.96656,15.864125,68.47381,-17.744791,68.051025,14.71054,58.997967,-11.202001,50.377274,15.367768,54.743263,-15.07657,68.7536,8.747663,61.98549,-18.63179,32.869316,5.4699717,78.16073,-9.263918,78.86171,8.01712,74.91123,-9.552175,56.48014,5.871999,44.5771,-4.401514,55.84678,3.614706,81.65161
blues.00083.wav,0.4273561,0.080111794,0.25118035,0.0034721452,2314.8192389666897,143936.8915036061,2261.7026661590426,30976.81231798958,5036.269546367066,444741.24751589226,0.11795053393479102,0.0013108083563003424,4.262739e-06,0.031315863,-0.00076673366,0.014424483,135.99917763157896,blues,-19.893549,973.60645,98.89588,152.57465,-24.47666,181.62437,49.585854,58.369835,-16.200876,50.936024,30.19781,58.56567,-18.029512,55.063057,27.554832,33.802025,-11.405636,57.47212,14.877994,43.94177,-8.908682,39.291027,11.671263,41.072613,-10.886021,56.395752,9.310545,46.234398,-5.8320613,39.229908,9.2586565,35.28179,-4.0494967,47.900368,3.251027,53.321636,-3.4661639,38.22887,2.3792589,60.459316
blues.00097.wav,0.3752842,0.09391035,0.19820397,0.0029532248,1236.606352338598,422966.8037304197,1602.3014812209672,295646.2449814899,2604.350918512964,2487965.2339160256,0.04462595842202012,0.0007629277301849995,-6.542748e-06,0.028882667,-0.00027818372,0.004029924,117.45383522727273,blues,-148.6477,4155.1987,145.73776,1369.048,-9.363346,245.85246,48.451443,160.07594,10.543868,220.41026,18.014605,163.20932,-2.6345782,149.42792,16.958082,76.637665,-11.506823,92.689926,8.731703,157.59201,-8.173254,66.11905,3.2235358,103.23905,-0.6797589,69.85127,-0.7301853,54.034843,-6.8214393,43.741425,-3.9379206,95.24486,-15.737843,69.83178,-5.596369,102.35385,-5.797906,54.268867,-0.047467873,55.3638
blues.00033.wav,0.26082012,0.094856896,0.13312429,0.0022508863,1430.5981944868497,701367.8825172223,2075.6524158312604,275370.87260933843,3246.7553673144835,5571118.867750748,0.04196988982681889,0.0014401763411364605,3.86914e-06,0.01695152,-2.1856602e-06,0.0009943662,151.99908088235293,blues,-239.03807,3226.964,108.6572,821.0204,34.15189,279.34457,30.23917,301.7252,-0.47574344,236.93356,27.292637,140.60176,-21.379398,286.85977,14.150509,139.08746,-24.510178,117.49132,-1.8840464,179.24117,-28.050291,127.14598,-11.25665,87.69684,-16.47693,90.46303,-7.637184,79.016716,-12.799123,63.395386,-15.357241,82.00409,-13.729804,141.13153,-7.3977785,68.78947,-10.089319,70.45002,-13.291538,87.91072
blues.00027.wav,0.28870454,0.09416198,0.09572528,0.0021939378,1391.4439037459135,200153.14323670577,1494.8508338204404,43500.50391003018,2811.1413347462753,541210.865487979,0.07235897288602941,0.0025428603270127243,-1.3098978e-05,0.007730341,-8.91805e-05,0.0015375034,92.28515625,blues,-228.25066,2813.7727,130.3444,689.3132,-23.29129,927.4456,70.1721,396.89304,1.142271,181.81033,7.6024475,153.58536,0.90993816,100.306114,1.9782512,88.57641,-6.167008,61.917263,-9.396024,85.99291,-2.5628407,107.9189,-4.522894,59.02934,-0.26295033,67.83878,0.17933404,57.068455,-1.5074475,79.24757,1.4652517,80.53511,-6.9718475,65.0093,-8.32218,91.86661,4.2389526,119.76224,0.98148614,132.0349
blues.00026.wav,0.27866608,0.09501959,0.076938555,0.0059182495,1198.7544985722172,161883.03479795522,1573.085113273225,83785.46998640378,2478.8266775408765,991671.4782796679,0.051987591911764705,0.0014876887308098842,-3.1201995e-05,0.008411981,-6.268646e-05,0.001919674,83.35433467741936,blues,-284.69736,6197.203,108.8052,676.2403,9.088283,1446.0851,51.22274,295.75232,18.091757,210.40501,7.612261,181.81789,8.779499,121.39312,2.362829,103.10531,0.005786057,93.51633,2.250966,106.17423,4.2050996,84.32891,-3.2933176,97.7017,1.6082981,68.53465,2.6657817,74.02867,3.3244853,91.34881,3.260079,115.49826,-4.558311,137.14719,0.47801912,105.82277,5.9297876,140.53679,3.2283406,169.68782
blues.00032.wav,0.27626824,0.097394675,0.101156905,0.0039353627,1309.6646971460598,756704.2965103239,1883.0626115012458,284392.74849468755,2765.658276442773,4690041.849954003,0.03939318583107585,0.003160470486239146,-2.1044755e-06,0.012844934,1.190256e-06,0.00044507967,143.5546875,blues,-288.8077,5313.419,105.89604,830.0834,18.777039,434.1107,23.71039,341.7813,5.711881,380.5854,25.549088,164.51231,-13.47376,228.24867,12.428972,125.75411,-11.942034,195.75438,1.5714256,132.40996,-15.63591,126.260956,-6.6506157,81.47689,-11.713253,102.09924,-2.9383886,105.30123,-7.3725796,82.10545,-15.697482,54.529987,-10.9741535,61.243988,-10.8895445,45.004665,-18.505476,55.91434,-19.103352,75.39776
blues.00024.wav,0.26310804,0.09998006,0.08696161,0.0025120887,1120.3909802285907,176408.83617593575,1447.8526250551818,53821.613989620804,2325.127606938129,1139107.8707744433,0.047297899937113,0.0010792057276398255,-6.8460768e-06,0.0065581193,-9.831296e-05,0.0017152248,103.359375,blues,-274.31186,5919.1855,130.41371,500.6537,-6.3927994,1342.4633,70.405014,311.40585,13.269141,230.56917,9.461284,155.49146,7.7256403,121.516785,-1.2474906,150.22716,-0.5775883,94.16159,-2.3025882,68.89306,3.783147,76.78567,0.08482318,73.574776,-0.93943596,126.72962,2.2965147,63.184307,4.2883782,69.64933,-1.6618618,47.919437,-10.444595,49.094517,-6.7975335,39.42272,-1.066052,44.258198,-1.5959947,83.50631
blues.00030.wav,0.2631294,0.09437653,0.17003015,0.0031940818,1378.9657764881297,551395.1986909788,2003.5852163311854,269771.16076666117,3015.0567683642125,4576870.003627484,0.03937580120452786,0.0009461477223050415,1.642323e-06,0.027230935,5.3862896e-06,0.0015355698,151.99908088235293,blues,-206.96808,2024.88,117.792984,763.9999,23.23588,281.31088,28.297827,261.38812,-1.1239153,195.00305,18.862036,161.00206,-21.949682,212.00826,17.849985,137.38489,-25.585644,200.23985,2.1299253,103.03088,-17.794416,72.98914,-8.015903,60.389107,-17.607279,72.86487,-8.139437,85.65268,-8.648128,115.33906,-15.528326,85.829575,-15.317337,78.128654,-9.66383,97.28921,-10.0986805,55.275513,-17.833735,91.00573
blues.00018.wav,0.2700793,0.09769908,0.07964064,0.002956753,1537.56091926741,193292.8260446634,2054.224165444145,145539.2296464107,3495.4621967516446,1829696.320142,0.056131935710139316,0.0017231547321391286,-4.4150434e-05,0.0069378107,-0.00020031026,0.0010435097,83.35433467741936,blues,-252.51877,2874.9692,104.93699,604.2528,15.316828,661.88116,42.673473,162.58301,6.7626176,92.88925,21.623575,117.17877,-1.313277,73.51759,5.691933,100.46527,-16.619516,125.3279,12.161626,123.602264,-1.96795,52.15249,1.9697651,64.68708,-0.8889585,48.676605,7.771046,71.50581,2.3869514,101.93585,1.7799876,93.14768,1.3449866,131.86716,3.6371133,181.78679,4.9108076,151.7624,-2.6554039,96.51001
blues.00019.wav,0.25735947,0.09602575,0.09763429,0.0025787195,1195.4133983085599,249722.3647915795,1480.9442638678338,46905.405997069254,2235.2114839819565,1208625.5855992353,0.05887114817143963,0.0017991580841696208,-2.6828864e-05,0.00659974,-0.00016570014,0.002579626,123.046875,blues,-236.6889,5581.0386,138.40428,536.6804,-4.923575,1167.782,47.647713,311.42264,5.152376,466.60547,8.895284,91.67126,0.4828563,98.10479,-3.801668,158.8907,-14.974891,77.30144,10.432587,104.572296,-0.35396186,134.39224,0.7883456,80.471214,1.7829303,78.01248,4.230211,73.669174,-0.471017,63.342747,-6.1056542,80.785774,-5.387077,95.52782,-1.3430606,92.688385,-3.722793,72.5649,-4.3624997,66.79816
blues.00031.wav,0.2536384,0.09931722,0.1515323,0.0031942243,1331.0365912698592,352283.5012324607,1973.6486462859361,234479.41717835533,2900.174129710478,3709681.5878652786,0.04296723829334365,0.0010965169375924686,-4.936724e-07,0.023259874,1.5047785e-06,0.0008501841,151.99908088235293,blues,-221.83113,2512.0027,110.83949,586.3444,18.61682,190.01865,30.92014,180.62457,3.295923,221.5046,22.587362,100.64535,-20.416351,318.4843,12.118737,114.58094,-26.350498,108.650635,-4.367485,102.306984,-26.413198,128.5556,-13.045098,107.55756,-12.654766,146.32324,-1.8243437,95.10137,-7.258695,110.87032,-6.661085,108.997314,-14.686605,103.24188,-11.720062,115.85708,-11.023768,118.57157,-13.388401,98.61668
blues.00025.wav,0.29098073,0.09107313,0.089179605,0.0031165641,1109.721378629315,138691.39699615442,1463.539070397656,37834.7185656505,2243.744765715702,838855.8213959961,0.05172493288022446,0.0013392907439446057,-6.909555e-06,0.0067550624,-4.624469e-06,0.0017124073,92.28515625,blues,-249.2894,3981.3381,130.98703,338.3749,0.67739016,1580.2117,66.68578,298.57278,17.897806,183.48569,4.623737,173.33118,6.5983086,96.44959,1.2490501,98.33234,1.4163893,75.7444,-1.579142,91.78507,-0.96266294,101.23713,-3.5719957,85.181595,-2.9279816,86.33533,4.596818,62.489933,7.478901,91.719864,-0.18313684,100.588234,-2.825327,87.399216,-2.6788447,77.319824,0.7485471,75.997215,-0.53426015,67.66801
blues.00009.wav,0.27401423,0.092326544,0.08132098,0.004347414,1817.5295464146707,298256.53065985383,1973.6903092151892,114209.09382088842,3944.584480970637,1367139.0996854836,0.0792153184258901,0.001376557806953003,-2.193651e-06,0.0072238585,-2.258016e-05,0.001677896,80.74951171875,blues,-213.20453,6133.131,115.15454,798.75323,-11.720504,668.95465,39.032555,350.8248,-20.357819,532.30133,13.089926,278.38568,-9.180815,126.54535,9.023639,67.952324,-14.101023,110.166046,4.283337,92.49028,-6.044196,84.86531,3.786368,104.494316,0.22368738,76.40331,-5.114481,85.41577,-0.41453698,104.041725,-1.1848985,59.331203,-1.9183391,58.489876,-2.2957964,83.1779,2.89123,77.03899,-4.2345333,91.51975
blues.00021.wav,0.3211421,0.10328489,0.101118095,0.00323196,1046.7275070203586,291681.5075579622,1480.579161010759,70101.9638754275,1831.1222607875386,1349312.3117367646,0.04793735185274768,0.002331948338808487,-7.1936265e-06,0.008324291,-7.782961e-05,0.002212396,99.38401442307692,blues,-264.67847,6345.582,138.85834,1002.2855,11.156023,1284.3696,48.538254,371.27933,14.895922,248.24467,20.584368,130.10916,3.2051423,120.0555,1.2625881,104.491005,-15.847021,95.40044,15.986576,85.19109,3.3616712,79.19171,-1.5137409,71.92619,1.892155,70.07035,6.3119216,68.553055,-0.9948621,82.19373,-2.4167242,89.57963,-3.6847513,93.97978,0.4993973,119.295204,5.050747,117.77329,-0.786703,148.60565
blues.00035.wav,0.28824988,0.09656212,0.17330876,0.0033393702,1507.1047288496138,414238.39158848097,2096.717628469332,247054.30835787865,3405.4127412683824,4185025.596181414,0.045430186363196595,0.0005743032686207303,1.3354584e-06,0.026490865,6.2569143e-06,0.0021003303,129.19921875,blues,-171.8102,1941.8174,120.280624,693.75525,15.3275385,269.31125,21.09045,146.6018,-5.4192963,175.03787,24.189465,119.29737,-24.138222,145.62578,18.551981,100.66524,-22.348904,139.48067,1.3031778,115.71824,-20.763931,68.09528,-4.988852,81.4443,-17.118927,86.4855,-7.886534,62.948082,-15.308929,43.373768,-9.351313,49.528107,-8.913866,42.97382,-8.525089,57.218,-14.333636,57.13078,-19.933723,48.65677
blues.00034.wav,0.2621187,0.099052005,0.13591798,0.0032276667,1536.731077893079,341154.4550544654,2157.058611724372,161035.52948871625,3600.91989239672,3714513.048879179,0.04570040392801858,0.0006915647326379664,-8.0922723e-07,0.016849494,-1.3474171e-06,0.001754059,184.5703125,blues,-217.23868,3598.8252,105.792366,534.31055,15.617069,358.48257,25.256382,219.50215,-1.4402745,216.11086,30.18982,117.58458,-17.71522,223.76323,17.318172,126.61124,-27.209528,112.305305,4.339167,177.40924,-20.059492,115.37899,-10.695944,70.951004,-14.220667,105.017136,-5.1562176,83.05247,-3.4732654,101.24438,-6.189413,66.56049,-15.326929,116.12093,-6.845921,93.47793,-9.82767,90.83837,-13.943093,92.89318
blues.00020.wav,0.30279943,0.09436096,0.07535405,0.0024883724,1389.9522837601057,102922.35382313884,1911.314399268947,88742.93355536452,3005.7401580338137,946450.7362797129,0.05256015080785604,0.0006156241764708421,-5.1688303e-06,0.00455997,-9.023181e-05,0.0014859335,135.99917763157896,blues,-230.42657,2986.131,127.100525,397.4259,7.1453543,599.6258,39.784317,175.5543,1.9449425,115.7824,17.40534,100.2409,-5.639429,79.46398,8.25213,69.34811,-18.104385,59.99349,13.842513,72.724945,-3.760913,71.60434,2.5718594,74.565765,-4.3208055,62.636513,6.8123913,61.899128,-6.159839,60.672516,-6.2154546,49.643593,-4.5115924,52.815685,-1.8506044,72.64506,-0.53948647,94.1784,1.5043969,73.87875
blues.00008.wav,0.40899816,0.086519666,0.14236063,0.0015028988,1719.2739373344182,163389.65331897463,2031.6873439502442,105613.2042500415,3781.5188003398316,1262995.5252842957,0.06402757957623839,0.0007318890633277895,5.9066105e-07,0.012712171,-1.7643544e-05,0.0034638145,83.35433467741936,blues,-121.387115,2621.6409,122.505394,414.7292,-14.739394,341.3917,46.135292,193.81631,-8.160384,176.72322,20.17051,106.99097,-19.169321,57.671753,23.050188,76.91382,-11.82594,42.480625,21.173412,58.43121,-6.7202907,48.96014,7.0050187,56.24636,-12.739911,61.89646,5.064209,50.54634,-5.173075,32.82994,-1.446995,50.560787,-7.036928,28.892342,2.6948745,36.93147,3.4093323,33.72412,-2.6991909,36.09725
blues.00036.wav,0.23319606,0.0948783,0.19774859,0.004715233,1247.4080160193948,263907.7940013932,1907.7056718339716,194512.33993935972,2621.5758143563758,3027188.916214305,0.03690378289473684,0.000348740492695334,-1.2092443e-06,0.036662076,6.097296e-06,0.0022902612,151.99908088235293,blues,-200.19609,2877.1646,116.34013,484.7833,18.00621,198.75629,25.313562,290.8908,0.29173434,179.55032,24.192476,99.99041,-22.255909,307.06653,11.186425,95.085365,-26.84873,97.18064,-7.6384597,110.71486,-24.889929,123.01922,-12.015525,98.815834,-17.017956,77.6758,-8.120277,84.38276,-11.956443,79.75952,-12.609149,95.73332,-14.181589,94.28152,-8.206693,89.637955,-15.028046,65.5446,-10.327059,94.14112
blues.00022.wav,0.306442,0.09801651,0.1134315,0.0036868474,1156.2023631215006,314244.4826296819,1497.7588839195641,59086.45163864474,2170.511875211639,1331126.0202191295,0.05861340218653251,0.002867745893127177,-8.819298e-06,0.009847831,-5.020789e-05,0.0031964558,95.703125,blues,-233.85751,6495.1147,136.17209,959.6316,3.2713184,1162.2152,48.931213,384.2662,8.685134,304.38773,13.97951,165.42633,5.3548675,105.526024,0.39087027,127.749626,-13.504575,151.53041,16.856106,82.79495,5.130938,114.41353,-2.23188,77.30098,3.9640331,65.94775,5.3183618,83.33337,0.8122656,101.05715,-1.0979141,80.33737,-4.539752,78.6839,-2.434786,100.37828,3.313449,119.25771,-0.61427945,143.42169
blues.00023.wav,0.28072092,0.09116531,0.101914905,0.0035603042,1210.4571260262846,131830.44295279993,1498.0546093390133,51648.62433677516,2522.5430798604393,610244.5789439466,0.052482675841718264,0.0010882949479228713,-2.5611658e-05,0.008697683,-0.000114461414,0.0021013247,184.5703125,blues,-227.26886,4148.341,137.7307,506.42682,-14.493466,1246.3403,63.555702,210.88124,5.612641,152.67918,11.984639,93.664665,1.885552,102.624985,-1.8633765,87.26729,-7.6205554,97.58157,-2.4471745,97.68807,-2.8867247,104.081825,-9.429529,87.9641,-10.923913,115.49561,3.562558,68.98667,4.137706,77.076035,0.09554388,45.250446,-2.972545,66.83941,-1.378875,82.56453,7.541176,93.44997,-3.037463,74.07661
blues.00037.wav,0.2486835,0.09800336,0.069129966,0.0022315094,1188.101159113292,369798.5089631114,1682.707390375276,200378.60272589876,2339.3941873367357,2995844.745283278,0.04816032858455882,0.0012731312907603982,4.385304e-06,0.0051568234,-1.4157486e-06,0.00079214066,123.046875,blues,-328.68088,7459.561,102.71113,632.9106,19.895552,703.31244,26.732681,170.31245,7.151481,252.99715,22.704802,248.58789,-6.9743266,208.5367,12.781994,155.0268,-10.725781,158.75774,-0.433661,83.674484,-12.373165,110.02354,-8.907054,111.033134,-9.2401085,126.25169,-9.106373,133.56136,-9.001113,188.60086,-7.6363454,194.04753,-7.1891537,158.22775,-9.366816,176.35072,-4.469685,142.50017,-3.6831248,175.98248
blues.00012.wav,0.2693326,0.0939093,0.11902389,0.004056849,1361.1004062354928,257055.09867830525,1567.6007717770153,44930.8999666135,2739.791766187355,952584.560432031,0.06912392064144737,0.002381275203555497,-3.157739e-06,0.012537252,-5.9395505e-05,0.002633793,184.5703125,blues,-207.20874,4578.1455,132.79709,665.3489,-15.460706,935.92395,60.99486,330.60004,0.71024126,314.05118,12.461279,101.19099,1.1609278,108.01185,-1.5278944,111.69128,-17.901815,96.419975,8.369234,94.78234,-2.4538186,139.7199,-0.5966887,92.63354,0.36881655,86.18086,2.6052277,53.754993,-5.193015,45.88703,-9.530149,69.32627,-9.2374,63.613003,-2.8406758,68.8618,-1.4114445,112.5796,-5.9310284,91.53461
blues.00006.wav,0.29140565,0.09400271,0.1416879,0.008782834,1459.0353761872718,438118.03207473556,1388.7255154687844,185132.01320145102,2795.67476160386,1622690.8513254016,0.07302790308146284,0.0019095948180740175,-1.2958952e-05,0.016921,-2.0389141e-05,0.0059619755,71.77734375,blues,-190.17502,9646.426,130.29242,1934.4312,-36.348473,1307.6438,33.02909,480.32092,11.085681,1083.5884,-0.59637237,280.22363,-20.882357,151.6883,0.27711606,102.89618,-6.5008707,131.14716,-5.515623,153.48947,-7.8452897,87.57829,-3.123599,64.22462,-6.595715,79.16399,-9.947577,63.074356,-6.5409255,86.41677,-10.07138,83.32279,-10.912119,56.937706,-6.970003,38.2676,-3.4485128,48.093582,-6.498458,70.01958
blues.00007.wav,0.30731454,0.09284914,0.13174523,0.0055352026,1451.8494584581745,449937.66238268,1577.5518583197475,168258.2560745718,2955.7654602239745,1630564.829502154,0.06143500266060371,0.001850010001473945,2.0959847e-05,0.0132185435,-4.861998e-05,0.0048556,92.28515625,blues,-179.42007,6575.454,136.4421,1479.9727,-26.644339,590.9773,39.979595,353.15915,5.3018146,650.4475,10.921237,136.36313,-20.555347,163.70146,8.507477,151.47868,-11.35436,172.02489,-3.469098,178.41542,-8.414114,147.66684,-6.956977,83.777534,-3.5483484,93.33137,-8.051683,57.466633,-8.9604845,82.29772,-8.421077,70.47699,-10.5585985,52.032333,-10.790193,60.5192,-4.7007947,65.58995,-8.638816,56.335346
blues.00013.wav,0.2647263,0.09117027,0.11318897,0.0041914484,1324.3317542217217,171640.59788434743,1827.3844642890322,78116.61799334495,2710.3669441152283,1075616.7903566298,0.051417300575657895,0.0012560154024389564,-1.2895262e-05,0.012687887,-6.405301e-05,0.0016043234,107.666015625,blues,-209.7822,1969.8452,124.46592,542.4456,10.285805,661.94165,47.030174,148.28586,6.4823856,101.97603,15.417021,146.30325,-2.0100777,69.4292,6.735786,76.00194,-21.54862,96.43981,10.7284975,95.85311,-5.532432,90.72551,-2.202038,59.21689,-3.051727,52.383514,8.64402,71.82002,-0.3108456,68.6389,-0.6361449,88.63151,-2.9359381,97.457726,-1.706597,104.32184,-1.7654228,88.901855,-7.755964,113.951416
blues.00005.wav,0.30241403,0.087562,0.10343772,0.0039837337,1831.9900685948742,1031295.6028286344,1729.4562589469804,201999.8081862162,3480.8539517523704,3276452.4461247083,0.09403986975135449,0.006237169845177415,1.2942381e-07,0.008084851,-2.6809026e-05,0.0032449362,69.83741554054055,blues,-177.88876,7303.5063,118.18953,3197.6096,-17.550728,654.14777,30.753101,485.98718,-21.732107,433.48105,11.898545,266.09055,-20.73228,169.8476,3.176169,133.68483,-8.575769,172.3315,-0.9401844,100.12965,-11.773799,76.596054,-2.426076,78.50408,-9.342486,80.13263,-9.947082,47.553093,-3.9053469,60.051342,-5.568541,72.581894,-1.8399693,68.719826,-2.7841752,42.46666,-3.046112,39.829174,-8.115228,46.29248
blues.00011.wav,0.36580706,0.102006614,0.065684564,0.0025005445,1353.3291189300644,511903.7112719797,1757.331004406928,220219.00017630786,2882.31590436339,2932662.4647420235,0.04395891785990712,0.001896140560074861,6.744438e-06,0.0050140196,-1.2618643e-05,0.0006340413,161.4990234375,blues,-287.92355,5935.973,123.97102,993.7331,5.4561224,302.1008,33.684544,344.13184,1.0892011,441.54025,14.704721,235.5728,-4.898606,149.25542,8.6532755,189.14641,0.78279763,148.787,6.5667357,114.196266,-4.87944,93.83295,-3.1806588,84.24376,-5.557003,65.37901,-6.786621,60.80124,-2.644233,55.526436,-2.9824317,54.493954,-3.3811383,39.859737,-1.8614973,46.854073,1.8359205,37.068073,-4.896512,28.102959
blues.00039.wav,0.25535825,0.09715161,0.08583747,0.0026307635,1151.3780299215694,515028.40440935985,1709.3165900923611,330344.45964966645,2312.5276831281444,3922928.103912465,0.03533878857875387,0.0009463243875264594,5.736751e-08,0.009103836,-3.6200115e-06,0.00030590885,117.45383522727273,blues,-301.70715,5068.0493,111.53472,594.1518,21.896408,301.87964,16.14818,242.20598,8.19624,284.12097,22.085073,138.37794,-8.614954,280.9182,1.4815574,121.00169,-17.084373,113.2061,-8.345809,113.56682,-17.013063,106.542015,-10.57562,89.26788,-15.689096,78.37573,-12.605565,82.66793,-12.253903,91.07039,-14.553243,145.10484,-10.102509,142.69601,-5.7855344,78.78188,-7.775144,88.78663,-7.1861954,137.52397
blues.00038.wav,0.2658965,0.09706076,0.1680856,0.0039245277,1513.5200525685516,551798.3427999686,2140.702823776187,222496.6955482146,3449.8458059210525,4232430.89953958,0.044378038530379256,0.0020159003673263748,2.8140903e-06,0.027424533,1.5242048e-05,0.00135308,86.1328125,blues,-192.69382,3219.3193,111.18816,760.0547,21.37331,298.16208,26.392143,250.50179,-0.6483753,190.51306,23.48088,170.50954,-25.470797,120.37977,16.924429,142.1285,-16.979984,190.65279,5.79015,97.50861,-25.725246,85.88091,-5.045352,73.278404,-17.632244,81.16733,-7.9208665,57.756798,-15.150279,95.64478,-12.345927,66.26422,-17.235107,71.788506,-7.7819333,67.18776,-13.042012,75.88378,-17.948874,59.059402
blues.00010.wav,0.30396515,0.09471249,0.14286481,0.009196141,1410.675357056211,205315.13237263385,1512.9717892723322,144928.97087822505,2767.5082652561437,1425856.5934589223,0.06298072271671827,0.00044122267994763987,-0.00010939382,0.021780534,8.545926e-05,0.0039746324,161.4990234375,blues,-173.71587,8138.2407,137.14024,1082.1229,-23.767647,1027.1761,26.99174,495.60068,-16.687662,289.83563,4.2143745,159.72736,-12.582618,150.5036,5.85456,82.498436,-2.884673,108.591225,-1.1866812,65.604515,-1.9771539,55.4809,1.8001548,57.964077,-3.0044112,93.71367,-1.869936,40.150433,-0.7962682,49.73985,-3.0132642,62.977386,-0.43592536,57.064503,-2.00181,55.616142,-0.7466385,47.20888,-5.0012374,46.481213
blues.00004.wav,0.30859816,0.08785043,0.0915404,0.0023050553,1835.507008401494,343334.237032188,1748.3674767249374,88460.06121566455,3581.003346162684,1572132.8216511165,0.1015001421004257,0.001953508818485157,-1.7863611e-05,0.0048175803,-9.764643e-06,0.003094669,135.99917763157896,blues,-160.29185,5198.1445,126.19577,853.7379,-35.6025,333.71176,22.151169,193.67331,-32.48764,336.45108,10.862022,134.79674,-23.357162,93.30083,0.50052315,124.761475,-11.80477,129.98872,1.2038774,99.795204,-13.085074,80.303085,-2.8098488,86.49203,-6.935621,89.61349,-7.5592937,70.93246,-9.172152,75.769226,-4.5104084,86.01278,-5.4537363,75.32818,-0.92446774,53.577564,-4.408076,62.928513,-11.701834,55.215115
blues.00028.wav,0.27601087,0.09885108,0.09958247,0.004105067,1115.541195251936,105590.00027422902,1398.5093836910733,52819.38499842766,2290.3194840847523,638308.461004343,0.04802843217879257,0.0008170362000089285,-2.2953188e-06,0.0081860665,-2.895076e-05,0.0026291155,103.359375,blues,-248.98674,4964.012,139.0672,398.15326,-16.2825,1166.4851,57.117985,328.96716,20.192654,158.32242,10.188038,133.31969,4.5439763,126.42127,0.33127892,118.3593,-7.8779507,69.86435,-3.4479153,68.505005,-2.646489,79.38818,-2.8313823,66.70068,-0.9021666,95.473785,-2.4017205,55.00629,2.567503,62.28276,-5.8554444,46.45909,-12.398049,55.85461,-7.310066,37.52538,-0.94395065,48.639015,-2.6873753,86.72538
blues.00000.wav,0.34995052,0.08875216,0.130192,0.0028303715,1784.416545970319,129739.83727264129,2002.6571063943209,85829.34594927098,3806.4186497738488,901329.6602966429,0.08306639113293343,0.0007667342953635373,-4.5264394e-05,0.008171826,6.8419536e-06,0.005704281,123.046875,blues,-113.619385,2570.8127,121.55302,295.72443,-19.151056,235.57982,42.345768,150.83536,-6.3711677,168.02464,18.613033,89.169586,-13.69206,67.60479,15.339378,69.06307,-12.283617,82.152504,10.973775,63.40047,-8.32241,61.810535,8.8067875,51.292,-3.665802,41.25163,5.745939,40.56098,-5.161711,49.823498,0.7502979,52.464138,-1.6883581,36.564606,-0.4093285,41.643627,-2.298869,55.076687,1.2199472,46.975636
blues.00014.wav,0.32904086,0.1080476,0.06693625,0.0027087945,1172.2763008557504,147284.80394618734,1705.8583767615453,96366.98167102148,2345.777482071159,877026.8914307908,0.045045834945820436,0.0015610299115303048,-0.000117512434,0.00471707,-0.00019976645,0.0012004694,151.99908088235293,blues,-305.69858,8198.813,113.041626,681.4012,12.114901,1463.6696,45.039444,224.74265,17.739239,249.00208,14.59463,154.72269,4.1571283,157.6241,0.24009794,166.76405,-7.013088,97.56585,13.649843,76.86334,8.923058,89.99379,1.3016899,62.738995,5.9521284,64.35734,8.542282,76.047966,1.1171257,137.10913,0.5882186,67.64699,0.060077444,96.65096,-3.706519,65.65768,-1.001884,89.35328,-1.8044139,113.55593
blues.00015.wav,0.27034655,0.09533811,0.080638945,0.0028313373,1420.4114787701458,200099.333817745,1730.9171016184662,81321.46445136568,2930.240614569224,700506.7356681537,0.0637176797116873,0.0019420992387825483,-1.3981062e-05,0.004730059,-8.55114e-05,0.002335559,103.359375,blues,-238.53304,4382.781,120.08829,728.52594,-4.2245555,979.5506,42.310043,383.17078,5.91633,298.87708,13.914182,117.46454,5.3575773,119.66445,1.9037088,143.89613,-16.92988,89.88304,12.339311,76.27422,3.9409604,81.66872,-1.390677,60.912006,0.014792026,60.609455,3.5804954,89.55493,-4.5049934,101.94872,-5.541951,77.47022,-6.8830776,93.63776,-4.8263903,65.747604,1.7385828,78.30476,-1.8840166,131.2145
blues.00001.wav,0.3409451,0.09496806,0.095891684,0.0023740323,1529.8713140945188,376011.6503525575,2038.6121427572907,213889.87408455403,3548.9868730952494,2976792.419586478,0.056044256724071206,0.0014485033470784323,0.00014215849,0.005096857,-0.00018055593,0.0030666413,67.99958881578948,blues,-207.58151,7770.7725,123.99715,560.163,8.939115,572.7001,35.870758,264.85532,2.9199703,280.0475,21.518787,156.47044,-8.555368,200.96965,23.355938,142.37248,-10.101037,166.23213,11.906445,104.358574,-5.5581226,105.223694,5.375942,96.29922,-2.2378328,64.90086,4.217126,73.177956,-6.0110474,52.484993,0.9326681,55.364292,-0.7170279,60.113293,0.2923333,48.13774,-0.2857168,51.13121,0.5321443,45.823235
blues.00029.wav,0.280554,0.10566009,0.124669306,0.0048167133,1649.2877536970097,712532.7955774791,2190.2218335032335,185313.28204096595,3761.610587388738,4160715.0657427623,0.05292636174535604,0.0032485986014382977,-1.3794679e-06,0.016770612,-2.3323373e-06,0.0013208728,129.19921875,blues,-233.75082,3688.173,101.178276,885.6455,17.649767,375.47626,23.733776,219.35905,2.0820332,227.6856,25.941927,135.67427,-16.958849,339.38873,15.098034,113.49168,-22.278715,98.38819,4.3951225,122.584,-23.207405,167.40906,-6.057175,81.73056,-5.068857,80.94343,1.0673921,99.95623,-5.785367,88.89909,-8.311131,84.26984,-11.389136,98.33858,-6.72795,96.658005,-10.025587,73.93483,-14.032895,77.867134
blues.00017.wav,0.30223948,0.09343901,0.09325911,0.0021518227,1088.7781161784517,231785.62640585066,1410.835952501535,69785.77652661972,2134.7537581027477,1081844.543650769,0.04832397083010836,0.0008456542090873088,-1.1252729e-05,0.0067682927,-7.804601e-05,0.0015242349,172.265625,blues,-245.75414,5194.7925,140.48093,800.78485,-2.771439,795.8157,60.42012,360.8053,18.9254,234.98946,9.837099,99.75717,3.566577,118.61018,0.5361876,93.123634,-16.36736,129.03683,6.6298547,105.27246,7.269149,96.74039,-4.015731,71.34583,1.6074536,72.96798,5.898682,78.70367,-3.017608,56.05118,-4.7748995,58.410374,-3.02707,65.67619,-1.9985329,64.96265,-0.058759056,62.87211,-3.9718897,64.753746
blues.00003.wav,0.40484834,0.09401797,0.14113921,0.006339857,1070.1100585189854,184506.65547626445,1596.244204184935,166637.5683581268,2185.0617872303114,1494194.063112875,0.03330894446594427,0.0004230743810646026,3.7968873e-06,0.01906335,-1.788782e-05,0.0027127906,63.02400914634146,blues,-199.462,5495.972,150.09471,456.56665,5.649167,257.0472,26.870144,158.19778,1.7554405,267.90213,14.23688,126.88233,-4.8288727,156.06218,9.297849,81.17086,-0.7531419,92.361916,8.147393,71.22305,-3.1952357,110.32543,6.0853534,48.183525,-2.4761882,56.813396,-1.0762246,62.254204,-2.8760564,51.64638,0.7769088,44.456993,-3.3200555,50.23697,0.6372629,37.351917,-0.6175069,37.291164,-3.40694,31.988441
blues.00002.wav,0.36356184,0.08527724,0.17549369,0.0027525946,1552.6377863181906,156538.29460476074,1747.382028301664,76150.68872314424,3041.0899442784926,782946.5225498029,0.07630074799245357,0.0010072891555751452,1.2605722e-06,0.016350074,-1.5652864e-05,0.007462036,161.4990234375,blues,-90.776344,3319.7937,140.44861,509.1121,-29.10056,411.987,31.68734,144.14766,-13.975971,156.0156,25.741686,74.46933,-13.644712,106.68324,11.623112,106.62771,-11.775921,65.68542,9.700466,67.84548,-13.115349,57.646435,5.7857637,64.60155,-8.899733,60.476448,-1.0870236,57.74447,-9.216774,36.467384,2.4536486,40.620197,-7.721793,47.700275,-1.8164973,52.418175,-3.4343534,46.630066,-2.2313912,30.626228
blues.00016.wav,0.30829644,0.10034232,0.08141902,0.0026416704,1455.0424713768052,152403.65978994328,1825.9090251785233,116846.11122941978,3009.9651324859715,1011007.1606190647,0.061350725014512386,0.0014195843289450563,-2.4775542e-05,0.0045093903,-0.000109080494,0.0024159972,198.76802884615384,blues,-233.79489,4961.9673,120.66705,562.2368,-3.1675603,1208.0558,39.53927,396.44153,3.858855,283.7276,18.839672,156.19809,-3.6889172,100.37777,4.431845,111.57426,-14.975374,101.503746,17.571033,102.17423,1.8447447,108.61663,2.538607,66.41245,-1.2386856,65.0766,8.439363,65.01317,-0.20983851,59.155827,-3.9067852,77.80613,-4.478641,82.36954,-0.012232187,85.382,1.2932649,83.646126,-2.0874293,100.742355
blues.00071.wav,0.30524948,0.080074646,0.12049466,0.0003274195,2429.3359591758503,97695.91814346368,2286.6949825737374,25051.139843411198,5065.152705047891,232186.6239344558,0.13468663832720587,0.0014273373318856107,-9.039936e-06,0.008873268,-0.00038263144,0.0023908978,73.828125,blues,-89.391495,695.12354,93.78778,192.58809,-14.57109,133.76848,54.391533,99.30157,-33.51502,64.555954,19.421158,41.70029,-19.763674,47.00677,13.022463,46.063267,-13.869494,52.43446,14.611718,51.5353,-14.970264,60.203392,10.589299,35.3749,-18.023413,34.410305,6.658279,55.10666,-10.205867,54.281418,6.529359,39.768433,-10.848846,36.44647,3.3216321,41.193363,-6.1875305,42.51324,2.9994206,40.24609
blues.00065.wav,0.29269594,0.0879425,0.10030478,0.00086400326,2816.7459196931127,347681.1922048546,2372.144439490832,44827.70959332787,5614.507716506628,616776.1282862705,0.14631846519446595,0.0025532304382802754,-0.00021991126,0.0055889976,-0.00063868606,0.0025487815,107.666015625,blues,-118.37033,1182.83,74.86732,606.0689,-19.869467,342.13885,46.947586,126.499954,-32.569054,128.80544,23.835136,83.83734,-26.374111,157.87862,17.692514,55.779728,-13.826244,74.61537,11.946739,68.61495,-17.88878,62.19952,7.555983,66.95665,-22.900585,46.098545,4.7644167,63.465786,-12.797208,76.15684,5.620266,57.91617,-14.7387495,90.25229,6.6824026,102.628334,-9.169973,135.94783,-2.2361934,100.91766
blues.00059.wav,0.40606847,0.085007206,0.16994148,0.0042562163,2235.9219734301396,239324.39884433875,2100.0368055794934,50587.74847115286,4390.048453977603,723890.7917558117,0.14228825524864552,0.004212239886207968,6.117629e-06,0.011847033,-4.7184298e-05,0.011171669,107.666015625,blues,-86.25098,2579.033,91.9421,321.3634,-23.4035,238.68327,68.2495,143.20505,-3.8901277,228.31528,22.74218,164.28769,-9.895618,125.65189,16.891766,70.17402,-11.393833,59.97482,18.429016,73.597786,-7.011848,41.374477,10.766727,55.34777,-11.93729,58.572212,1.0025736,42.8947,-5.922303,53.425606,5.314186,40.287205,-6.139845,47.921036,1.9491451,57.475315,-5.0979905,53.94455,-0.6654878,39.787956
blues.00058.wav,0.35666835,0.087606974,0.16195586,0.0047912057,2068.3276532886216,283590.8404081429,2033.7527183133282,116402.86064618862,4231.51607926785,1131822.1277753809,0.10437162889415634,0.0019301552960038738,-3.007161e-06,0.01377972,-3.0287263e-05,0.009373035,107.666015625,blues,-95.45586,3218.373,105.22937,613.42474,-26.962673,376.3512,60.836983,116.80304,-4.847295,152.56721,21.54521,167.94406,-13.523774,118.80367,12.135235,103.389244,-20.232872,90.41484,12.151344,85.88026,-5.229753,73.205734,10.264026,62.068638,-9.45371,66.37726,3.8617477,67.29049,-10.19307,59.293575,3.5858996,53.060246,-3.0982797,48.3466,0.20068085,58.016277,0.8410299,66.185646,-3.420522,60.75026
blues.00064.wav,0.33248457,0.080393754,0.11736054,0.0005461828,2553.2225631938227,107933.82232372889,2280.0794070335032,32835.04619468163,5148.04387048302,276596.28456288105,0.14685171971749225,0.0010589539715073898,-1.564131e-05,0.007766617,-0.0003168361,0.0028770475,78.30255681818181,blues,-85.17353,888.2186,88.81205,172.14818,-16.331642,190.46686,59.223236,130.11351,-35.993603,78.10094,14.391535,41.02754,-22.306257,51.194374,9.651896,53.45079,-14.823916,45.239616,11.181605,45.724197,-14.808832,42.164024,8.478196,36.548363,-19.59089,37.816776,6.4134293,42.20134,-13.782541,40.470417,6.1157637,38.96476,-13.154796,44.32654,3.934137,48.016567,-7.6171,43.323547,3.7527044,40.950264
blues.00070.wav,0.3226874,0.09194782,0.10612649,0.0011065213,2159.5483196611644,329100.5503565182,2130.34934530605,68611.3686443502,4685.038336880805,1074781.2235173327,0.0983489895752709,0.0017462419774728415,2.9587747e-05,0.0062197745,0.0003054675,0.002966307,143.5546875,blues,-133.0444,1943.62,105.72737,800.4653,-22.146265,316.05417,41.81865,143.67093,-26.996668,155.07011,19.124523,88.24781,-26.56932,223.87268,19.24604,94.77404,-15.334524,91.89693,6.9896555,72.62805,-10.818551,98.95879,6.7937427,69.71684,-11.729829,71.370125,4.40094,65.75447,-6.0445075,63.078197,1.9662838,70.770996,-12.326304,92.98464,3.2550435,64.59363,-8.811428,64.490395,-3.3753579,71.415794
blues.00099.wav,0.37024572,0.08516861,0.10503796,0.0053485455,1538.9317922233738,225198.01103457186,1703.6876933572125,104381.8759888212,3175.4391318873354,1037004.0278163379,0.07479924535603716,0.0016717334870407538,0.0001522211,0.009145676,0.0006015492,0.002603095,92.28515625,blues,-177.19162,9701.087,136.2142,546.26483,-26.910713,1626.5817,36.372784,239.7292,-18.759428,247.0687,20.905872,107.97991,-1.7765751,110.89735,3.0159326,126.266884,-5.59941,70.80818,5.6345954,76.27403,-8.114803,76.50904,5.645384,79.796074,-10.786549,62.098824,-2.4161382,50.137135,-6.942407,57.495308,-2.508999,79.02801,-5.207821,50.976368,-3.4113264,64.431595,-3.249949,81.01451,-2.6840243,92.45125
blues.00066.wav,0.3748415,0.088795714,0.11046952,0.00070343027,2340.3362115325717,347532.02343602874,2256.322435520963,45455.505418677036,4972.26993336397,734475.3313183438,0.1217751517753483,0.00400132012698725,4.0370037e-06,0.0055265706,-5.1354407e-05,0.0034506202,161.4990234375,blues,-116.546364,1589.7712,97.444626,505.1731,-13.895614,291.69876,48.974857,154.74753,-22.594566,162.44969,27.76544,79.28989,-20.240068,186.21907,18.63935,66.03078,-14.6516695,73.89131,8.481435,51.40223,-16.655897,69.9037,11.001678,82.738556,-13.869425,74.52143,9.742047,76.12543,-5.09433,75.83379,2.6373723,80.2436,-9.890765,55.54431,6.1601152,99.97855,-7.6891356,90.491234,-4.851008,76.02453
blues.00072.wav,0.3070265,0.08071321,0.10387338,0.0004472268,2595.2893633321164,292848.9372946402,2519.120266733764,59903.661478440874,5660.282439713139,548577.1942485673,0.12924562814434984,0.002799086129388059,-4.6461e-05,0.0076648146,-0.0001973608,0.0012444201,103.359375,blues,-118.68192,758.7098,87.62362,306.7022,6.558794,248.16017,45.098045,87.353096,-38.915707,78.76162,20.813005,60.239964,-26.863337,46.446148,13.798009,57.72302,-17.238607,43.824852,5.1101575,45.904247,-15.709853,41.770138,3.981842,43.41388,-27.549044,41.175877,3.04777,42.523384,-15.956566,35.982456,10.867772,51.029327,-12.65191,33.19127,2.8237092,33.137535,-13.335965,34.925007,-4.3752894,44.186405
blues.00073.wav,0.34202734,0.084188744,0.2596552,0.0054874225,2094.775833910308,108641.85629028807,2158.1057474122117,42017.30745841984,4482.2562297431305,495843.2292228617,0.10056968665344428,0.0009933535840277793,-3.2141925e-06,0.038460884,-1.2214111e-05,0.013975913,99.38401442307692,blues,-30.129288,1123.0977,103.7448,204.43088,-19.765732,185.01086,56.411625,173.4392,-12.72487,121.37858,20.194227,94.64758,-17.348097,90.1624,16.309156,64.6621,-18.444427,56.84802,8.932052,52.386333,-11.661623,53.73331,11.210426,39.468105,-8.851257,51.8927,9.101229,52.963882,-3.5740457,37.731236,4.384886,38.74848,-2.8308275,45.266594,4.7261167,44.094547,0.48242342,51.53599,1.4773945,70.00986
blues.00067.wav,0.33793774,0.0863396,0.12903935,0.0005597302,2258.530501284298,219157.69532889585,2175.883804208782,55815.99004836204,4755.35457835478,691176.8974593387,0.11276500217685759,0.001703399209712295,-5.0452054e-05,0.008282489,-0.000576185,0.004081631,161.4990234375,blues,-95.46325,935.6232,101.38038,365.84436,-20.697004,346.78525,48.66807,176.33157,-30.27181,139.8549,20.812761,85.4931,-18.313583,240.91283,14.14687,62.267548,-12.79889,79.733315,13.44428,56.54136,-14.0782,105.78706,7.732656,73.01167,-19.232273,59.21129,2.8622494,48.57701,-9.816176,62.326305,6.917915,66.26473,-11.309343,76.29174,8.943026,64.6703,-2.960888,60.02253,-0.97386485,60.465958
blues.00098.wav,0.4431951,0.07830979,0.12533903,0.0017054501,2310.1410834053427,191451.68711512958,2206.528237593986,62295.13092711897,4829.08746583543,618856.9454130281,0.12842590520994582,0.0024332123014337748,1.3146769e-05,0.007852451,0.00074998755,0.0041645314,123.046875,blues,-90.70722,2589.534,100.10758,298.92334,-23.924427,450.85864,52.588303,120.39099,-20.928015,109.56876,31.502182,61.38332,-11.213113,113.167015,20.094326,77.59377,-10.915236,49.731243,17.563923,50.505432,-14.097336,68.79266,12.994508,59.550606,-11.420426,60.86051,2.911845,63.97647,-12.017497,35.68204,4.8276467,44.59609,-11.165411,36.136517,1.1622108,45.413094,-3.9213326,60.10013,3.2532022,44.43202
blues.00088.wav,0.37787387,0.09277144,0.14201057,0.0034783166,1006.8779768813263,136346.71716981902,1530.6145862499307,150837.11815478702,2075.0707856641834,1015400.7869280343,0.03206556574109907,0.0001747131234536028,-8.554385e-06,0.01615971,-0.000117272844,0.0019000493,172.265625,blues,-194.27951,3236.5396,151.85118,567.71277,-1.1928877,204.95828,39.1946,127.982414,16.582485,181.01355,18.252386,96.78704,-1.399161,119.91942,14.87771,52.51677,-11.616781,79.61099,2.4488766,90.058426,-5.0791736,74.02404,3.9416006,68.497635,-0.9037845,63.16122,0.6356109,39.003265,-8.353415,55.130188,-7.5132484,35.475685,-8.047445,44.150253,-5.4091463,38.910614,-2.5346594,42.486145,0.12955067,60.87346
blues.00063.wav,0.33039847,0.08992094,0.096282795,0.0017333825,2839.267572265232,289240.3332946521,2443.9434801361367,56288.95286077951,5710.907133592541,476210.93324841757,0.15435583155959753,0.0030653401358737824,-0.00015181546,0.005422061,-0.00038488343,0.0028939678,92.28515625,blues,-129.11397,2036.6293,72.11977,426.07434,-7.765846,594.2186,49.26091,142.05519,-32.721973,107.387405,21.608433,78.55199,-27.37464,188.17839,15.002844,52.70178,-10.258776,121.44633,12.437437,51.91313,-17.034569,57.256138,7.118173,68.55467,-18.020405,66.19866,2.9276602,46.884777,-14.486264,69.79718,4.0620627,56.764683,-14.537421,66.72075,7.2582917,80.907166,-8.20802,81.405716,-1.9981062,76.88726
blues.00077.wav,0.40887603,0.08343807,0.24310125,0.0051003383,2206.7704721917894,184222.90020784305,2191.4569363644973,75526.38920613503,4657.321837812016,1090753.1834117917,0.11152578064531733,0.00114567753889385,2.0450121e-05,0.026008261,0.00024677388,0.018000055,99.38401442307692,blues,-29.039146,1956.2665,104.53732,307.2051,-30.978956,308.07376,38.15443,109.175575,-7.991592,133.59308,30.89167,96.44126,-20.596235,98.71919,25.83078,69.86036,-12.959671,84.36275,16.941612,53.48429,-12.263682,58.669197,10.786708,37.430557,-10.564546,46.057068,6.8762565,40.305702,-10.298928,40.656124,6.9682097,46.88002,-10.256611,51.75951,0.7044423,46.48182,-6.006501,31.898449,1.3486156,44.768387
blues.00076.wav,0.36558744,0.087941095,0.2189702,0.0046439376,2645.5300364910313,186385.19079292982,2426.0057919712367,50776.46237451438,5611.974398491921,580016.7450677594,0.1364685625483746,0.002664558806629296,-0.0112866815,0.035085272,-0.0064159464,0.007280923,117.45383522727273,blues,-52.701164,1344.4116,74.455414,222.23784,-18.715458,219.27394,56.307217,112.86574,-3.9593267,128.18298,31.98716,101.370735,-16.457788,138.89772,22.41769,80.135864,-12.262029,66.50578,27.228352,65.774414,-9.233885,83.32619,7.8071027,51.72937,-10.567175,59.15853,6.944951,49.734894,-9.136492,85.40925,13.022678,51.386883,-9.85732,52.945385,3.6924512,56.425163,-4.954326,70.8428,4.4225,65.25112
blues.00062.wav,0.3118191,0.092670344,0.10619286,0.0008645497,2279.808618295741,422443.367891961,2119.6717332041376,36012.917300719084,4732.271384602361,781275.3003306127,0.11714895148026316,0.003783662612107594,5.7568022e-06,0.006093172,6.991497e-05,0.003015848,112.34714673913044,blues,-144.99365,1821.8978,95.742805,711.69794,-21.61032,420.06192,49.62971,186.31003,-29.898346,268.1202,29.358599,146.08003,-18.849941,248.99937,17.890139,91.80833,-9.674273,107.92496,5.5135674,77.34491,-9.5545635,74.19103,6.3690124,108.22203,-21.091816,79.03176,2.4598293,90.473976,-9.537456,70.80346,-1.415343,79.24792,-9.326942,90.60285,5.140728,220.34705,-8.113004,102.790634,-2.4492147,109.611755
blues.00089.wav,0.3486931,0.10260652,0.052771624,0.0017766069,798.5684450379567,198695.1989005334,1284.9474803691326,130941.4219001372,1455.816196878628,1071681.7267658005,0.025639678671633127,0.0004047585104262952,-9.655914e-06,0.0036335627,-0.000111397334,0.0003325654,107.666015625,blues,-346.88687,5369.1646,139.24796,1054.4438,24.084862,913.69464,22.264013,311.1948,18.64784,230.53163,11.657903,274.18372,9.017679,163.3985,6.977827,80.607834,-2.0233011,104.47057,5.420398,72.8644,1.6508169,108.92239,-2.3530061,68.66131,3.193639,58.10891,0.7052996,73.462555,-3.092132,54.575428,-2.1101785,39.201843,-2.2120807,48.864338,-4.5766625,46.58084,-4.726689,48.68116,0.05927534,42.319744
blues.00048.wav,0.37941048,0.08355744,0.12392563,0.00091933145,2148.7498193351744,166089.1557487697,2204.352412916655,80007.50401314352,4673.621739248742,820570.9153765374,0.09881232766544118,0.001307991703901324,-0.002823465,0.007545199,-0.0038703887,0.0038990679,123.046875,blues,-106.34815,1514.8802,102.64147,266.90253,-20.172258,370.8309,59.375206,123.923325,-9.9672785,130.11966,33.70612,59.62217,-14.182175,117.84739,23.516735,93.70678,-13.329083,62.068226,16.026072,78.58253,-18.923178,61.97095,7.8317676,68.959206,-7.8003836,50.65413,4.0504375,53.7983,-11.348732,37.25484,2.0717623,46.984318,-5.7422743,32.199123,0.46529794,65.785614,-1.9167938,65.27803,-3.1317527,46.614296
blues.00074.wav,0.36717397,0.08540202,0.19690311,0.0042837486,2515.8691600222824,272550.3586687091,2531.4200010553727,66559.81217016811,5771.615099833108,998098.86728446,0.12091612446787926,0.0016698289258501849,1.2289063e-06,0.019936258,-2.3977262e-05,0.010118626,112.34714673913044,blues,-56.03289,2866.092,87.84067,358.13522,-1.6012412,288.10788,41.205364,165.80588,-5.620271,140.1872,27.784927,108.571205,-24.002584,91.6027,21.768122,64.85086,-18.42899,85.300285,12.328123,65.853584,-13.717034,65.63604,11.850821,70.903915,-3.9822721,58.62696,7.09853,88.102684,-4.468587,57.233784,5.1225452,56.005135,-6.652361,59.64285,5.8714576,53.93096,-3.6964025,67.695854,-1.9647617,69.06949
blues.00060.wav,0.43093038,0.080390766,0.19614176,0.0034508037,1946.5344115984576,124992.7341868667,1979.7546736384302,55743.6053699443,3955.776079963235,639858.2172619583,0.09745368130804953,0.0013969962505871523,-2.5918168e-06,0.01693949,-5.0153343e-05,0.011513396,151.99908088235293,blues,-67.805534,1610.9379,111.709366,307.90585,-34.657303,223.0666,61.34179,228.29688,0.045181323,175.44432,30.571093,113.29545,-12.704326,109.5804,21.166828,91.8243,-13.13489,55.590958,16.2878,73.43066,-6.343271,38.066326,12.295478,50.16544,-12.483006,40.387814,1.6834177,40.866703,-5.1477942,36.919067,4.6469026,39.430367,-6.9180565,33.20704,1.048274,46.621204,-4.7390194,56.01543,-0.6583495,50.21934
blues.00061.wav,0.45192984,0.0757346,0.14170721,0.00062033755,2503.952796432079,163031.59396206247,2180.283243535687,34054.631016364736,5077.135965920085,397356.23613454256,0.16758439858262383,0.002548715364585769,-0.00024226661,0.010626769,-0.0020674835,0.003783698,129.19921875,blues,-82.485886,1041.7224,94.17034,208.28694,-27.139208,165.81392,75.66252,55.360622,-27.529984,67.77048,35.589035,42.32878,-20.298964,49.313225,25.12132,54.663532,-15.379854,47.744152,11.346788,56.46314,-13.402289,54.869205,8.153384,50.092278,-8.504351,64.6792,8.285465,72.720695,-10.359801,72.02806,-3.460236,50.13866,-5.226153,33.0177,-2.5910985,38.1976,-8.365252,72.653366,-6.978115,35.891937
blues.00075.wav,0.4664576,0.08149697,0.19203044,0.008018584,2225.176865828166,462553.52263783367,2255.135044259995,99000.27176823138,4703.588224712171,1855812.603742302,0.10858664497871517,0.003210580025376113,-0.004731216,0.013121391,-0.0055849357,0.018233556,117.45383522727273,blues,-86.33548,6846.8667,92.7005,779.8273,-15.399187,500.9008,54.05201,238.4208,0.86678725,214.42142,31.560293,129.72662,-14.622711,93.89621,23.325447,49.032722,-14.978637,73.999756,15.339354,75.32654,-7.0493617,83.15804,12.182225,61.919395,-6.110912,92.456566,7.021336,47.544083,-5.8126974,48.14234,7.440921,67.87384,-6.0741916,46.929844,3.3776991,41.3904,-4.2786126,53.474083,1.2500929,44.235302
blues.00049.wav,0.27759212,0.090707146,0.08856345,0.00045738966,1318.6237037811231,412303.27711868036,1904.407867651937,170355.9471024003,3046.8565760751258,3069997.562385575,0.03997292533378483,0.0007603344342360978,-0.004215558,0.0063668997,-0.0021682149,0.00062452006,123.046875,blues,-255.97383,3166.1113,110.82752,668.1158,21.460571,352.05252,67.588135,204.14537,4.288312,197.47891,43.11846,82.391426,-4.508348,74.36692,10.442597,75.720566,-8.718592,102.62,1.6548898,80.30957,-20.58779,69.3501,-2.430674,60.125786,-7.144061,66.06447,-11.172763,59.48785,-12.612457,42.909225,2.7417226,50.888474,-8.942421,59.669903,-7.9461575,59.197556,-2.3538346,70.38065,-0.7147955,82.67993
reggae.00080.wav,0.4770484,0.09384414,0.19575419,0.01060384,2538.8183244874817,876769.0000902045,2644.457246211116,166400.2283764522,5260.409857687935,2790474.4600939336,0.09431537828947369,0.004993902601596683,-0.00015390245,0.02765466,-0.0010671176,0.008854624,99.38401442307692,reggae,-103.10472,5829.162,67.23044,851.25757,2.239865,719.66113,28.497494,285.56375,4.176846,219.68213,11.877421,226.02496,14.268193,246.32094,14.302058,121.357346,3.2598321,107.21354,15.845577,145.50717,8.033733,127.306595,4.457916,51.516666,8.679057,58.71968,8.057954,53.464546,7.979672,70.82431,5.031801,62.896587,3.738449,44.24348,-0.32675493,42.79575,-0.938553,66.93591,-1.0842903,76.87025
reggae.00094.wav,0.36561716,0.086940035,0.13470538,0.0013115995,2022.437501264683,545939.0879770444,2129.4475446132888,184303.85282264106,3834.176815257353,2392379.5004627826,0.09566646611358359,0.002609616410527853,1.0527951e-06,0.010914535,-0.00013866085,0.003677824,129.19921875,reggae,-97.762924,2043.4205,108.83715,830.0893,-24.923462,339.26953,21.31974,188.81929,12.549697,111.85396,7.7659984,100.045784,-3.3035848,92.040565,3.5284224,71.661606,0.68943715,72.41291,4.1955223,53.088963,-9.684725,54.184402,4.2615576,42.364704,2.456917,47.053543,-6.625021,37.039948,-3.161061,37.82945,-1.103515,48.083492,-4.836193,41.246346,-0.11613148,45.397346,-7.4346824,42.773663,-7.7060375,34.181877
reggae.00043.wav,0.33477828,0.08534392,0.11061871,0.0017803819,1484.7434261821936,114576.35644582781,1644.3137702371994,51291.96333527698,2775.2082186955786,213386.7501151176,0.07602637323432662,0.0011340184615433035,3.559971e-06,0.009363214,-1.4802551e-05,0.0021263876,151.99908088235293,reggae,-164.68896,3402.978,142.69797,377.7202,-41.473988,324.02438,41.23485,102.54534,16.18847,245.16563,-5.5709586,132.31792,7.642461,65.152916,5.6203566,72.75262,0.80288523,54.51516,-10.477527,76.46987,-2.3480628,76.23952,-0.49498355,55.07213,-3.0664117,51.35837,-0.61336815,52.276806,1.1345508,56.01241,0.72807527,52.939793,1.0431116,48.289177,1.9845235,51.789787,3.4986024,53.82242,5.307884,59.135605
reggae.00057.wav,0.37290987,0.09511945,0.10334067,0.0022964566,2170.729333695411,1075206.5505049138,2577.52397771507,432031.2119436639,4776.804448650349,5829219.803908655,0.07889861588138544,0.0032695143961278214,-0.005078082,0.007060532,-0.0033784523,0.0026516765,95.703125,reggae,-177.29272,6621.0195,98.28518,1625.2117,14.708466,678.37585,21.133085,493.20303,14.941088,256.42038,10.18818,135.06589,4.9731407,153.44424,0.84379053,122.72046,4.83046,134.58388,6.869421,110.76652,3.5429003,69.924164,-0.3562359,79.45651,0.5778768,84.33384,1.3758775,92.86825,2.0128925,108.15156,-0.30699247,72.8007,-1.3682139,67.86494,2.8996344,84.307655,-0.97946554,80.92994,-0.5216541,102.10813
reggae.00056.wav,0.37026238,0.0931895,0.10052799,0.0024717525,2174.1042292536513,912795.8897703656,2460.904693392289,358691.69981818506,4659.646823753144,4679221.124706178,0.08318468217879257,0.003063666281091204,-0.0054245465,0.007019953,-0.0026699863,0.0026938277,161.4990234375,reggae,-162.50883,6079.4824,98.486626,1059.733,-1.6052877,562.59924,20.811714,363.53024,12.058052,317.905,11.743512,188.00162,6.093583,139.17383,4.958358,102.84111,1.7059443,115.30367,3.0551608,84.397835,-0.85991335,72.78954,4.1205864,67.706696,3.42566,67.68987,-1.3976501,62.092384,2.2798965,66.84832,-3.710869,79.73859,-6.500756,83.823715,2.585176,94.99922,1.4101468,87.786766,2.229942,76.56719
reggae.00042.wav,0.43341032,0.08373026,0.071250305,0.001476917,2480.8459326909738,685452.1917482256,2521.7094790983374,298187.7746380993,5049.419466851296,3710109.5110928547,0.10571062306501548,0.003307843535333267,-0.0009530607,0.0030927155,-0.0010669149,0.0017715326,123.046875,reggae,-174.81073,3921.2354,79.29305,613.27924,-24.333023,780.84973,17.978056,357.41666,24.470284,260.70282,15.726947,126.45507,7.472576,161.21411,4.2259116,97.673584,3.917073,92.22879,4.8066626,92.78958,2.7606578,85.68335,1.7235028,67.1424,-2.3440123,80.22053,-1.601102,69.57068,-4.455369,65.17249,-0.37273803,80.08823,-2.4354048,77.88073,1.4890796,58.116486,-0.32870978,40.790863,-3.6642168,53.790222
reggae.00095.wav,0.42458442,0.080798976,0.16228151,0.004128958,2617.582608076272,509184.35911261715,2787.620433735666,156135.16644228064,5720.398742864744,1826469.1738925641,0.10321517330205109,0.0026245866059082332,-7.037067e-06,0.0111300545,-8.773036e-05,0.008802491,123.046875,reggae,-69.031685,2776.0134,79.13812,285.9618,13.089321,522.46375,29.371025,136.4406,0.26556167,105.606186,4.15653,72.82925,-0.4426138,119.50517,0.18855517,80.30893,2.8111448,61.101368,0.59799904,78.831665,-2.7980497,35.63148,-0.5165508,41.747917,-3.1858015,45.668526,-7.214459,33.915447,-4.4119577,39.08443,-6.804216,40.66711,-9.37836,29.137209,-2.347947,31.842737,-5.9510303,29.647053,-7.3565593,33.01314
reggae.00081.wav,0.4735248,0.09290108,0.17930914,0.00992771,2567.6720453746466,980612.2920150177,2630.235731297356,216999.81280464117,5315.526191073674,3136960.191999851,0.0994389300744969,0.005637235975281272,-0.00013513898,0.023610031,-0.0012336277,0.0076219426,99.38401442307692,reggae,-115.72032,6236.129,67.04471,967.35065,1.920735,879.27344,29.123379,318.18848,4.0074277,256.02933,12.044658,258.50058,13.988451,265.97345,14.918452,130.56906,2.299447,113.69118,17.055819,167.28943,7.568181,125.57019,4.992762,54.78737,8.547549,61.295963,8.288142,55.958664,7.8985267,71.89746,5.850145,63.75935,3.1114364,45.10832,0.054986347,43.019363,-1.5452893,72.00604,-1.2790092,76.80313
reggae.00097.wav,0.27205,0.08701458,0.110719286,0.0026055903,2007.1841367892719,305483.4455480024,2111.065943270962,118662.75220940493,4137.408314991292,1092126.903742788,0.09403079951141641,0.0017250823748540325,-0.0050973054,0.010299379,-0.0010904361,0.0016533941,161.4990234375,reggae,-142.7909,4063.1719,103.117455,413.003,-15.232358,534.7732,38.268044,312.2319,-12.985988,142.82555,2.749526,156.73639,-1.675033,195.91452,-3.4322703,85.84792,-4.448259,88.11843,-9.285494,86.35228,-10.124065,68.03397,-2.1168067,67.49603,-4.4709153,58.184586,-7.905639,71.422874,-3.747282,43.563293,0.50961614,62.154556,-5.032232,52.685467,0.30626708,74.16478,1.5896959,118.8898,1.2246901,111.19265
reggae.00083.wav,0.32676357,0.091462426,0.0567255,0.001072817,1366.429347381977,469110.7417352598,1737.328608890746,185635.59757941624,2562.884502588042,2602706.1040449203,0.07119609254063468,0.002748747573362178,-0.0022175894,0.0031572809,-0.0011559904,0.00038417842,129.19921875,reggae,-285.9736,7582.5513,138.68747,1420.1943,19.947643,1000.76624,35.24512,438.17203,-7.9940906,337.7591,7.078869,156.82259,5.4051294,260.49368,-3.2063923,81.98966,-1.1585748,101.65854,3.2082617,104.829285,1.4964437,126.9485,-4.0358186,120.84607,-6.3341928,148.77219,-0.9289381,120.35963,-4.363625,135.4019,2.8833332,76.069046,1.2566572,134.83911,1.9725599,140.86018,0.78867674,109.19466,-4.2886114,177.72531
reggae.00054.wav,0.39628837,0.093026556,0.09687516,0.0021785512,2541.9768822749897,1669241.6774627285,2725.503663441282,536908.0058447464,5475.575223279073,7368031.008543507,0.10153566720684984,0.006736130370868103,-0.005713915,0.007368147,-0.0027574934,0.002167253,151.99908088235293,reggae,-182.1939,6235.4434,83.517006,1626.952,4.8448935,938.5479,12.6912,416.38177,30.071642,235.76451,17.201649,170.74017,6.1039777,142.69006,7.693451,121.493484,7.147,90.60816,8.883384,72.64009,-2.1501875,99.74137,5.713592,63.44224,1.4522558,73.11899,-4.9398346,80.82114,2.9155705,66.16043,2.189585,59.073483,-3.2314157,63.368427,0.75919986,71.086365,-1.6967705,70.995445,-0.6337948,84.72538
reggae.00040.wav,0.30261552,0.095048666,0.03906876,0.00089762657,2031.8882309842422,845613.5471594227,1850.2019356993087,134235.15965154476,3837.843459752322,1953425.8912858977,0.10104549632352941,0.007552666104875438,-7.09724e-06,0.0013616105,-9.034314e-06,0.00061280717,92.28515625,reggae,-296.08078,14092.768,93.19381,1568.0212,-31.427439,626.15063,29.488941,902.8752,-18.94015,355.8987,1.9491984,354.5429,-19.49847,299.09174,-6.2451177,208.15973,-24.019806,141.90852,-7.0987687,115.921776,-14.191153,211.88477,3.2708812,201.78378,-10.612779,231.00082,-2.7966268,102.359535,-10.806494,89.64061,-6.70871,88.714615,-8.496008,49.90775,-3.1317625,60.688335,-7.0599756,81.68113,-4.7600565,72.65127
reggae.00068.wav,0.3586421,0.10027586,0.095324196,0.0017883471,2104.9458967015426,897936.7450718477,2311.3974771349967,196642.2758755617,4381.623504922117,3184910.551613458,0.07786158511513158,0.003108869209164456,-7.5922458e-06,0.007136166,4.8682145e-05,0.0016900824,135.99917763157896,reggae,-194.80711,6078.9175,83.02939,1399.9528,-0.75735754,494.18314,32.3753,376.1003,2.8250601,216.96445,23.16773,147.2091,2.966824,291.62045,14.221725,99.03227,8.545363,110.5997,10.447763,156.90306,7.0688815,110.858864,8.804685,81.30503,1.4087901,63.436073,5.4087796,51.800842,2.7515855,58.163967,5.2473264,55.497543,1.642781,87.42791,0.5076165,70.12002,1.1411836,76.88528,-1.5598167,68.9183
reggae.00069.wav,0.36254442,0.08896938,0.12575796,0.0014962271,2461.457562285525,949406.7961506238,2683.171027864963,179087.37380292595,5288.368021962075,3089124.851411898,0.08041447973103716,0.003156530399349201,-8.34757e-07,0.012148628,1.3789278e-05,0.0020332378,143.5546875,reggae,-142.78154,4461.9487,83.62423,993.2996,21.90621,628.87396,33.849457,296.5654,4.624049,291.8116,4.162697,187.25725,1.9368716,123.25316,21.812685,82.88227,-5.9423456,83.612366,0.50014144,95.75812,17.423235,83.8628,-11.433122,68.80158,10.545723,71.964005,2.2018425,79.43226,1.4132795,52.516037,1.7545954,45.34099,-1.3976312,78.69101,2.0162969,49.924656,-1.8893012,55.2991,0.63754696,54.744534
reggae.00041.wav,0.37360558,0.091945276,0.11992645,0.00097416574,1931.4896901504014,588238.3232801447,2205.638614424234,154989.1594369393,4123.183401007402,2115026.7804647195,0.05904763992356811,0.0014192272986711134,9.033602e-06,0.011094199,-7.4787217e-06,0.0015551896,143.5546875,reggae,-177.2906,4859.4785,89.63707,1031.6376,9.614038,730.4483,65.46783,303.28796,-1.0167574,327.13385,15.514672,223.0336,8.010461,131.10721,16.342636,95.58321,0.26795146,89.34226,2.644518,113.185684,2.8961604,92.15672,0.64221567,66.30506,2.5766912,68.10203,2.810242,77.18637,-0.45532742,51.932407,2.5262752,49.31742,-1.407092,81.57124,-1.6532326,53.038204,1.2065383,56.83905,-1.8943056,54.355354
reggae.00055.wav,0.461971,0.080975324,0.112905614,0.0006621947,2525.883148548213,1017684.4109869384,2840.031024653128,252564.16519967202,5595.957828675261,4951294.980420574,0.0822270160119969,0.0029327604274051204,-0.00028411657,0.006691533,-0.0013575776,0.003834428,129.19921875,reggae,-130.3925,4251.907,84.28538,1137.8425,29.355722,696.5216,23.844406,317.16367,8.28788,143.85632,13.86177,74.43607,2.2291079,63.43877,2.9254556,60.982586,2.5764942,46.836876,0.09832213,56.22262,2.3406696,45.97923,2.7464368,31.664528,3.7561285,39.16477,3.7823875,35.205933,2.1226056,54.55204,3.1364772,48.434376,0.16150406,46.203854,2.3938253,48.782116,-4.115126,49.612175,-1.766931,45.768097
reggae.00082.wav,0.4735248,0.09290108,0.17930914,0.00992771,2567.6720453746466,980612.2920150177,2630.235731297356,216999.81280464117,5315.526191073674,3136960.191999851,0.0994389300744969,0.005637235975281272,-0.00013513898,0.023610031,-0.0012336277,0.0076219426,99.38401442307692,reggae,-115.72032,6236.129,67.04471,967.35065,1.920735,879.27344,29.123379,318.18848,4.0074277,256.02933,12.044658,258.50058,13.988451,265.97345,14.918452,130.56906,2.299447,113.69118,17.055819,167.28943,7.568181,125.57019,4.992762,54.78737,8.547549,61.295963,8.288142,55.958664,7.8985267,71.89746,5.850145,63.75935,3.1114364,45.10832,0.054986347,43.019363,-1.5452893,72.00604,-1.2790092,76.80313
reggae.00096.wav,0.41626847,0.09526379,0.16214606,0.0050885724,1629.473422777735,511435.35419038485,1578.5745901784658,85181.27998449879,3183.1557518926566,1427177.0430452735,0.07962990397639319,0.004152090797373675,-0.0016552925,0.023668414,-0.0027067803,0.003742082,89.10290948275862,reggae,-167.0121,6868.808,116.64275,747.56104,-44.190365,903.1394,70.50381,229.95506,2.3206952,391.69772,16.017593,131.00372,12.503346,157.3936,4.1003556,120.666145,5.3281403,99.94441,4.525841,84.17564,7.307662,71.144615,7.587458,63.050304,2.906153,58.3419,1.4778134,57.62043,1.1352506,47.23946,-3.127623,41.654743,-1.9610994,36.955936,-1.0093393,39.38202,-4.6560035,32.030525,-4.9569874,36.027077
reggae.00092.wav,0.3989742,0.09026912,0.0921382,0.0017076755,2170.7030022441018,247130.6830237947,2054.8194306433775,111394.80692396782,4306.940623185952,1062025.2422295911,0.12004009046052631,0.00220177450222011,-0.0019992702,0.0046857493,-0.0020113033,0.0026661605,143.5546875,reggae,-138.14389,2625.8948,101.46947,605.5714,-35.31705,516.0921,36.162956,260.1253,-9.493778,355.29437,14.762181,132.99115,-0.23332861,141.51326,11.528228,116.80832,-2.106009,104.36078,3.4052167,80.726456,4.2047963,95.677155,0.13827944,59.223625,9.009115,84.17791,2.7621336,80.098274,6.236876,87.55319,5.7381325,62.416355,-7.9380713,57.74811,5.202521,71.14032,-1.4864929,55.81026,0.45219186,60.927437
reggae.00086.wav,0.66354144,0.048107255,0.35094303,0.014412995,4434.948742523192,3035513.6233605877,2844.427231290672,487229.98087410635,7624.545562082769,8661012.06264826,0.2602225383368808,0.012656311440386021,0.0010416553,0.03190244,0.0039540804,0.0472064,129.19921875,reggae,42.112865,14695.763,37.42417,4031.3037,-7.9223104,649.7725,4.49199,238.10248,8.947956,347.84772,3.5308404,83.61465,3.0852087,120.10069,1.6274316,49.16684,6.2675343,61.46004,1.8218068,63.070477,-0.5613662,23.800226,-0.39434338,18.665916,1.6282488,23.881367,2.9074898,14.157035,0.38150212,9.73703,-2.3099115,9.205502,-4.141039,14.9956255,-2.1888423,18.06434,-3.3363507,13.382756,-1.861262,7.8774242
reggae.00079.wav,0.4763551,0.09111242,0.08061355,0.0026404003,3003.0228526329006,1086716.3887005844,2214.713375068283,102123.93323285392,5294.126320475764,1497407.9064676375,0.18643386888061145,0.012298659186898701,-3.113015e-07,0.003852739,-6.4460335e-05,0.0036684729,151.99908088235293,reggae,-155.67242,4552.078,57.027374,1925.5939,-35.247707,785.33136,33.286343,224.71365,-14.187575,157.45851,25.281809,242.63857,2.5339673,165.89592,4.2479243,69.39589,8.487785,81.54068,4.567988,53.704426,2.8205197,54.773026,2.5739942,71.32157,2.8225188,61.25505,3.6183274,29.697668,-2.8702095,31.870852,-7.4973774,31.184969,0.19377778,26.20587,-1.4596338,26.953688,-2.1718602,24.796135,-0.05962724,21.558073
reggae.00051.wav,0.56960213,0.0730697,0.117365755,0.0032806695,4276.113111170075,2496970.9364556167,2877.5263742277384,201444.89412662937,7677.036911341428,3493672.869737398,0.27482940390383126,0.028689602242443334,0.00073023833,0.0023982667,0.0014327212,0.010217451,86.1328125,reggae,-154.96252,6075.966,-1.5391539,2522.215,22.38873,764.4159,30.425213,397.66714,2.1195714,184.98732,28.596123,103.260124,16.995514,130.36345,13.418901,142.72455,8.493891,68.59416,6.4839697,92.302666,9.772991,59.758205,10.905425,58.12645,2.1743824,65.36583,1.638151,59.001625,6.3485465,82.7065,6.9075937,63.066334,-7.8031516,93.26336,4.694933,50.487797,3.4125054,68.53674,0.66997,52.31309
reggae.00045.wav,0.45757356,0.08140354,0.09121401,0.001319565,4283.044762530106,984114.6894819824,3112.0550806340652,142392.84066988726,7926.302070735778,1831608.890900712,0.22392041469136997,0.008540185753393447,2.3383676e-05,0.003891366,-6.709342e-05,0.0035310374,161.4990234375,reggae,-120.324814,6122.452,16.383318,874.173,25.04658,1044.0508,37.25922,454.74777,9.280131,225.22838,13.014446,133.67857,3.2297337,190.6473,5.967851,100.35323,4.0833497,103.879585,1.6961602,91.35904,1.8896632,98.62988,2.6729698,66.012405,2.0346594,62.647484,-1.7154503,66.59695,2.1032035,51.516083,3.2449558,63.822113,-2.0760071,56.380913,2.7732615,52.04159,1.609771,41.41727,-4.050147,62.958893
reggae.00044.wav,0.44927633,0.08109264,0.15244086,0.003372284,2454.215349177034,887594.353926277,2820.883466207411,214242.9976277214,5582.274578082673,3843404.6756499545,0.08757694586880804,0.002558821641931156,7.2088683e-06,0.012257211,-1.432187e-05,0.0067705647,172.265625,reggae,-104.24897,3829.7976,83.94451,765.47064,18.881548,493.11948,28.945412,282.2883,10.63566,168.49562,9.320364,162.9812,9.311715,159.81674,6.524005,128.90587,3.0084589,104.26529,2.4963021,104.30339,2.7950141,60.57579,-0.20271972,56.509,3.1010103,40.358105,-2.213516,37.06401,-1.7472101,45.531773,-1.5308084,41.026814,-0.26908633,29.578203,-0.9262979,32.907646,-0.93775654,39.82188,-3.5272477,32.205635
reggae.00050.wav,0.46035033,0.08365332,0.13106836,0.004028405,2955.9154393104704,1840841.5910007094,2690.613294287067,281539.0291793046,5871.231164135062,5273195.343336672,0.12710883078560373,0.008714250850086066,-6.8592676e-06,0.011321861,-1.3427774e-06,0.005077778,95.703125,reggae,-104.88102,5370.381,66.38382,1922.503,-2.3053358,435.8035,24.606274,330.30475,8.4148655,186.92557,6.770361,198.8965,1.6772854,174.2603,5.1811643,158.13867,1.0552061,141.7948,2.19881,100.833176,2.956277,81.26023,4.5823026,64.072395,4.2084527,87.8459,3.097735,61.121014,-1.4157376,59.248295,0.22688988,52.47584,1.0962344,75.494125,-2.3245966,58.4029,-2.8943222,44.436646,-2.1844988,43.12596
reggae.00078.wav,0.4528192,0.082914904,0.09433407,0.0009820318,2317.4758286832307,1046221.5737481811,2334.685756399186,365125.67337639595,4680.663363335671,4162588.9294001437,0.09380782277960527,0.0027997281310689244,-0.0019624208,0.0050600306,-0.0026210602,0.0022915918,161.4990234375,reggae,-175.48697,6902.849,78.023026,1631.8971,-2.5604966,1202.0748,52.86769,428.59384,15.8424015,248.51566,24.755295,158.64133,5.29587,106.33482,8.655302,119.940254,6.6522336,88.63281,9.806406,109.76141,-3.3547556,151.47331,4.118611,93.060455,2.3579514,78.67578,-3.3535118,62.57304,0.7974128,61.318317,-0.26391494,58.99844,-6.3318634,50.345177,-6.457858,47.216434,-1.256674,48.334106,-6.4551945,64.99223
reggae.00087.wav,0.38772947,0.10166668,0.20783828,0.012895188,3296.209659000533,2115179.533128204,3064.6375918381927,219625.19722171815,6908.908222777187,4944161.345095846,0.1218802153879644,0.011993964237436167,1.0418898e-05,0.032825112,-6.35788e-06,0.015583621,83.35433467741936,reggae,-110.20218,6229.962,48.547993,1531.4779,29.644615,452.10254,18.442467,429.98935,-0.472349,211.36752,4.6547112,215.62364,-2.2670708,169.59874,-6.588416,162.76938,-2.1527019,142.67232,-0.15998109,133.91269,-0.68459135,107.39585,0.5441745,137.1672,1.9038584,112.18188,-1.0631889,107.428154,1.7236896,68.00841,0.8197151,65.412796,-1.6870393,77.897736,2.6605754,69.80395,3.1008935,95.92648,3.7421093,85.16311
reggae.00093.wav,0.37084785,0.08822705,0.107127175,0.001761392,2109.63621278955,699623.7583676459,2528.0994364888293,494087.9465987041,4606.555478122581,6467007.9809274115,0.08934072961010062,0.0019918122569760706,-5.693147e-06,0.0059662936,-2.625007e-06,0.003467652,89.10290948275862,reggae,-147.45053,5557.124,113.27776,767.4913,-6.2796283,713.5283,9.0886135,303.66928,24.541445,442.00717,-9.80251,270.9136,13.136197,217.42117,-1.99092,180.76141,-2.7045505,143.51973,12.230323,146.35107,-4.1125245,95.902565,-1.0004734,99.39484,1.969945,69.51905,1.4699806,79.05256,0.0039844806,79.80806,-3.0055423,90.41759,-3.5841718,56.81666,-3.8875937,61.627625,-0.5127023,74.35181,-3.0621505,81.72658
reggae.00085.wav,0.39582387,0.092730455,0.11948926,0.0035724975,1797.4051726737525,277506.2782458094,1649.7447379348403,45636.06407820836,3440.079198311726,449365.33214886434,0.09941020764802631,0.0038466837456856873,-1.7993354e-05,0.008639948,-0.00027350022,0.0051969844,86.1328125,reggae,-175.16914,8100.308,116.62998,760.7822,-55.129204,678.8042,59.90558,250.59225,1.9614092,344.18735,1.0681366,211.3208,14.602345,150.19713,-3.231406,142.77492,2.7899191,101.659,5.709691,109.032364,-1.8400204,102.78894,7.8743434,86.88189,0.40650466,70.02989,0.04450115,72.27178,-1.1589999,59.03031,-4.5109925,48.91122,-2.9495673,39.49444,-3.6833575,40.07831,-2.5156965,37.568207,-7.0522876,39.46627
reggae.00091.wav,0.3979944,0.08930529,0.0688135,0.000935435,2314.4949684089943,312974.6471970147,2180.528443145433,134223.5496684189,4561.047419970249,1253734.4072860612,0.12388965146091331,0.0023214305897969493,-4.2297683e-07,0.0026352808,-5.6998697e-06,0.0014729184,143.5546875,reggae,-159.94081,2633.705,92.81089,631.2883,-28.709526,548.3404,31.46426,267.7509,-6.6107225,370.2355,12.638019,124.77115,0.8522681,123.18872,10.961095,116.699905,-2.074935,95.57968,3.66625,74.66772,3.579506,89.94098,0.32305527,55.272293,8.548466,75.16076,2.8394165,80.77088,6.749161,78.28523,4.8699255,56.493664,-7.0079427,51.469296,3.97035,65.026474,-0.7589572,47.343224,-0.32640785,58.311882
reggae.00046.wav,0.32430077,0.10223927,0.09348249,0.001120299,2322.2929756125877,763440.1703089207,2592.9071385788216,224871.07501036528,5228.026720171004,3059147.0647200327,0.08097759046052631,0.0026549421577397665,-2.7629433e-06,0.007004199,-2.731019e-05,0.00097380637,172.265625,reggae,-169.03961,3005.1226,79.50441,740.27625,15.242741,436.15186,42.74113,331.41882,7.68792,176.99336,17.028828,101.22466,-5.9826927,114.18467,0.54102665,69.63758,0.063199684,74.43349,-0.9479884,88.32469,0.8362159,79.017166,-1.5890545,55.33444,-2.892287,60.930122,-4.030863,53.882862,-5.7745085,51.39136,-2.5853257,49.186634,-6.522957,45.229214,-6.593555,59.04678,-2.8414476,57.34595,-1.2010624,62.094513
reggae.00052.wav,0.5022181,0.083724715,0.1900278,0.008373493,3288.4332914507586,1509936.2568721874,3252.7791786410216,220038.00709478068,7285.10594796101,3869632.9818538153,0.13413826673761609,0.009699242252067617,-0.0016859984,0.016378803,0.0017312968,0.013604902,99.38401442307692,reggae,-85.30075,3301.3418,60.9427,1176.6569,34.79015,595.1285,19.804203,419.26172,16.71572,333.52106,7.975334,201.9605,9.312554,131.20514,11.364072,118.244446,1.3941991,135.38109,-0.08794774,90.04847,6.4077625,92.38224,3.629288,72.94157,5.6768217,82.204865,7.2175846,70.1304,-0.8390437,62.359447,3.243182,63.075912,-2.6891913,46.6986,0.36227465,61.22148,4.752417,60.759796,0.33321756,42.926514
reggae.00053.wav,0.4694101,0.089274876,0.063052826,0.0018425159,2004.3538474526456,1515174.6100789907,2298.145721741871,517382.79444482824,4159.908178937693,6645179.844214688,0.08977950246710527,0.007498802716440267,6.392546e-06,0.0025263194,6.955872e-05,0.0019304228,75.99954044117646,reggae,-251.39256,7626.5806,105.855774,1204.9514,2.2200243,1207.9762,32.484394,284.93304,16.563274,249.21376,8.290815,146.19969,10.365557,139.60703,5.5049367,93.79228,0.86996204,100.309654,8.355298,73.13552,-0.6317737,88.34038,9.898768,69.542206,-1.8497398,63.564606,4.4185476,42.7074,1.8289825,44.930286,4.2468085,36.81567,-0.20060068,32.32573,2.2507565,27.754215,0.93455493,32.703663,1.2882608,37.797104
reggae.00047.wav,0.34247676,0.094064996,0.10929273,0.0021299866,2477.9298991117516,622546.8559710679,2309.8552804001843,84856.66607679761,4759.787884880515,1269713.4302201015,0.1149788965750774,0.0049243726788300805,3.0327275e-08,0.0067389654,-3.272952e-06,0.0040024114,143.5546875,reggae,-140.31783,4130.419,69.632965,1095.0591,-9.986164,634.83813,52.16776,426.56873,3.2691405,319.58276,4.559303,150.14815,-3.4938633,183.94597,2.92315,156.81544,-6.571258,145.93439,-2.642122,130.96936,-1.7314113,100.22067,-6.9437375,96.12959,-5.8254113,85.276306,-2.6929157,76.83297,2.5455923,53.366722,-1.8138262,45.887543,-2.1630096,50.37097,-2.9328244,50.349403,-1.7962036,46.298515,-2.7112763,49.795395
reggae.00090.wav,0.47000405,0.08684111,0.1442626,0.008273767,2867.992801312542,1354427.943500531,2676.037975462006,225581.73656236747,5796.573282247727,3572049.314024038,0.13065151533475233,0.009772250871332266,9.67609e-07,0.01357589,4.9340575e-05,0.009819801,151.99908088235293,reggae,-127.36403,4948.529,65.991806,1287.9775,4.458125,867.9038,30.058983,266.24615,16.647373,186.9912,16.524986,166.8345,-6.399657,146.30098,15.28876,99.55214,4.6200223,102.7964,5.104029,109.660965,5.5857096,77.708885,-0.76974225,57.054058,6.062219,60.119762,3.7929256,66.42504,-2.1860957,84.604904,2.0060635,69.51821,-5.561904,90.350296,7.7648034,123.52387,-1.5139076,96.40762,5.000389,67.50636
reggae.00084.wav,0.31906396,0.08971604,0.1142016,0.0012994506,1788.5445972751872,426924.23681598745,2121.0282353750026,140218.79283108906,3820.201899761755,1689122.874578927,0.07602221604102168,0.0015126025022343952,-0.0014293197,0.007964774,-0.002440622,0.0026776465,198.76802884615384,reggae,-150.91211,4209.2344,111.76167,839.446,2.9156675,460.7768,42.73335,203.89561,-3.5954196,251.80031,15.153264,97.77747,3.4516783,125.33573,0.18917765,94.39139,-4.718382,91.6736,3.858657,91.40559,-0.8896032,67.46592,-5.3516607,60.68599,0.68947554,68.91219,-1.2251096,56.075554,-5.0513124,57.69576,-5.0716324,52.125168,-8.564148,59.586765,-7.982334,50.937244,-5.3022027,54.183544,-1.4553043,67.37684
reggae.00020.wav,0.37093377,0.094917715,0.13927479,0.0028233547,1637.926368499015,574985.085238457,2045.935705112621,209128.0771189762,3596.253253948578,3314602.8280763654,0.05678045786571207,0.0022942990415693583,-0.0032731283,0.014739585,-0.0032885019,0.0035334714,129.19921875,reggae,-177.68387,6035.433,113.61754,827.61725,2.3168924,497.04556,35.842815,336.6618,1.5947573,261.4407,34.69798,152.70811,-8.75585,263.14462,16.296055,168.04622,-9.33526,180.03886,14.175699,125.398605,-2.0734394,150.91554,13.142421,131.50066,-7.2475615,128.30832,3.5860155,90.508896,-0.5792335,75.43759,4.8359528,79.68481,-3.5922883,105.26412,3.772936,55.862743,-4.3120465,89.65916,-1.1142004,62.65527
reggae.00034.wav,0.4705853,0.08830888,0.082489036,0.0018579196,1291.4824551695672,473794.93851702946,1746.298068965476,289055.1593105932,2827.566235427148,2981631.777796537,0.04461386476876935,0.0008099918568397912,3.3434997e-06,0.0038544675,-1.4465197e-05,0.0021162562,184.5703125,reggae,-238.86949,5880.1733,132.32365,797.2956,-0.12489059,579.8062,41.233845,239.53696,2.4230201,250.96391,19.0934,240.36958,7.968853,197.40988,19.944677,93.95168,-0.6315844,102.068436,11.098161,124.49335,-1.7195421,75.37704,9.940314,73.01335,3.024706,65.903725,2.2102933,91.5748,-7.8496413,75.89032,-3.985692,46.867527,-4.9199595,36.778503,-2.15066,44.246243,-2.4111888,49.16929,0.05068018,50.767715
reggae.00008.wav,0.36873907,0.095142,0.10185106,0.0022932317,1691.9918927541453,499270.9245914513,1963.6870059672237,211418.0815356835,3657.736215502854,2689237.9077581326,0.06947274695239938,0.002113146415206194,-2.8676968e-06,0.0073384605,-1.7445305e-05,0.0024815325,95.703125,reggae,-194.59451,5912.831,118.551735,1137.0884,-6.4070854,592.0187,40.793236,505.11935,-3.2897925,322.89804,25.464678,151.97987,-9.3052635,235.21599,11.397985,163.64426,-6.1488495,201.2522,15.341208,127.72748,-5.1579056,105.51151,5.756854,83.48581,-6.2863235,104.72503,5.865662,106.164955,-2.8015068,130.4665,2.5843728,75.74457,-4.748822,80.43241,4.527494,88.95625,-3.1933517,86.59911,-0.32050592,103.400375
reggae.00009.wav,0.3829874,0.09757929,0.08663683,0.0018712961,1609.7558037303509,1053153.281900279,1990.2806356947422,381106.1831646645,3270.7802220394738,4919949.240411301,0.06057597535313467,0.00245142212057828,-1.593729e-06,0.004886446,-1.532464e-05,0.0024187597,161.4990234375,reggae,-232.59302,6405.6313,131.23956,1340.2245,2.662842,611.6503,18.392391,301.9154,11.315527,308.69122,22.940382,255.36789,-10.487955,269.64005,16.763714,163.4621,-15.250354,171.99954,15.54302,136.11633,-8.380157,133.04422,8.023414,99.36784,-3.7811055,98.38277,3.1112142,85.03485,-1.4120816,69.01025,3.2603438,70.73684,-4.1057906,68.82712,2.9342403,52.663773,0.3832841,61.33074,0.012208401,63.023327
reggae.00035.wav,0.45854005,0.08706959,0.073211916,0.0018894259,1699.8353933233093,552701.373614903,2030.7174837332313,211599.0833367461,3787.3354318341235,2852846.747444943,0.061317467468072755,0.0018029613584352282,3.5086641e-06,0.0026428006,-1.6241114e-05,0.0024900367,107.666015625,reggae,-223.36678,6421.8384,114.212555,706.2781,-4.4246492,586.84064,40.187866,307.06854,-5.0985384,310.3529,24.676882,251.35255,0.7235718,209.53928,17.049505,130.66719,-2.3657622,108.35592,11.154623,75.6899,-3.0846279,77.79072,6.1297007,57.85449,-5.6871767,51.676388,3.5125513,52.12596,-5.4818797,52.2392,0.031668413,37.7052,-4.8445797,38.93084,-0.70038456,34.815178,-3.639368,32.71072,-2.805782,36.95925
reggae.00021.wav,0.39003795,0.08653837,0.15503213,0.0039086714,2007.372657971661,275220.8115789028,2120.535241338682,101032.21518469093,4324.615516308291,1293701.626709762,0.09286754123935759,0.0015922354861327935,-0.002895958,0.013827618,-0.0030113135,0.005984669,151.99908088235293,reggae,-88.0909,1520.6317,109.416725,442.8389,-25.173025,313.87195,40.403038,153.62999,-8.781224,135.50725,24.709513,148.80424,-11.537566,148.16765,18.499166,76.86923,-8.2953205,79.95836,17.03021,63.75436,-8.444006,74.39708,9.80278,50.21382,-12.90077,53.935516,1.5720209,54.83079,-10.528803,46.300117,-0.43553233,44.832462,-7.793019,46.973263,3.44469,42.779854,-4.9788017,70.17063,0.058966942,55.948082
reggae.00037.wav,0.5177376,0.085313044,0.08624027,0.0027515441,1709.714456389325,524436.3856131607,2068.006261775031,191233.53927894455,3837.6684608105165,2770279.7737681274,0.06328759916795666,0.0027105547144590124,-4.4857966e-06,0.0038121499,-2.0028457e-07,0.0032730766,151.99908088235293,reggae,-242.5513,10494.38,98.308784,592.54,-3.8207767,794.8513,46.032425,299.32025,3.2868474,465.70657,29.200768,188.1506,8.863108,187.63885,26.982607,182.52171,4.7228484,122.48549,13.119676,123.68905,-0.6375585,97.75506,12.055011,92.11834,3.00419,79.61933,10.169963,73.64922,-3.266688,42.51788,2.036473,64.489204,-3.5446408,36.768635,0.9496666,48.04726,-6.313107,38.658188,-2.8599465,41.082844
reggae.00023.wav,0.42847756,0.08921721,0.1078041,0.002750866,2354.2710703063412,738892.8386532794,2335.8578871015516,134685.08881784088,5048.41113961518,2565337.697844567,0.1202902779121517,0.00830331041420998,-0.0026514027,0.008908802,-0.0028869873,0.0025314346,129.19921875,reggae,-161.81602,4910.242,78.712814,943.85645,-19.275562,383.0281,55.11339,256.44485,13.201412,209.579,30.957823,149.57292,-7.0246754,176.93773,24.269943,99.95895,-12.833858,142.08804,21.512707,124.445854,-13.528581,80.127785,12.772056,62.02611,-7.4467325,67.61982,12.766994,64.24574,-3.334874,57.00364,9.13467,55.96866,-7.752736,54.40942,0.641076,61.942566,-4.0955224,66.30709,0.50137204,110.07683
reggae.00022.wav,0.45542744,0.08800848,0.18218318,0.0021642176,2059.3588992585837,243302.14390211957,2227.0664146910767,97888.7367509898,4552.972468798374,1253271.4237880518,0.0723423441128096,0.0012741747848185158,-0.0011066665,0.022284811,-0.003169623,0.006679877,151.99908088235293,reggae,-91.33977,3052.4136,98.830605,470.57513,-23.198654,330.18,46.879734,230.40208,-6.857409,111.681335,29.266338,124.32563,-9.967306,114.94576,25.659388,74.32169,-10.211893,71.60836,19.611229,91.944786,-8.21838,73.26385,13.407227,51.04516,-6.499761,66.439606,14.019779,43.76853,0.4112348,69.603676,12.5813265,33.866074,0.34520662,52.351128,10.107013,37.82226,-0.43188742,47.973373,1.2852144,61.25225
reggae.00036.wav,0.43454266,0.09364377,0.07998149,0.0031754049,1811.5147924120351,654482.9815669236,2166.312468392972,182449.81287659844,4119.283424590025,2872273.3152824147,0.05923924874226006,0.002021555940382908,2.0059479e-06,0.0038273716,-1.4325374e-05,0.0033288535,86.1328125,reggae,-236.62389,5501.9224,91.68299,705.26483,1.8581237,606.3035,45.465084,194.90756,1.2693517,265.01175,32.259144,228.2188,9.054458,295.82782,19.607553,198.24051,-5.0637455,111.85872,10.95754,159.13733,-4.0131874,89.090904,7.5379105,102.08627,-0.3325838,112.332565,5.8084626,76.62273,-1.8194476,77.49564,5.380285,69.921684,0.28315574,82.56692,5.020354,57.173954,-0.3373816,74.1765,-0.84843403,63.50067
reggae.00032.wav,0.48696232,0.08433545,0.063896276,0.0015938809,1510.806650097002,332495.61111731175,1850.300559898857,222308.78751508988,3319.1299296754064,2058272.023023857,0.0658639252370356,0.0014684128636916391,8.035092e-07,0.0016101117,-1.4876466e-05,0.0023499907,151.99908088235293,reggae,-243.80943,4798.928,123.347595,766.79364,-15.5708885,955.6005,38.883972,497.00528,6.487192,317.2211,25.511738,163.38603,3.0363429,138.00803,17.175442,85.64848,-0.21269445,86.9558,8.983332,82.49235,-2.4875262,55.829735,6.7616143,59.842632,-3.453198,50.0371,3.2560692,43.542377,-3.4338758,36.076427,-0.4797554,41.87721,-2.5348237,31.124168,-1.862335,34.107224,-4.9655204,25.399858,-2.7182348,27.427704
reggae.00026.wav,0.40271538,0.09754318,0.13427873,0.003504412,1840.8054757537873,594859.5169437943,2054.362729541917,229918.77404261226,4007.0841030439724,2978174.393984318,0.07455850607101393,0.002281225033483701,-0.0016035417,0.010470407,-0.0022915357,0.006439223,135.99917763157896,reggae,-171.67456,7372.788,99.35704,923.8247,-8.266292,647.01013,49.604023,394.1961,1.087764,383.25034,31.122862,184.11223,-7.1348906,222.5358,15.8882,137.04022,-1.36541,182.84381,12.733199,149.97978,-5.1999006,122.85896,11.8099785,106.56015,-5.3254657,101.619606,3.167011,101.70823,-6.6942806,77.30268,0.026681788,71.28985,-7.726803,131.8452,6.69701,120.02929,-3.7591057,90.64715,-1.7928301,99.981155
reggae.00027.wav,0.40373403,0.09996807,0.12768055,0.005134285,2086.5315028359455,830519.2730900777,2317.9605384924525,242358.2536950479,4678.97170689822,3571051.120332067,0.08737815644349846,0.005646305709749067,-0.0031290734,0.0076150172,-0.002142445,0.00896032,135.99917763157896,reggae,-177.61339,6927.846,89.9523,1014.62134,4.605283,742.85565,40.16279,536.4671,0.16708128,313.1948,23.182535,195.21587,-9.905035,232.57816,12.762709,148.77686,-7.308214,142.57214,18.732483,132.88298,-5.735256,128.14873,6.1143456,117.39994,-9.921317,102.70162,0.27476895,102.35534,-8.231639,87.77984,3.866412,82.453316,-6.8660936,80.79463,2.1783085,53.777756,-2.3552926,82.99287,1.8247569,61.62843
reggae.00033.wav,0.44672203,0.088941105,0.074202016,0.0013350492,1615.9036118108697,652016.4808182981,2062.867739729709,195306.04922073756,3560.1451389560757,3782174.7581639513,0.059147790489551086,0.003722880013321846,1.6722787e-06,0.003616531,-9.887464e-06,0.0015394315,89.10290948275862,reggae,-249.42773,6459.254,111.49365,814.8717,11.282428,1415.7521,41.328266,302.91733,-2.8851302,297.23782,34.554276,228.82845,0.42364582,208.66951,22.346,107.46327,-9.966396,98.81406,10.2083845,133.6205,-2.8217614,63.20759,8.728782,71.18795,-1.4477805,43.336056,2.2692573,46.438744,-3.8882215,37.92179,-1.8549621,35.22513,-0.84235734,37.42478,-0.93739444,41.807114,-3.1697903,58.015575,-4.3267784,34.435425
reggae.00019.wav,0.39388508,0.10133352,0.13875468,0.0046458626,1754.5284525268155,913865.7408886198,2068.626010656122,339376.92641133076,3841.8934352626743,4470876.450002284,0.07129926651993033,0.00415395185226968,-0.0010043399,0.011638971,-0.0026486898,0.0059811063,143.5546875,reggae,-184.51595,8489.426,106.18037,1201.0052,4.0202484,809.97107,38.737698,275.97827,8.408315,554.90247,30.45933,152.98732,-3.3555884,379.41238,20.299545,129.99779,-1.5513799,166.26538,15.922177,96.03474,-6.5210133,103.51579,13.197271,88.11776,-1.7158338,107.040825,6.852844,131.56049,-3.2387495,74.53552,1.8637657,67.6904,-6.049035,70.94598,3.5135028,58.165573,-7.4141216,83.31085,-1.7434583,59.844982
reggae.00025.wav,0.36248925,0.0959638,0.1267832,0.002978377,1709.035434254376,600074.5405475962,1899.2199943519668,272031.28072257707,3582.7866687125097,3099947.6351764947,0.07374974300986842,0.002631651171745181,-0.0017009524,0.011556626,-0.0020069596,0.003912388,123.046875,reggae,-177.34091,8154.2554,110.98351,1003.61475,-15.655527,997.00543,36.77763,300.92767,0.06121845,362.7771,24.468962,185.86668,-3.7678869,265.2573,18.426622,184.68468,-3.3727517,205.58095,13.775833,106.41623,-2.1070576,92.31209,8.59365,95.15796,-5.94512,105.53867,2.9016984,77.42586,-5.276312,86.96373,-3.0622096,92.67862,-6.2044888,80.73263,2.0515823,84.24605,-0.9910093,62.08373,2.301355,97.51028
reggae.00031.wav,0.49041924,0.08295291,0.0919936,0.0018676907,1578.9797524821934,522222.7142119662,2022.4438370808307,258455.66569208092,3540.945255055147,3297046.519078761,0.05862247242647059,0.0016100808063549458,-2.5940433e-06,0.0047298525,-1.35418395e-05,0.0024587577,161.4990234375,reggae,-226.41882,8541.488,103.35993,654.0428,0.16650221,990.35034,43.973858,353.57434,10.65059,520.4531,35.21007,275.14154,8.444857,196.99313,21.145638,100.82715,-3.2926626,144.36418,15.537871,95.87732,-3.0108566,88.17104,11.102893,90.66098,1.777282,64.21493,10.621122,50.56463,-5.7564626,68.86931,-0.9837617,73.87423,-4.1323295,49.957344,0.6594141,50.325565,-3.7918534,40.95569,-0.5790856,35.578773
reggae.00030.wav,0.48764083,0.08391975,0.080515176,0.0013635632,1814.1990009125695,893130.5339046342,2187.8831470119644,290323.3849885119,4068.258733129354,4685961.864365825,0.07047840980553406,0.004835565731462554,-9.371663e-07,0.004046477,-1.5059498e-05,0.0016815958,75.99954044117646,reggae,-239.17885,7829.296,98.96217,1209.1382,19.201752,959.37933,50.7939,331.0664,2.8389912,470.7293,32.244686,125.20171,-1.5015262,226.43324,16.732338,75.92367,-7.452125,87.89629,16.71691,106.98071,1.4970632,56.303455,16.056482,89.422066,2.8027046,73.07031,5.937705,50.210358,-6.308285,48.181465,-1.0379016,82.71897,-6.3440433,37.450294,2.1457455,41.84643,-6.6404233,34.092793,-5.261345,40.348427
reggae.00024.wav,0.34867153,0.09763037,0.12365177,0.002817519,1811.3582154873113,656335.0871707003,2019.252686033872,195650.01252514028,3854.901689936871,2883078.803492291,0.0721775680872678,0.0026739996248447036,-0.0018988472,0.009616055,-0.0021104184,0.0054399315,135.99917763157896,reggae,-169.24367,5892.2754,110.447716,1216.119,-8.553957,494.52817,43.898697,327.90848,0.2664539,245.68036,26.646511,143.96002,-14.365674,260.01108,13.026835,129.75275,-11.142897,166.57268,8.144701,120.08681,-7.6902556,103.07809,10.90997,78.17601,-8.172387,92.20029,2.8046384,91.219284,-6.414233,73.63525,1.1023636,72.996735,-4.2614355,107.88932,4.3270764,116.87304,-3.458248,85.00278,1.2084926,89.0262
reggae.00018.wav,0.3945865,0.09056643,0.10636914,0.0026898177,1907.381884489025,753956.4460160049,2124.3866543657846,253615.15518990398,4220.232814162878,3633331.2140063783,0.07739862495162539,0.0034174215686316807,-0.0034816333,0.0071421014,-0.0026449643,0.0034119776,151.99908088235293,reggae,-170.9219,5138.257,107.74946,971.0562,-1.7545518,544.1368,46.44016,229.02853,-0.19604658,344.6651,24.946035,187.10341,-10.681297,199.84038,18.073286,119.613464,-10.796638,165.70242,11.152105,112.33983,-7.252453,117.20114,6.2031083,91.9872,-6.4640956,98.425964,2.0463722,85.09577,-2.440874,62.53928,2.557906,57.513176,-4.042342,48.51706,0.79381174,51.62072,-3.7560382,60.0208,-1.6679436,39.9849
reggae.00001.wav,0.34901142,0.08823581,0.08202816,0.0016136043,1638.967412134596,409415.0461672637,1995.4037341423593,213853.99083467238,3575.111715121904,2709054.5490031485,0.06396144241002322,0.0013568244366650428,6.0713154e-07,0.004701361,-1.5073058e-05,0.002100121,151.99908088235293,reggae,-190.91765,2947.3438,127.40976,779.8629,-3.7634392,430.11584,26.71416,129.60321,-12.804949,125.489395,23.936832,77.53553,-8.225953,94.771416,9.973003,114.011925,-12.2330675,79.97066,13.443711,79.08467,-7.079032,76.312744,1.6518703,63.79459,-14.517787,56.756603,-3.2188597,72.505066,-10.451735,58.705097,-3.4889703,48.829903,-9.745509,52.039,-3.9056628,60.236496,-7.6496854,62.827374,-3.5429668,55.477154
reggae.00015.wav,0.35863692,0.09470555,0.13193196,0.0029798092,1923.712323495862,663660.7979028242,2314.4489640605216,272173.1020217868,4493.747826921682,3863087.1070597395,0.06821916420762383,0.001857004384639881,-0.002365991,0.009096376,-0.003092337,0.0056669265,129.19921875,reggae,-157.72598,3860.7454,109.83527,844.6691,8.463048,520.17633,41.79172,275.53348,5.113608,201.62665,25.760815,193.75641,-12.964588,187.70184,22.066961,122.34867,-15.514671,124.90472,14.372681,134.01772,-11.921099,79.519905,11.602116,85.49169,-10.626171,73.09282,4.125749,71.6504,-4.0515113,80.44848,3.4704802,67.857765,-8.407583,58.295036,1.7806472,54.820683,-5.242628,56.089504,-1.4668233,79.791916
reggae.00029.wav,0.42890927,0.08874115,0.103837006,0.0018327003,1585.6012938810545,294945.7214396713,2126.964856371861,133837.6779707564,3736.244074109907,2237237.413381073,0.04367887420181889,0.0005439764031920186,-4.654687e-06,0.006990431,-1.8274866e-05,0.0026581525,151.99908088235293,reggae,-202.0222,6028.966,111.094864,403.04086,8.876879,962.9278,51.82644,133.52148,1.2931868,199.0372,30.043192,100.584,-4.50889,104.386246,22.452713,96.30068,-7.146487,72.46945,11.500771,94.45242,-4.760858,59.791275,10.600747,61.68028,-2.6392035,50.694164,9.013606,48.377884,-4.359338,29.875347,-0.04145142,41.534332,-4.326359,35.209904,0.65347505,35.483253,-3.7452366,29.712631,-6.1954627,33.768753
reggae.00028.wav,0.48730457,0.08537905,0.07285961,0.0017611472,1640.0485302065745,795262.3969977865,1906.2950902164425,221035.17870584404,3494.9705330580014,3132911.4431866817,0.06783783620356038,0.004068168694425284,7.4011075e-07,0.0031692567,-1.5059916e-05,0.0022332768,78.30255681818181,reggae,-256.31827,9065.585,104.26259,1178.0745,-7.273195,983.24854,56.246433,259.8515,11.097317,685.9218,27.300398,187.19806,5.819084,178.97649,17.783636,96.73436,-1.2736737,109.095345,14.663482,88.25788,-3.4646602,74.742714,10.868228,52.424088,-2.461492,66.85432,1.5637313,45.553047,-3.7310221,56.125175,-1.3596016,40.206383,-4.2055964,39.068382,1.3962828,43.5688,-0.27640563,46.642776,-1.6045073,47.840603
reggae.00014.wav,0.39499,0.09394769,0.11409616,0.004022509,1716.1117225999874,920494.3834165962,2062.7631931396513,358545.5576805181,3791.193741836784,4735814.815344944,0.06411563648897059,0.0033896526278009657,-0.0029413467,0.010150798,-0.0027535094,0.0035419697,129.19921875,reggae,-209.72826,6723.873,105.235115,1305.8999,2.5971053,812.7998,34.906914,404.16937,15.330765,349.81903,25.211895,184.15364,-6.0549407,292.64423,18.222582,215.60587,-5.076517,208.91786,8.924583,126.419266,-0.99670994,124.50081,8.245265,90.63652,-4.0222335,96.90529,4.729955,74.941574,-1.0536168,94.30255,3.0564935,66.10898,-4.5925846,72.6364,4.248057,63.187912,-2.1156554,50.81003,-3.6582186,89.80173
reggae.00000.wav,0.3288784,0.09024388,0.09414241,0.0017720464,2133.437132679841,276509.8607072266,2289.9243153801012,130878.05119829392,4801.820964045569,1913531.4934815099,0.09781082200561146,0.0012812591421238401,-1.896021e-06,0.005718258,-1.3455447e-05,0.0025100035,123.046875,reggae,-159.4762,3300.0703,104.848114,381.945,-10.300141,491.3761,34.656025,282.31638,-4.9666266,159.67746,26.805262,129.18828,-21.953398,135.70186,23.452082,105.41312,-14.029752,87.74284,19.58617,105.336784,-8.298798,98.349594,9.717497,113.15737,-10.065849,96.273125,1.4203506,61.922577,-6.502981,77.392654,1.0738482,67.23999,-9.21135,88.99047,3.285135,75.418335,-0.76430535,86.57798,3.762076,104.23573
reggae.00016.wav,0.41952103,0.080809824,0.18559653,0.0023748372,2118.326028871005,225206.3985587938,2302.856387031626,82109.27046336759,4852.278992266109,1087957.4054871562,0.07927087364551083,0.0012877830145799612,-0.00369411,0.020644665,-0.004859427,0.0076215593,143.5546875,reggae,-76.048325,3793.233,101.127174,306.22214,-11.631934,429.4097,46.232918,136.16992,-11.2169285,77.30456,31.394114,75.72943,-9.462058,84.99967,22.460752,55.070263,-16.815596,56.25272,15.975832,61.96325,-9.508244,53.747334,11.812326,52.26796,-7.8450184,46.356407,9.720803,37.235622,-7.2474904,39.0089,6.17486,41.44,-8.610062,56.812572,8.070505,65.83379,-5.5852027,59.11087,3.7330098,48.031017
reggae.00002.wav,0.378513,0.092270814,0.092480436,0.0018356846,1797.298466871339,427314.1923700669,2103.079588509662,152725.19485893953,3926.451257286426,2562933.925248556,0.07512652984713622,0.0017700443257172966,8.112431e-08,0.003890454,-1.638714e-05,0.003919041,103.359375,reggae,-189.03758,6338.498,110.847466,719.1263,2.952472,632.314,48.38527,320.87582,-6.4148865,191.81662,20.739729,243.57614,-12.550731,168.73819,15.89101,141.37122,-13.612208,130.42989,9.429014,126.550476,-8.036865,87.71475,8.099243,89.336494,-10.633535,102.119934,-2.542347,108.47509,-4.7125726,61.961445,-1.0250477,60.118942,-3.2118282,88.16105,2.6939583,93.00577,-3.9863687,56.814896,2.8767805,71.91334
reggae.00003.wav,0.3913434,0.09364108,0.094160885,0.0021553307,1924.0627874000713,689376.946897763,2107.849824229107,304331.87710787565,4154.89154260594,3803843.213610788,0.08493448263351393,0.004028444727033716,-4.522903e-06,0.007408293,-3.7383772e-05,0.0018743231,143.5546875,reggae,-201.14635,5464.046,104.14864,1127.5459,-15.473289,763.67316,30.804382,314.57925,14.2523155,299.50272,31.42222,218.18077,-7.8675566,225.19057,17.963144,189.6259,-4.0559983,115.015526,16.943935,100.32909,-11.217154,103.948,12.121105,94.1251,-5.287185,92.4596,-0.6866932,110.92749,-1.3800302,79.27359,3.932362,78.799835,-5.8617177,67.494194,1.0428141,67.79214,-2.9809184,77.74931,-1.3651696,95.74611
reggae.00017.wav,0.42595223,0.0918815,0.13965924,0.003596608,1803.5661063308744,659400.099330417,1972.8008640329194,201631.69470406507,3777.985488371952,2629322.580137679,0.07796513702109133,0.003551648591336436,-0.001844831,0.012870023,-0.0024905088,0.004631714,129.19921875,reggae,-154.8781,4668.6978,110.041916,1397.8002,-18.444853,606.4343,36.64433,343.26654,0.5231588,426.63425,31.586283,188.66014,-10.428807,322.37747,18.81091,136.01715,-7.1827836,223.97826,13.130123,134.46317,-5.251168,129.17126,8.890394,88.66683,-6.71836,120.849655,6.0094323,98.171364,-2.8002794,83.040245,3.637413,64.115105,-2.2208931,99.160645,5.30364,63.8337,-6.5800447,62.516823,-2.9349852,67.36729
reggae.00013.wav,0.36217588,0.09749165,0.11165976,0.0026032066,1606.560170615664,631400.9513788079,1974.1980410603169,304397.7108917311,3432.80424230239,3772937.0373133123,0.07054114563177244,0.0035161369907812452,-2.5502743e-06,0.0061431793,-1.4952943e-05,0.004990633,123.046875,reggae,-206.49236,6441.85,122.64486,926.29065,-0.6156085,860.1053,29.371662,279.3921,10.252774,326.27896,28.223461,191.69724,-9.921397,244.84573,13.379462,153.44485,-8.442613,147.31346,11.284243,196.87958,-7.2747073,128.87154,7.0825186,105.62021,-10.333574,116.27421,1.9441689,90.309044,-6.532225,125.567894,-0.21489109,98.86636,-7.540655,96.99053,0.41365623,80.89982,-1.6585841,93.8185,-0.16716012,121.81486
reggae.00007.wav,0.38599995,0.09167954,0.09057761,0.0015249463,1754.2968760284634,457303.10321199265,2026.1579061758744,210907.28005673274,3769.0188759251646,2926209.436325086,0.07391149562209752,0.0020008182034932953,7.4762515e-06,0.0055441954,-1.3949807e-05,0.0022900095,151.99908088235293,reggae,-192.26953,5026.697,116.49671,665.6377,-10.948332,725.8774,29.89508,417.30588,-0.6437028,344.1672,21.415995,142.75006,-11.890398,402.8269,18.631174,155.68031,-13.072374,159.46503,14.4536705,146.48828,-7.3830023,139.20181,4.824288,107.864746,-2.8118997,115.12916,3.11156,85.841484,-1.6245098,72.92777,-2.3962562,96.77386,-6.515826,88.4183,-1.4116211,58.16945,-5.53472,70.32136,-2.54705,86.01889
reggae.00006.wav,0.34243292,0.092057645,0.10510129,0.0025823922,1418.2807056387023,546203.2306057649,1704.9426029358347,246747.71273558828,2881.0659119219235,2608057.6062695654,0.060822383538119196,0.0026021970071210686,-3.4392733e-06,0.008389919,-1.9616078e-05,0.0023402674,75.99954044117646,reggae,-207.34694,5177.5283,134.66907,1106.445,-9.072053,724.5683,38.461567,426.94876,6.2944055,398.196,22.612717,184.53824,-8.297777,313.8045,16.307375,151.72473,-8.460724,121.39273,4.1607494,140.07167,-4.3510094,110.980804,6.347874,92.324234,-6.9025645,87.68883,0.9577758,63.225872,-0.9435606,67.42706,-2.5334954,65.30933,-6.1084275,65.610435,2.4835787,65.26684,-6.1686316,73.36195,-4.5849576,42.215233
reggae.00012.wav,0.4273662,0.08858471,0.075578645,0.0018120579,2300.052918757483,906789.5467168023,2303.614904048929,235512.90348619648,4920.020249310662,3370779.4182038913,0.1137952302631579,0.007814599342215657,-3.4395384e-07,0.0026365656,-1.533817e-05,0.0030405044,129.19921875,reggae,-191.17174,5307.564,96.340126,987.9443,-17.656992,677.08765,24.872456,467.31616,-0.87806803,361.3629,26.34468,246.61905,-12.918914,288.03323,19.642458,219.40878,-9.785497,133.71292,16.977057,106.62948,-8.600344,113.318535,11.42141,93.61703,-8.215002,93.10472,5.9677954,100.13701,-1.8638289,60.261974,5.960272,58.812828,-8.060111,63.479847,3.3991613,76.24602,-2.631839,75.94733,-0.7988751,58.156086
reggae.00038.wav,0.37383953,0.10413913,0.07575375,0.0014194101,1701.103192532159,523580.0696668898,2000.4313412268448,219741.27145728242,3693.844330495356,2824166.8563066367,0.0655547812258127,0.0026258514762412645,4.04831e-06,0.0044663316,-1.3649759e-05,0.001768952,95.703125,reggae,-240.0093,8283.209,108.75552,657.3951,-8.202256,1170.8739,32.197624,242.6964,-8.81615,226.74495,18.640667,241.58044,-4.7014017,210.6918,15.518407,201.81822,-3.7182035,152.11465,14.536973,198.00125,-4.792446,168.821,6.403633,200.38278,-2.9500248,125.53274,2.4401069,122.50182,-7.1109586,92.9135,-0.15518779,83.63441,-3.1421595,62.78691,-1.5445278,60.91979,-3.7374158,72.13784,-0.81486225,99.57918
reggae.00004.wav,0.40186623,0.09302692,0.10106945,0.0027380218,2009.3766964303304,491694.2483319988,2140.909858170121,179748.9905299309,4303.540643745163,2404619.8657640396,0.08446849905669504,0.002419556055708705,1.1130868e-06,0.0057497867,-2.4566853e-05,0.004088156,123.046875,reggae,-175.64172,7053.0796,104.896675,876.36017,-15.691055,559.35547,27.549057,376.04987,-8.112591,243.9926,24.010681,198.88867,-10.335524,256.29184,18.850737,187.12735,-8.387437,184.4382,11.847504,159.26794,-7.5933056,134.66467,12.554909,126.19909,-6.044676,95.46136,2.4995797,116.09441,1.9082942,84.729454,7.1437817,84.075165,-3.3788843,86.997406,12.449428,93.34956,-3.3393536,70.85506,0.7524497,89.506195
reggae.00010.wav,0.2949428,0.09245049,0.061662752,0.0017627013,2149.7748681954486,699551.0850337892,2037.0132045310918,130593.52107533674,4427.873225256385,1885457.094395526,0.10279038373161764,0.004920190096748177,8.2974736e-07,0.0041502835,-1.44606975e-05,0.00060155493,117.45383522727273,reggae,-233.61296,4995.965,87.49833,924.7404,-22.208412,404.5565,52.046257,344.89804,-8.596837,413.8507,24.979408,102.61134,-18.240002,329.0045,1.8987337,113.67376,-9.137019,109.35739,-0.22734675,85.35749,-17.065609,102.06583,-3.0177414,86.1517,-9.790683,86.62273,-8.786684,63.15475,-7.723598,65.2104,-2.1792302,69.58192,-13.649117,112.10388,-6.486291,47.2561,-9.148553,75.05683,-12.729436,63.116062
reggae.00011.wav,0.41850123,0.09784788,0.07841224,0.0018212548,1995.6005146508553,297105.8251423724,2295.466239609714,130512.04470602158,4557.697440227119,1987360.8938701318,0.07032270401993033,0.001467077436048275,3.6567226e-06,0.0030370846,-1.7306522e-05,0.0030797797,123.046875,reggae,-198.6328,4875.174,102.41357,522.4442,-10.031449,628.6576,30.802383,311.7172,-3.3106058,246.0623,20.276924,146.41348,-5.637373,146.81085,28.09563,113.34518,-11.512124,92.45377,18.202066,86.27707,-7.3657823,77.4715,12.27847,78.31217,-4.3605094,68.75923,11.4029665,67.03013,-3.4694695,71.14708,2.0161314,56.781227,-6.987337,72.76118,1.1139209,64.06721,-1.4947574,77.49205,1.9552057,67.05251
reggae.00005.wav,0.3646125,0.093828544,0.1003339,0.0025014419,1798.6538836861723,395007.6420105962,1964.0250538224557,158947.20488305422,3797.0103733310757,1980681.2716657887,0.07305095660797213,0.0017266874766795187,-4.447717e-06,0.0073070563,-2.0174713e-05,0.0025436266,161.4990234375,reggae,-176.69528,5405.751,116.83858,809.9886,-21.32323,534.384,38.76649,244.9002,-5.4716187,356.34344,26.622395,184.95502,-8.185519,187.03287,15.780884,104.80965,-10.489778,111.69565,11.041742,118.3161,-10.061267,83.622444,9.915604,84.71713,-3.2601383,87.175766,2.817187,75.754074,-2.5358472,77.40948,-1.4068651,86.858734,-9.888324,88.69221,3.0774343,96.5877,-0.2820031,90.385124,1.9877512,81.72008
reggae.00039.wav,0.50741494,0.09302293,0.10385959,0.0037364815,1312.7373064527985,540768.280357652,2137.4601402386024,224721.77884413325,2649.925642928841,5110375.912089053,0.02594957853618421,0.0003531174641664047,-9.5201635e-08,0.007935317,-1.3833309e-05,0.002479847,151.99908088235293,reggae,-300.35504,11897.883,99.25266,1087.7943,52.999855,2220.2366,43.226738,502.0088,18.883024,338.7841,24.848497,198.29865,-7.955614,187.49046,22.175869,109.6962,1.7826729,71.19911,24.79426,86.27068,8.393651,79.49295,20.71345,80.06477,2.804007,61.605717,9.560834,41.591927,1.1138258,74.442444,5.903201,51.48301,1.1138865,51.263733,4.1829386,28.051996,-2.2141101,52.179943,-2.0283017,50.373783
reggae.00089.wav,0.3694958,0.0957135,0.15138194,0.003957502,1052.002100832133,296180.4761533453,1401.116765374739,132146.3139477303,2054.704242151219,1334483.228020632,0.03803831874032508,0.0007055152149160401,1.4713833e-06,0.01417519,2.1876653e-05,0.005591987,151.99908088235293,reggae,-194.45694,8218.837,157.13971,1515.6342,-14.128242,776.72205,44.053368,435.8544,3.4784238,183.07333,17.465809,84.43663,2.9772441,98.02143,5.8337646,46.77008,3.0153089,59.061302,1.075528,47.099243,2.5912235,55.583405,0.79981047,30.04997,0.64917696,31.802074,-2.4909732,32.45342,0.8378124,49.647186,1.3831848,42.441883,-4.2748632,37.728226,-0.53351504,58.565598,-1.9673729,57.15313,-1.341783,44.717144
reggae.00062.wav,0.4448291,0.09742741,0.057322286,0.00093862426,2113.391953819571,1134728.4916697857,2595.2174679502996,435778.62759265094,4785.929393473055,6025978.835671011,0.06088285180437306,0.00292714522284244,-0.0033309306,0.0027593893,-0.0019110208,0.00071014126,151.99908088235293,reggae,-265.69498,7498.2246,80.61592,1146.8625,9.722022,668.73334,36.657085,369.3333,27.836796,193.36884,12.086828,163.2648,15.014478,135.13446,15.116937,122.39583,6.558819,74.7854,6.284592,71.94532,7.4860234,97.55571,5.6445103,69.72981,4.349679,53.806477,3.08505,62.29546,2.4041407,59.99907,2.185563,56.083748,2.4785864,47.624687,1.2730665,44.951485,-0.21760574,49.926006,0.8088296,41.38814
reggae.00076.wav,0.44042617,0.09434417,0.21068911,0.0066381246,2456.1544092561144,1480418.34298611,2559.7410978450016,313650.40136139625,5054.527769295424,5361783.0038535055,0.08827233093072756,0.005829622584768938,-3.235912e-05,0.030434795,-0.0003536197,0.012782909,161.4990234375,reggae,-105.70985,9076.534,76.10178,1814.2931,19.510614,736.0759,36.709297,297.3332,3.7498503,238.59366,11.684267,185.98569,0.07589344,122.141846,7.092368,119.52714,7.6598434,138.54568,10.457497,126.04465,0.99036306,122.68958,-2.1993623,74.85359,-1.5104166,87.85268,2.6376312,69.65516,2.1172302,64.51138,1.4288856,53.11842,3.8492975,50.95733,5.698102,41.04445,-0.13352445,48.91213,-1.5506121,50.673508
reggae.00077.wav,0.39548975,0.090721436,0.11652951,0.0015189511,1778.3264606974715,330280.2193633007,2174.118858547304,151640.44948355303,3821.9518891798084,1443194.1521159308,0.06091951069078947,0.0013172315603283886,6.590383e-06,0.00864223,-1.8653041e-05,0.002289381,143.5546875,reggae,-151.77394,2670.8643,105.12452,750.33527,-6.1661625,497.3932,47.9461,197.0985,11.344109,231.07745,15.087999,99.84811,11.635067,112.75215,6.607784,107.14261,6.8175387,59.6247,2.3976097,57.527798,-1.0347643,47.262802,-0.22057222,42.411434,-0.64231867,45.510727,-4.0315685,54.15938,-1.7196908,50.183475,-0.66756886,36.993996,-6.97883,55.77382,-2.4290376,28.666418,-1.1788956,27.51438,-3.8099961,35.788612
reggae.00063.wav,0.41585445,0.089832745,0.097581275,0.0022201252,1910.6006441535096,504506.69777856447,2114.9895233091474,340326.15131275984,3939.834509693063,2732695.6094132126,0.0833796923374613,0.0022265591074902566,-0.002133451,0.0075014606,-0.0019857916,0.0016630278,184.5703125,reggae,-168.56569,4097.2607,109.54735,817.744,-20.666073,647.8458,38.956314,323.38168,7.960122,232.9368,0.33540133,128.2726,6.036591,104.002495,4.086572,77.809364,-1.3609743,85.21035,0.11973303,84.42557,0.24298769,62.161625,0.35119832,67.79958,5.3024573,68.38156,3.684615,55.55908,2.8488915,45.470135,4.4759326,43.000336,0.80968976,43.98327,3.007137,43.35014,1.5235856,40.2784,2.4545724,44.921654
reggae.00088.wav,0.3756998,0.09372703,0.12002136,0.001738701,3881.383875119963,486289.5524647572,3361.8478582878743,57516.037682594724,8250.366777827496,751893.2226149398,0.18931631554760062,0.007241779911399148,-1.367836e-07,0.0062015373,1.9041769e-06,0.005359376,107.666015625,reggae,-75.2325,2530.6497,44.853004,502.14014,10.078607,321.84906,1.1481963,324.5267,1.1562961,186.1222,-3.1406858,205.37534,0.13975976,170.92465,0.0793274,109.0557,-3.4337423,106.93579,0.11067795,98.51666,-1.928057,82.30424,-2.314652,76.49529,-0.07721773,71.6627,-3.4861436,66.469345,-0.37647748,80.48748,-2.729149,80.56814,2.5087376,109.47753,-0.9931397,92.51905,3.6319659,95.53954,-2.5960572,122.259155
reggae.00075.wav,0.38970286,0.090739295,0.17095791,0.006635245,2481.191325890234,433641.737416363,2323.8040355304543,182917.0542754311,4846.387361225329,2006204.2504969325,0.13506002987132354,0.003009195539756369,1.711533e-05,0.01807244,0.00019096637,0.008173413,143.5546875,reggae,-63.8221,2769.6077,88.25404,702.11395,-27.603098,572.8078,18.600967,258.20975,-3.5774841,411.18842,5.198116,124.27381,0.9838292,117.919106,8.05298,124.4071,-4.396183,88.85754,2.2758758,74.09375,4.1544557,94.44167,-2.2084978,56.75464,10.266527,70.91715,1.8743329,76.02089,6.291246,74.18953,4.695101,53.773037,-7.7507076,51.004765,4.5987053,61.937347,-1.5900236,46.723457,0.63101155,58.180786
reggae.00061.wav,0.39536202,0.09321829,0.18103953,0.0029257897,3122.9386087150997,1223140.6197775258,2918.2212026844577,305605.2170106992,6473.494188999613,4405210.458873436,0.1335615506482198,0.006566507067390268,-1.4752322e-06,0.017177973,-8.276534e-05,0.01033298,92.28515625,reggae,-74.0531,3050.9395,58.0152,1041.579,9.140951,716.2642,29.258945,354.2181,12.535322,261.60968,-0.18953325,154.19266,0.165297,173.6373,1.3719066,136.80275,-5.0915,197.32445,1.3520699,128.9685,2.8511605,113.70443,-1.560881,81.54931,0.8852588,82.03742,1.0400752,97.67391,-4.336043,72.152824,-3.7478487,72.18319,-3.6638267,83.461,-1.0602559,87.268616,-4.114143,80.6367,-4.137697,97.91221
reggae.00049.wav,0.36961177,0.08775409,0.13286576,0.0022289085,2322.9386798779633,557297.162315429,2804.179908800484,268283.96219835075,5452.1336983601,3426537.460268236,0.08073911873548761,0.0024241300101928262,8.601322e-06,0.010634136,-4.719526e-06,0.0038135767,95.703125,reggae,-121.49299,4112.6445,89.57814,739.5172,23.786144,434.29416,32.76793,335.0066,8.857056,139.25522,-2.6159663,113.779434,6.6278014,81.26592,1.7668996,54.96347,-2.9514716,55.217083,-3.0993512,57.189243,-0.69749063,44.534103,-5.429426,41.881218,-6.5477986,43.80149,-4.704497,38.571823,-3.2821004,45.501015,-6.4664598,40.47016,-6.659792,39.444344,-4.4151874,33.69507,-3.1623805,31.589447,-3.9799309,39.089397
reggae.00048.wav,0.39015487,0.092420876,0.12016339,0.001548506,2673.271677146076,833012.8092479192,2550.062750196054,121766.93202753409,5607.916089698626,2023583.9386444376,0.11121021188080496,0.005033507925871126,3.0725553e-06,0.008961026,-2.1846201e-05,0.0030995156,89.10290948275862,reggae,-123.733696,3873.6296,66.19565,1019.24255,8.181811,474.82837,49.759678,294.42078,8.53877,227.40295,25.88335,193.49867,-5.3920436,166.12479,12.895175,96.57933,-2.5414345,72.599686,6.7968063,80.18087,-3.5781765,74.552086,7.636994,65.58954,-2.0558963,54.365658,4.918354,58.741493,3.664884,50.05696,4.112981,50.674862,-2.0491464,50.99071,6.7759333,43.281197,-2.8278131,44.3863,-2.379036,43.731625
reggae.00060.wav,0.29911512,0.09176108,0.025837054,0.00034164655,2395.785250668999,859528.2755141926,2301.0001364932536,150369.59411493654,4792.521020281057,2211982.2840883974,0.11853254099748452,0.006045417745441147,-0.0023247818,0.0007533379,-0.00020156325,0.000101576996,112.34714673913044,reggae,-301.43967,5550.062,77.22314,1140.9388,-13.575449,525.80096,39.304363,444.13593,1.6029992,255.74922,16.892714,90.59989,-7.2503476,219.1951,-3.601155,75.627464,1.1691407,80.605865,-3.2648888,64.71143,-8.437727,77.295616,-3.6016147,58.547638,-2.6015775,95.909676,-7.23496,64.03818,-2.4424508,59.658615,0.76654166,57.614285,-8.960346,97.929375,-2.6519468,44.28223,-5.49749,67.643166,-8.402103,68.06734
reggae.00074.wav,0.45464912,0.093030445,0.19221866,0.0013072832,2148.603575494345,654004.527135476,2665.358067100445,263487.2711507415,5064.42770943184,3328423.7264852524,0.051022745138351394,0.0008768321120839193,4.4410167e-06,0.02607096,-1.4247772e-05,0.0041872775,172.265625,reggae,-105.86871,1975.8323,88.181656,749.7901,19.302423,484.45132,30.579697,247.66614,9.9836855,214.23901,17.954727,103.65939,3.6897562,91.27868,8.922591,74.974304,5.8549743,70.602425,8.851583,75.40464,5.6235914,54.037502,10.514844,37.054375,5.916853,48.883022,6.103881,38.635593,7.0478773,41.528442,5.083662,34.047356,4.441309,34.31323,2.1635664,31.144434,1.4177475,34.554688,-1.23278,36.42795
reggae.00058.wav,0.37186235,0.09464799,0.09115262,0.0015562965,2631.8490363841825,1322142.581842095,2827.839241374862,332614.1753269007,5700.073865766496,5760953.941374812,0.11201028262867647,0.007836765790654322,-0.0009304202,0.0042270706,-0.0012718807,0.003258695,123.046875,reggae,-169.34058,6941.7144,83.9091,1056.6532,11.203279,777.7988,12.134803,298.33667,21.077204,318.33524,9.533383,183.39766,0.9363657,180.75055,2.1945176,122.41384,0.8756654,110.34348,1.6430134,140.81935,-0.4176584,103.73227,0.7432359,81.53252,-4.7871585,94.62946,-1.7297721,70.314156,-2.093574,107.751884,-1.4278101,74.321205,-4.669386,76.43878,-0.21244699,62.877106,1.9530637,78.47177,-1.2630275,97.6781
reggae.00070.wav,0.3805537,0.09629006,0.14901283,0.0017945394,2288.9314176081257,569870.2245730142,2534.0413134160685,209653.1545058951,5006.536392826045,2512340.2346861,0.06099963114357585,0.001180382181061073,-2.5791555e-06,0.01784187,-8.663963e-06,0.0031370693,172.265625,reggae,-136.78912,5023.123,75.59191,746.58826,-5.33347,497.6168,23.440128,414.00754,0.7612742,219.46593,12.292593,124.48371,4.4802775,166.9518,5.1578503,118.26819,-0.07490856,83.13858,9.033965,107.67297,4.902392,115.88787,2.3301923,93.672844,5.4751735,93.25781,0.66243327,117.3534,1.4746832,93.459915,3.8372912,81.27311,-1.5902513,79.38374,-1.7209573,71.19584,-4.443439,72.496346,-9.697896,85.23181
reggae.00064.wav,0.41680506,0.098635785,0.26777142,0.0073117856,3094.02220916496,1053680.8441207788,3135.97809929496,198315.2554837351,6973.949496148171,3405585.676084703,0.10088072029798761,0.00760703911762252,3.1935706e-06,0.06340916,2.8430364e-05,0.007293693,172.265625,reggae,-70.11165,3142.2937,54.362183,814.3959,15.596424,749.26904,19.821365,272.3741,27.00525,202.97194,13.251235,170.89978,0.70048475,190.30754,10.075649,121.86349,6.6888304,112.52184,-0.30473047,119.57371,2.978181,121.534996,6.0232983,66.79535,1.0923579,83.8238,3.1697547,77.47445,0.24926984,77.41036,3.0365627,49.892685,-5.600442,56.996468,-1.3141888,54.85667,-1.9566276,70.121544,-8.710367,64.21241
reggae.00065.wav,0.37581554,0.09548588,0.29808503,0.014599906,2080.8998101028196,882363.0017754927,2264.8255954836695,439598.2850907279,4366.306930872678,4257191.043985152,0.08281998294794891,0.0027613436505084933,-0.000437251,0.062246174,0.00027832066,0.020015318,89.10290948275862,reggae,-66.18777,6980.135,97.88822,1804.0627,-18.8181,569.07056,26.937904,306.62408,14.0201845,249.61794,6.0293303,239.69614,9.445992,170.32541,10.570344,105.93244,-0.13658695,129.04787,8.12607,104.33965,10.5418215,147.0425,8.009013,109.337524,3.808331,64.518166,4.0128603,61.872013,2.71313,51.490852,0.42442927,50.19227,-4.2018785,45.148705,0.100737296,44.09404,0.14901483,44.00469,-3.1472926,37.77707
reggae.00071.wav,0.40891767,0.0966244,0.15084101,0.0048974203,3109.580608719877,1815677.5127353673,2852.420966793385,268591.10604556923,6392.311346567822,4789589.235565408,0.12166630889609133,0.010875552156403696,-1.0103473e-06,0.013438582,0.000100174664,0.009760276,143.5546875,reggae,-141.76732,8530.745,44.179897,2173.1433,21.71709,597.5957,43.292015,398.69174,21.74255,383.75833,11.178962,258.65344,3.543304,206.59618,15.015565,107.13924,-1.7441003,116.60766,6.4359937,99.18804,6.9099855,126.949,0.7032585,112.75213,3.9693093,97.94946,1.4794365,91.58269,4.6782966,85.04274,0.90257126,48.253372,2.2230742,45.967957,3.3757136,67.1368,-2.6652095,54.013714,0.50957847,52.49856
reggae.00059.wav,0.37597787,0.08556409,0.12639175,0.0019683177,2671.9431591250614,823589.0760185635,2716.8459265601514,203522.8357602824,5700.315530971846,3189571.979683696,0.11742559379837461,0.003770549747939742,-0.00094646023,0.008534594,-0.0015017679,0.0049194167,151.99908088235293,reggae,-93.51581,3895.955,80.181656,754.1988,-0.3042793,398.5824,15.263566,346.92633,4.3483276,275.72397,9.056693,132.3319,1.6918387,317.75967,2.5480187,117.36388,-4.297323,119.411835,1.0002484,125.12074,-1.696375,87.98888,-2.9968734,71.78404,2.2530196,75.772285,-2.0940115,60.02218,0.3257627,47.1254,-4.3774824,61.26546,-4.0438805,62.697887,-3.1599915,43.739487,-5.416726,49.362617,-2.1435902,62.732853
reggae.00098.wav,0.41004914,0.088832416,0.13910417,0.002195711,2025.3801449478724,574286.1215342027,2397.7380593665207,155269.65899715334,4461.0230248040825,3046113.850187862,0.06482538276412539,0.0017163266434126194,3.1013697e-05,0.014053948,0.00063060963,0.0034006778,123.046875,reggae,-134.68275,5052.169,93.56442,515.57416,8.52157,316.51797,34.86943,209.54274,3.2855153,99.56223,15.515956,113.21069,4.9638395,100.522964,8.545496,60.437004,-1.2880832,102.29324,2.7348347,80.206345,5.0694065,95.83889,11.86001,68.073364,4.4103737,41.432537,2.0628667,50.961506,1.3174813,56.194218,0.29476428,46.478703,-2.326158,40.070522,0.3839458,50.907627,0.9154463,45.08089,-0.44093442,79.07526
reggae.00067.wav,0.39610007,0.08992336,0.14007322,0.0019690387,1729.221510067004,271648.94317644835,2362.468419705552,195754.42072043967,3520.153714112084,1932809.1569392402,0.06049774453366873,0.0010580058657910143,-0.00018678262,0.014056114,-0.00043038288,0.002678719,83.35433467741936,reggae,-132.95238,2455.182,117.09168,561.5244,-2.7986,322.54514,22.529333,207.17935,25.91985,181.0309,0.2901604,128.56494,13.511026,107.300865,3.3958855,87.08412,4.522271,60.10334,0.5429567,70.60595,-0.07208141,60.85866,5.0957727,46.451694,-0.15914744,48.475243,1.27157,38.553066,3.0685508,41.07211,1.3972648,46.160515,-0.54880786,39.681896,0.13979945,36.34231,-1.0481825,38.50954,-0.04001157,43.71802
reggae.00073.wav,0.44946605,0.09043455,0.19222166,0.0013060446,2153.2951509096097,658613.9370475762,2667.5255346736817,264787.93041886744,5073.910985421101,3347757.164337905,0.05106696255804954,0.0008728713876091886,3.786309e-06,0.026072241,-1.0666554e-05,0.004193085,83.35433467741936,reggae,-105.88102,1975.5513,87.996155,754.49054,19.372707,486.72464,30.624931,246.69989,10.024096,212.5381,18.020151,103.380844,3.6549273,90.13662,8.923996,74.66218,5.8252344,70.33936,8.8736725,75.009346,5.664958,53.681896,10.555122,37.369637,5.901164,48.722225,6.104389,38.795307,7.049708,41.470078,5.0997863,34.07512,4.457999,34.138443,2.1786811,31.091349,1.396186,34.262016,-1.2673672,36.210186
reggae.00072.wav,0.43271825,0.086012155,0.14293236,0.0047537033,3086.1860008884605,1296085.494951788,2974.065400197414,271691.77396286034,6572.1602590460525,4654037.70072687,0.13607514089106038,0.007491133946787823,-1.5612316e-06,0.008985404,-5.863017e-05,0.009513884,112.34714673913044,reggae,-94.140526,6264.291,68.22994,1070.9541,3.97548,743.5035,7.6313868,506.8571,12.791034,393.3334,-3.185735,209.25223,-3.9074442,189.18521,3.8176005,141.6212,-6.121651,165.37451,-0.3518425,126.94829,0.3375633,154.56749,-4.6744213,87.26381,-3.0098026,94.51331,-2.9692576,80.20782,-3.1980948,86.07907,-4.9229474,106.517586,-5.001903,74.837,1.3904977,75.57863,-2.0881765,82.88078,-2.08864,56.332577
reggae.00066.wav,0.3892008,0.09312512,0.12912783,0.0026536945,1629.3916759342608,335367.9148358291,1886.7002336206344,148019.11545418666,3259.1219592020607,1427720.596471667,0.06711183908184984,0.0012802348967855587,2.1477567e-07,0.009713404,1.07262285e-05,0.004505538,161.4990234375,reggae,-147.08931,3535.0906,120.0933,953.5653,-21.591429,430.04752,39.64055,337.81015,6.94915,177.35345,15.087431,167.12758,-1.0081931,194.96936,15.945317,121.604164,2.5432343,126.9122,4.5108314,118.23768,0.022952076,109.44449,4.3321266,95.88407,4.638779,68.38101,4.006375,48.03639,3.054718,63.307045,0.5425983,56.21252,-6.1399174,48.79187,-1.6537441,62.851673,-0.73003,48.649536,0.19702493,42.80401
reggae.00099.wav,0.43122938,0.08201545,0.18010452,0.0014875187,2466.3392174966807,453618.0732023561,2006.314276490286,30966.356919483376,4722.8464415937015,638912.9300134825,0.13958721338041796,0.004168096283882119,-2.7992767e-06,0.020952526,-2.8996361e-05,0.0066636885,117.45383522727273,reggae,-67.13854,2821.7883,80.72981,958.45764,-43.87338,308.48083,57.724434,69.00153,-12.790912,67.2914,33.593773,70.34241,-7.733453,55.1723,14.1250515,54.206806,-1.2325957,69.04903,7.4195833,46.561153,-2.03643,41.773697,6.110562,47.777367,-6.631473,43.402206,-1.0051322,30.871723,-4.763684,25.827877,1.052848,33.41765,3.491624,42.956688,4.5339885,40.322113,-1.2926303,25.61264,-3.1491413,25.045164
classical.00079.wav,0.21772774,0.08524813,0.01884352,0.00014523447,790.4782247441893,32402.863617153424,899.9797791776052,44001.97922356829,1159.4013225921537,142766.8563975936,0.05211230771091331,0.00036424767605511965,-1.17959735e-05,0.00042279944,-4.257021e-05,1.3874211e-05,143.5546875,classical,-437.52524,4077.4954,170.9714,823.4168,7.386171,659.63586,-3.108705,126.46305,0.7773013,137.47353,-11.135056,131.41968,-12.523805,122.437836,-6.900927,111.21425,-5.8500524,193.90236,-8.455719,126.53367,-8.472509,159.23375,-8.329373,216.94855,-7.3738,126.04992,-6.733424,93.30488,-6.0883675,68.8326,-7.0600677,84.071754,-6.652507,101.40364,-4.2910247,73.11144,-4.3992434,59.858353,-4.9159975,102.883125
classical.00045.wav,0.23626502,0.084027134,0.13858975,0.0017480832,1175.9242233254756,25163.06174416093,1502.8373915929649,30903.692943714144,1901.2301701879353,100247.53172733779,0.0622955416747291,0.00025451524093761277,0.0008047132,0.01732431,0.00084005,0.0009464893,184.5703125,classical,-170.8866,1643.422,157.03914,250.61917,-21.966076,157.9243,5.2446537,187.70506,-4.0924125,111.160194,-3.6912692,78.5685,-8.810494,86.94393,-4.8575964,86.74159,-7.874582,104.09346,-5.4110103,95.74238,-9.373978,121.74458,-6.623613,87.96946,-7.811286,91.03092,-1.4611747,80.32348,-3.5911329,76.85126,-2.8573444,46.268497,-3.9215784,51.21961,0.20077208,92.390175,-3.4326358,123.96246,-0.83090174,101.99093
classical.00051.wav,0.38145718,0.085766286,0.08052824,0.003169796,1527.645526264714,232397.09741962963,2079.667989385167,196188.42011244586,3220.8305240784634,1525371.2022445009,0.06010507872968266,0.0016020911563379623,-0.00051262556,0.0057164696,-0.0012919115,0.0011452119,135.99917763157896,classical,-230.27237,28254.176,119.15338,1155.0316,-1.0512242,1083.2749,28.384487,95.9786,10.00878,138.4082,16.125822,74.14688,4.793946,66.36472,6.1923785,36.05937,0.9515957,34.03402,5.915187,40.89762,-1.1755239,55.36878,3.5739172,40.107285,-2.0996544,39.32734,-0.90729177,34.103886,-1.8530504,29.00945,-0.0061340802,39.24841,-2.7977016,35.69533,2.3327787,41.128937,-1.4417099,66.38082,2.738794,60.883205
classical.00086.wav,0.31213167,0.08149776,0.031511255,0.0003572861,1356.517262209537,220804.6847160095,1495.192128266221,165594.00491668098,2496.8682351127127,1054629.7286136239,0.07686121323529412,0.0010085277404535057,-1.4567297e-06,0.00073413324,-6.6654093e-06,0.00018710806,99.38401442307692,classical,-283.4352,5395.356,159.55325,1287.5406,-29.518972,164.67857,18.540627,101.00735,-9.879667,112.43903,-3.4205968,51.78403,-10.990983,44.131084,-9.78434,43.335552,-8.296977,35.59005,-4.2428293,43.270935,-2.8664072,53.98547,-5.969815,61.98937,-4.0209274,62.507534,-3.3497477,54.815582,-3.3910906,53.69678,-1.8592801,56.689857,-0.4466216,68.54776,1.8976356,56.360233,-0.110351376,59.028637,-2.8223317,50.091183
classical.00092.wav,0.1811293,0.08848907,0.08413399,0.0014417177,1807.4309138096598,221962.77959357746,1438.8246682879553,51230.01205217333,3072.531420822852,641720.850013497,0.13095801385932662,0.0033780480823959362,-0.0005821698,0.008186896,-0.0005356529,6.594472e-05,95.703125,classical,-299.7126,5248.2354,103.67623,657.1335,-27.657272,288.45428,51.028336,109.594666,12.27966,147.33151,16.508783,69.59874,-10.941353,95.61292,-0.89493364,127.120674,3.8351672,318.72028,12.960477,214.73016,-12.398089,346.51218,2.4647222,266.0531,5.1784363,231.91312,-0.7386148,177.48032,-0.6141989,78.70339,-1.1869745,92.840706,5.9202952,117.078,9.812801,171.03546,-2.6650848,263.62787,-3.084117,457.2876
classical.00093.wav,0.2269671,0.08873001,0.08248694,0.0017939245,1623.829997897825,47688.146689755886,1551.4812346920505,78973.0598665653,2732.100146030863,294518.0384464381,0.10825822670762383,0.0008627775037839071,-0.00069938984,0.0069587408,-0.00044750515,0.00039284647,135.99917763157896,classical,-207.37747,1670.1836,117.60778,212.77988,-41.404255,546.6679,13.253087,155.59552,-1.6882402,69.231705,15.532319,106.660385,-10.362769,160.26979,-1.8636898,141.67612,-12.762171,96.08225,7.0103326,128.13197,-0.78136885,209.90186,2.0718129,160.10277,-8.264468,185.84772,-1.4701028,203.58879,-7.088128,121.81696,0.934685,53.455334,-5.539219,85.85937,-8.502519,107.12595,-1.4875591,131.32053,5.380053,168.67432
classical.00087.wav,0.27444816,0.08343318,0.021436756,0.00012631598,876.9626952356689,32611.866620152934,1108.6920910513386,53130.340371300445,1457.2911879595588,202361.99268203162,0.051046554518188854,0.0001581971071001579,-3.821885e-06,0.0005061968,-5.4440634e-06,1.2397106e-05,123.046875,classical,-393.0342,5062.973,190.77562,382.81018,-13.312166,589.22174,8.263634,77.20023,1.5518678,66.58989,-11.080791,53.96589,-11.244869,43.910175,-13.998271,34.28404,-10.620688,48.665405,-9.390383,42.032272,-4.613558,52.055588,-10.067735,58.37226,-4.815257,52.209297,-1.749237,53.164516,-4.6786695,47.903473,-2.1273618,50.107647,1.0223783,49.506096,1.3087288,62.611614,-0.15664078,66.86936,-1.4133813,77.56077
classical.00050.wav,0.28610158,0.08429769,0.007965068,1.6637887e-05,1170.1422672261847,48657.4216564753,1595.6359965659155,52759.14871305098,2360.427393485149,237896.043705531,0.049492898002128485,0.00021778101531056727,0.0001809142,6.896284e-05,0.00017358562,1.569089e-06,107.666015625,classical,-449.6218,4607.974,151.50313,455.1247,-12.74668,132.94038,44.27039,45.457924,6.244759,38.36362,4.053898,20.819925,-1.4805391,30.676966,-1.624076,37.556446,-2.4867768,29.240147,-4.282386,19.24738,-9.653202,21.86644,-1.3421049,25.301216,0.14638385,47.888096,3.728251,107.060555,5.2857785,99.571,1.2080818,38.851715,-2.3039155,47.286972,-4.1256194,43.1956,-1.8161486,30.814577,1.2358323,42.019043
classical.00044.wav,0.25204444,0.08594847,0.017927846,4.473642e-05,1181.5125561645536,114845.88452842938,1412.1789063254485,96980.99252213896,2032.8127078596654,569657.5347940372,0.07170553768382353,0.0005437213309452499,0.0001812203,0.000336376,6.171615e-05,4.4263734e-06,80.74951171875,classical,-402.22232,2901.9353,154.00491,1290.5455,-15.211341,321.25464,15.294042,200.63045,-3.0777783,139.41795,-3.1944375,136.47202,-9.778082,167.77042,-17.310207,147.87129,-12.30656,135.9008,-7.9146423,173.69632,-7.0827584,125.82914,-0.28117186,133.17497,1.5458184,121.808784,-1.4655557,105.622314,-1.7400693,134.1651,1.8587352,61.931732,5.0292315,110.9046,-0.7410972,108.19203,-0.13983296,137.87395,-2.8593116,226.50534
classical.00078.wav,0.22515063,0.08397575,0.006631079,1.9391553e-05,715.477296116993,43925.97143013775,1030.6024311736521,80004.22560820826,1037.702058490954,305875.04713913373,0.04129340109810371,0.0001104614072530717,-2.2663358e-05,5.665903e-05,-3.5556575e-05,1.3502555e-06,67.99958881578948,classical,-552.1063,1646.9427,173.36296,668.7209,26.35445,200.92084,14.122476,71.42247,7.259276,46.244358,-7.084969,55.362675,-5.859201,56.497574,-10.342716,35.893715,-11.022791,59.962154,-9.200838,53.86517,-8.827268,74.35985,-4.9303,100.12921,-3.6547,62.62581,-4.282815,67.98492,-3.4607012,55.429573,-4.82143,45.7382,-5.679628,67.593254,-6.546866,51.682995,-8.206826,47.63085,-6.4508395,58.53096
classical.00052.wav,0.38802975,0.08593475,0.05548111,0.0012854467,2411.9327529379098,421317.26296566956,2436.324834166332,199617.5211653774,4994.561465236794,2202927.788521876,0.12697013169988391,0.0023325732309129104,7.736454e-05,0.0024146596,0.00019740772,0.0006842038,161.4990234375,classical,-186.42809,9541.063,86.65457,929.9289,-15.711973,593.0044,14.741793,110.537735,-2.2158978,98.736046,6.271489,102.25785,-0.8879223,39.595703,0.66504693,50.19965,-6.0883217,120.11397,-5.2136745,182.92978,-7.8659334,155.70682,-1.7187315,86.46891,-4.7045016,102.252396,-2.0543666,98.29873,1.4163775,56.527115,2.7643516,64.127266,3.301296,60.822536,3.110024,133.41042,-4.4082932,78.19865,-5.0353703,64.18591
classical.00046.wav,0.3467908,0.078628585,0.115102775,0.00035892805,1878.7740300458224,85768.44866479511,1965.0287149176995,53261.05000250188,3634.0696919444176,469139.5971008139,0.11161308170472137,0.0006014071699517841,-0.0005753219,0.0091144545,-0.0015500655,0.0011124855,129.19921875,classical,-85.26499,552.0401,118.42306,374.04797,-31.47277,72.898315,20.282013,38.525642,-4.4177094,51.523357,6.9225974,42.67018,-10.950942,30.956825,-1.6200852,26.40625,-7.367901,27.198805,-3.0173,46.351395,-4.4372015,28.12996,-1.4064466,44.176636,-4.246369,36.132996,-4.164333,24.974072,-3.9796493,28.573154,0.2765607,29.951643,-3.3924832,35.6628,1.6937985,24.496012,-3.6853893,66.99904,-3.4415329,59.938564
classical.00091.wav,0.22580075,0.08608385,0.04471866,0.00039484387,2192.7057790195913,128993.78645986784,1912.0379428207473,27682.172552382544,4066.492077145414,389989.2382848237,0.1524378537393576,0.002070954158138178,-0.0006321192,0.0020792927,-0.000485008,7.084439e-05,92.28515625,classical,-251.3183,3221.049,88.73775,229.38359,-41.7524,144.58717,37.908646,65.925186,-12.024273,112.45356,21.6241,79.78429,-5.8539314,128.92603,25.719711,132.80135,-5.185972,213.27121,14.301182,207.8039,-7.5509515,243.39415,10.46478,217.75464,-4.928892,235.02484,5.2614264,162.69647,0.2979502,90.22961,3.31159,56.163742,1.264341,68.646164,4.7684903,109.58013,-2.0682452,121.17059,1.1370713,188.14345
classical.00085.wav,0.30964005,0.078461215,0.038878046,0.00040605135,1525.6012665401886,211546.65617984676,1588.1610240876316,199369.98148249483,2732.8751413445725,965715.1821889597,0.09158788155476007,0.000849926122151579,-6.7125484e-07,0.0011521137,-6.8883824e-06,0.00020036225,107.666015625,classical,-246.21837,5847.719,149.44388,1479.1447,-41.973816,240.65868,11.606411,97.40813,-10.287587,61.160755,-4.0184045,57.145958,-7.1389446,45.8366,-10.137027,68.06353,-9.425965,63.528976,-7.1766233,61.72366,-3.1531365,77.812645,-5.6295013,61.31371,-2.5816011,94.07569,-4.5165157,43.9788,-6.1636004,34.22962,-4.9719005,30.368246,-3.3493166,38.740887,-3.344111,44.93668,-0.6730955,51.08561,0.21787973,79.142914
classical.00084.wav,0.24545789,0.080138735,0.021968717,0.00019393308,1002.3644432557223,25211.53213452485,1152.462681781211,23937.35072152775,1733.6895166166796,97639.49472665235,0.05794825125773994,0.00017856223954644258,-5.497471e-06,0.0004931257,-1.6406406e-06,5.8626094e-05,112.34714673913044,classical,-369.13687,5788.299,171.89467,226.92067,-27.26967,577.97186,6.0176673,173.99934,-0.14046475,277.80853,-10.669237,114.73089,-11.915659,76.67449,-10.19332,47.095516,-11.368732,60.898872,-10.511278,44.04306,-8.377622,36.479492,-9.789241,41.1384,-5.0547614,45.377193,-5.081166,72.779015,-3.0338256,53.551422,-1.7272465,49.936466,-1.8499658,59.48261,-2.2594447,50.33368,-1.2759857,66.30406,-0.43458486,51.799026
classical.00090.wav,0.21933526,0.08625691,0.023853911,0.000107342246,2172.514738800754,132960.0828299669,1883.3803923812748,41802.72741925053,4066.9587409902283,508045.90109108534,0.151986231375774,0.001956377114407654,-0.0009164719,0.00064153376,-0.00021256307,6.6838716e-06,95.703125,classical,-326.31674,1251.9402,85.90871,337.89282,-42.98692,170.44963,31.837812,66.99159,-19.576056,81.069305,9.992609,52.433285,-16.461275,56.443947,10.00038,54.887512,-8.599359,81.47487,25.513212,165.81862,6.5387473,128.04018,16.400177,173.02638,3.502858,193.7779,9.5951805,130.86826,5.922759,162.69612,9.285647,120.9134,9.963878,92.14962,9.199149,105.92964,2.789936,125.704094,-5.384016,210.741
classical.00047.wav,0.25846493,0.082256585,0.009494158,2.7769536e-05,1173.9310654515775,23767.806373665047,1517.856159908801,15728.511189012652,2083.120736987229,156333.2026766399,0.06632537369388544,0.0004203017935626585,-0.0009214177,0.00010565881,-6.491097e-05,1.4543737e-06,123.046875,classical,-436.84235,3778.7117,154.1132,165.43462,-19.859337,175.57162,20.183603,148.93745,3.1647444,97.082855,0.44639233,71.15613,-6.5306387,45.318745,-4.6033382,35.7327,-10.0562525,58.64475,-6.153287,66.23973,-4.529443,67.7278,-2.7835946,57.229652,-5.23532,58.60679,-7.384834,62.5198,-6.993311,55.30074,-3.1899667,54.786522,-0.3512987,61.56867,2.226785,55.32156,2.5725396,113.137115,4.4761767,162.34097
classical.00053.wav,0.30471268,0.07912654,0.13980983,0.0029967728,1465.595382672086,116569.56232385951,1554.8186019545137,95064.0261827801,2749.3833748548764,584404.7706805734,0.0879189694998065,0.000536467388001911,-0.00035120864,0.017999507,-0.0012018223,0.0010997807,215.33203125,classical,-119.304375,4784.7075,149.57779,920.8092,-43.31768,236.5627,24.636248,125.63459,-5.609388,114.44525,10.784379,63.62679,-2.8926942,69.29033,0.78330255,41.174564,-6.5456386,46.217514,4.3880386,34.952824,-1.2940495,39.114586,1.3600912,42.79152,-1.0813606,30.409727,-2.439028,37.14603,-1.9371483,39.958206,1.2953312,37.149265,-1.3851025,36.27283,1.0407939,35.53222,-5.6063,35.944393,-1.989935,26.520802
classical.00057.wav,0.25384977,0.08875828,0.016770324,9.1516245e-05,1751.7302668488364,388416.324702376,1930.492879116651,182027.3090795981,3236.6554283874325,2037407.5369512278,0.09525792738970588,0.001664765468170855,0.00020793478,0.00028453732,0.00010654845,2.4644994e-05,107.666015625,classical,-367.15607,8875.017,112.80696,1439.3479,-18.747368,390.72693,10.16273,229.2189,-1.6047246,98.91962,3.8029535,69.647026,0.9223538,71.105125,5.067149,82.41459,-5.3725705,172.4393,-9.522553,165.0162,-8.495645,89.5849,-1.7838283,102.06234,1.299132,178.51538,-3.8675704,117.99847,-2.641309,136.88174,-1.0574461,101.86245,-1.2753584,56.03847,-2.5051804,97.18227,-2.569393,208.95201,-4.069762,152.0848
classical.00043.wav,0.19094546,0.0818961,0.11537952,0.0029165677,1063.472218094083,119893.48225921385,1552.579922603203,164320.87949296538,1611.1902573529412,1106692.0187068514,0.051040885618227554,0.00022569007159689423,0.00114306,0.015053174,0.00045330593,0.0002716452,129.19921875,classical,-249.54944,3639.0696,161.56836,574.6501,10.129534,712.651,-3.0705645,165.58897,-0.59651756,77.70842,-2.0836587,52.416943,-12.191772,60.89981,-8.60149,58.1484,-14.638914,46.59658,-12.049384,53.72457,-12.30034,45.472794,-7.1745567,59.00341,-7.891679,43.44151,-2.082466,54.56042,-2.909753,70.21857,-0.86809945,98.2688,-3.9725292,112.109375,-0.884294,119.4931,-3.9836185,95.96275,-3.8915737,77.62379
classical.00094.wav,0.3689322,0.09042771,0.013991359,8.1093145e-05,1424.1018503760445,106669.64455607075,1697.0207079079732,49078.61178785172,2927.490631197997,490576.45229301346,0.07015490458107586,0.0012338686304916744,-0.000859048,0.00024420817,-0.0004258138,4.9566393e-06,184.5703125,classical,-385.7943,9370.5205,128.62302,408.0102,-26.731682,453.49713,39.48326,116.46515,-2.1734614,173.32144,16.760435,60.718346,-5.7341957,127.46745,14.724416,71.86254,-3.0906632,124.26476,12.3112545,81.6106,-5.892707,100.71489,2.792582,93.04651,3.6800177,115.72557,10.925794,72.52523,10.535347,67.17955,9.917289,73.10084,6.108795,45.88996,3.5327852,44.172733,-3.3188179,66.42825,-3.675154,84.66481
classical.00080.wav,0.43804651,0.094124034,0.0052696657,2.9709234e-05,973.5547961720958,94253.40111304627,1617.4354313658503,207389.03343659246,1911.3134425491003,1051828.0179829593,0.031537602191369966,0.00012644724283644447,-9.036391e-06,4.945384e-05,-1.3802523e-05,1.2144798e-06,143.5546875,classical,-549.6238,7729.442,156.95288,1521.921,6.6107116,545.0766,34.415283,74.96007,13.258632,64.60869,5.755012,71.29103,5.0514054,81.44603,-3.0009751,74.18005,2.0665765,53.492634,3.077338,30.613953,2.0167964,42.94745,3.2401438,30.580946,5.666261,17.284216,5.7039456,17.15456,3.6319153,15.411068,4.0980306,14.376279,4.334258,13.846979,3.3654845,15.489831,2.628941,20.584806,1.6571875,23.718487
classical.00081.wav,0.26684135,0.084229454,0.016512703,4.912443e-05,1214.3345474841144,83239.91893103656,1540.2928528467166,54813.951648793794,2164.4285786631676,319374.56276808085,0.06055896865325077,0.00043377699265729916,-3.2494274e-06,0.00028242654,-2.0378602e-05,7.351776e-06,151.99908088235293,classical,-374.73544,3095.507,153.82092,587.79297,-21.55533,226.22012,20.830206,93.81006,7.003569,67.856926,-3.9481635,68.81,-2.5215898,102.119316,-2.8035052,61.252716,-4.2827654,67.28491,-4.499873,59.156425,-5.7614007,49.23237,-4.259625,35.578857,-3.8435433,48.75225,-4.5857606,49.80857,-3.6389859,44.196167,-2.2903485,46.811764,-3.1275449,54.689068,-0.21475933,67.00054,2.6295164,75.792946,1.8175368,102.77832
classical.00095.wav,0.22755931,0.08823324,0.0135638025,0.00022949096,1800.6383191622829,285308.19155921286,1780.9021871187183,62949.6899164498,3426.4376141338525,864825.8306541939,0.12435714674438854,0.0038561395678988544,-0.001036724,0.0003442091,-0.0002422994,1.4029505e-05,86.1328125,classical,-422.60803,6855.349,89.84974,1013.7499,-18.716208,438.13806,37.78641,108.9054,6.0167494,139.24797,4.1617336,79.46144,-1.9914649,106.13329,12.111292,123.329285,4.1678967,129.48561,13.7912655,148.80559,2.8296852,84.45614,5.8862886,106.03421,6.122228,248.07909,8.141636,183.17856,12.356574,128.71268,7.095123,136.56941,2.4118736,126.06103,0.7801642,68.34241,-3.4258897,162.61028,-0.7502806,159.98253
classical.00042.wav,0.26172364,0.08402673,0.13462317,0.0027111317,1327.3486451321814,36102.05372362819,1326.8652104399382,34331.01727997118,2172.5785293815306,171193.2515043987,0.09385279605263158,0.0002813078554130754,-0.0012487848,0.018460395,-0.00066905306,0.0005159784,198.76802884615384,classical,-160.33943,2443.818,164.12074,485.84955,-48.87504,183.61337,1.5913545,112.34464,-7.591044,99.999504,-2.631471,33.464897,-11.077547,32.372177,-7.0276327,37.063965,-8.120849,40.042427,1.2311883,43.47498,-5.4963484,50.876656,-4.222176,45.97333,-5.458137,59.784466,-1.7106261,77.399605,-3.087998,86.64023,-1.289857,50.226048,-6.098767,53.617653,-0.9284122,71.93483,-4.041814,52.522083,-1.5555359,103.91755
classical.00056.wav,0.31287572,0.07862829,0.1898476,0.0036455297,1680.101088819283,94059.68121248714,1706.9703104342384,53047.99073241247,3077.8397220576144,370438.5579900055,0.09672579455301858,0.0006908924734400819,-0.00064681337,0.034447197,-0.0011582724,0.0012424411,95.703125,classical,-81.13433,2716.3398,129.09853,374.45422,-42.53483,138.50044,33.17631,116.32974,5.6636167,101.305214,-6.4022493,97.57039,-2.2610986,94.85837,7.3734436,87.3405,-18.71801,64.6842,2.4979706,44.6662,3.7862806,73.42683,1.9323546,47.776737,-10.066779,58.971962,0.9437217,36.94308,-3.5698192,38.085297,-6.166297,39.017723,-8.030749,35.766724,3.77427,39.14623,-5.029473,34.992477,-0.85415226,47.442387
classical.00040.wav,0.25055692,0.08939375,0.01974107,0.0001677533,1396.6924270627776,87176.88204109599,1525.2553826116246,67277.64208737382,2652.8339586759867,484194.8923173092,0.0726431737374226,0.000609267339877221,-1.15763305e-05,0.00047413612,-6.2333897e-06,1.9999394e-05,107.666015625,classical,-358.65674,5653.692,129.08748,710.89264,-30.39764,646.9539,19.88953,121.00163,-10.38638,206.53671,-0.65204483,99.09606,-10.611145,126.78766,1.5420542,66.35094,-3.9753864,123.90577,1.8689039,73.360176,-8.833539,75.80424,-7.1676545,60.96609,-8.212757,66.26483,-5.9410625,75.14652,-0.11584019,82.36495,4.27639,92.26256,8.967238,118.42098,12.802729,177.43318,14.691521,231.32729,11.507997,254.74207
classical.00054.wav,0.31949475,0.09251691,0.17533353,0.0021585168,1712.466255822982,109955.10700337663,1607.5252142235881,49617.824398908546,2833.499532882643,401665.60262919683,0.11627820844620743,0.0014218131596791458,-0.0039824885,0.021364342,-0.0022105242,0.003546279,95.703125,classical,-106.22088,3636.9192,127.37078,738.65985,-45.28613,271.0518,31.277216,157.59575,4.30544,436.1569,-5.068433,115.91503,-16.129375,251.14677,14.690696,301.94067,-7.912098,136.76624,-1.2216625,280.6772,2.9819396,324.30872,17.464767,297.6781,-4.0720086,262.93652,1.7858331,124.73611,0.59456575,198.70903,4.609093,124.06173,-9.991413,80.93505,-3.341979,67.20253,-3.1053748,64.33517,1.9085141,66.51265
classical.00068.wav,0.2572882,0.08501912,0.057378534,0.0008834097,1559.8986812117996,54903.593717859,1616.1274908762382,46410.493031434264,2812.9663237108166,241060.8977222034,0.09520237217008513,0.00034002958014298204,-0.00015053734,0.0037790658,-0.00016997434,7.4954405e-05,83.35433467741936,classical,-234.41783,4016.7559,130.25517,256.44,-39.531143,122.9606,19.335638,61.26877,-6.793275,67.440025,-5.1301126,39.47488,-3.7073677,49.375095,-4.0360165,72.02594,-5.071877,111.008575,-1.3683323,42.25766,-7.73577,72.025635,-4.382001,83.4507,0.46520543,93.91448,0.78497344,97.22367,5.4507375,99.13761,8.774231,101.24136,7.0391765,66.1867,2.4160001,95.81637,-2.308834,97.443054,-0.24570014,110.04873
classical.00083.wav,0.24464239,0.08236685,0.041872445,0.00047198232,853.4404819807713,21383.83577333155,998.610274713463,28254.18030648726,1401.899856236697,98918.54002207065,0.05079296572658669,0.00011676646906376446,-3.8131705e-06,0.0020745231,-5.4510288e-06,1.9133535e-05,117.45383522727273,classical,-338.7873,3838.1123,190.10437,452.12228,-16.304815,679.1606,3.7044485,142.79118,-0.44790432,94.30797,-8.884474,49.598637,-10.400301,37.94509,-16.36604,53.89563,-13.285849,36.434273,-10.799827,54.786377,-8.649679,46.265923,-8.285074,56.024307,-4.6188025,41.41272,-3.792578,37.951675,-4.5501957,69.999695,-3.6639328,128.1383,-0.94268084,130.50835,0.53896534,72.86956,-0.26442832,42.479702,-1.5641769,61.970104
classical.00097.wav,0.22232276,0.08326713,0.036704183,0.00046449417,1494.140563670137,92267.40561401269,1670.8326004789865,31677.178275484013,2781.1748492828465,339072.3978804658,0.08592124915344428,0.000916833768482446,-0.0006184873,0.0015964864,-0.0005214782,3.2796026e-05,103.359375,classical,-280.7256,1130.3524,122.72235,230.00793,-14.398866,169.56026,26.855799,37.550934,1.3519739,62.88182,5.9942274,50.331997,-13.104071,67.24378,3.3753622,108.36004,-11.5543375,80.09638,5.1937947,72.15063,-1.0517688,146.39662,2.7634673,129.9879,0.06284382,122.81366,1.3419089,137.58405,1.5190892,119.90067,-2.2132604,96.75396,0.77303547,74.38684,-3.9691277,52.44657,-9.135715,117.90245,-6.9251537,104.64395
classical.00096.wav,0.29303515,0.08284055,0.05697671,0.00078640005,1932.8371720042155,191479.2137636648,1740.2334653481375,27335.8367967041,3573.161726913216,453510.532851123,0.11752045339106038,0.002381334411136866,-0.0007173997,0.003014505,-0.0006992526,0.00029935737,135.99917763157896,classical,-203.61938,3763.504,111.205956,948.39185,-51.536655,173.68428,39.48582,64.97092,-10.562026,130.28293,11.9137125,64.08245,-13.181607,97.08681,15.123319,107.80027,-7.2917004,72.42197,13.3770485,115.560165,-7.313064,67.21441,3.840409,109.56846,-3.7820063,87.82012,5.304,75.90838,4.108333,71.89166,6.6450543,49.190605,2.9929214,39.995598,3.5416892,52.94127,-3.361932,87.02623,-3.6787825,108.22276
classical.00082.wav,0.2827168,0.083123475,0.04296314,0.00021792551,1415.311188046843,118948.34269648108,1449.1088964498642,65644.73848907089,2489.984943401703,434226.1030168904,0.08737929022349071,0.0009718535706666675,-8.335644e-06,0.0017465397,-3.2513587e-06,6.166191e-05,117.45383522727273,classical,-264.05682,2923.8708,142.12021,1096.1339,-51.35426,347.5602,5.0189214,118.5859,-20.266205,127.87362,-17.137808,93.00064,-16.06992,92.86166,-20.311367,81.32805,-15.042228,105.743034,-9.738147,68.352684,-8.402028,68.667435,-11.775308,120.682106,-6.8804574,79.645996,-4.6050215,75.71646,-2.0530016,66.63556,-2.3747227,99.118706,0.9640727,59.2327,3.0177257,92.09551,1.3792967,128.4487,5.554171,93.38259
classical.00069.wav,0.23668899,0.08528986,0.029149206,0.00014854092,1349.5963387962488,41522.7115081874,1523.0865015769245,34764.982631479266,2443.718556501548,159662.4418580549,0.079280321812113,0.0004402575912009302,-0.00017248873,0.000947261,-0.00015836196,7.674682e-06,69.83741554054055,classical,-321.1795,1763.732,136.29668,284.5421,-28.299364,197.36754,31.01146,101.50264,0.5664155,54.276127,0.23202671,70.29281,0.6554856,54.013214,-1.3426684,46.790115,-0.057697017,47.894794,-0.42475158,61.43663,-6.180906,67.2658,-0.14451802,71.8515,-0.45611694,93.53035,-0.7306296,63.523632,7.474551,98.9086,10.973123,159.24666,7.8342543,185.5076,4.3253202,109.162224,2.9853895,106.972984,5.8490076,104.50368
classical.00055.wav,0.18647887,0.08224117,0.0130498,0.000112802,1079.9035739320498,146122.89927806362,1389.265570149217,180411.33891835436,1764.9809940680632,703858.6306866856,0.059341288941563465,0.0005206935844203465,0.00023890809,0.00027683386,5.4527114e-05,9.456131e-07,78.30255681818181,classical,-484.0267,4512.1055,144.12991,1622.844,1.3964741,479.06662,8.07553,134.12436,4.9339266,115.76775,-2.3170042,56.29309,-2.7469437,47.08614,-6.8448114,43.072937,-10.147137,58.51623,-8.0566,73.83563,-7.1516695,59.99362,-10.563925,66.259895,-7.787432,115.34524,-2.953303,123.26112,-0.26718092,73.53796,4.28538,151.7419,5.3024387,201.4854,0.19885646,169.3213,-4.530799,170.28589,-1.880283,278.17532
classical.00041.wav,0.26820537,0.08356475,0.021296714,0.0005893694,1329.2649559947508,109883.85344887442,1415.4533805033193,40855.09365413177,2462.0767788252224,366812.70406244555,0.07881698372194272,0.001148089930469571,-1.6144902e-05,0.0009749279,-4.358618e-06,9.747915e-06,123.046875,classical,-368.46594,5206.0435,124.26599,467.82126,-31.582449,426.52628,17.601763,178.83731,2.3229306,173.18787,-5.949597,84.46009,-11.807773,222.02588,-5.547481,124.816635,-5.407888,141.77663,-1.3051713,38.435993,-8.427182,59.472343,-3.613824,131.30212,2.2061696,207.69838,-0.045435477,110.48384,0.23757225,72.61265,2.5061414,62.57004,3.0928502,97.41014,4.838547,79.13476,6.2253423,73.300766,8.735003,100.21076
classical.00026.wav,0.24567784,0.084088296,0.038869526,0.001245394,1278.574558748878,67270.87635959104,1311.8194362471918,53528.23473880487,2233.2198293585525,334859.46640010487,0.08174818292859908,0.00043101738641499924,-4.9315768e-06,0.0021985548,-6.856973e-06,0.00013439555,161.4990234375,classical,-319.33237,9459.511,143.66473,680.3301,-31.164366,496.98877,10.908864,374.85242,-5.5538907,151.51352,-4.265031,125.633224,-8.95256,56.20448,-5.5834894,118.0922,-8.020538,89.296646,2.342613,99.72448,-4.4772716,125.13647,-0.319787,87.48806,0.97486126,78.967384,1.1464475,84.231255,-0.48819196,80.94159,-1.3061248,81.732285,0.13897365,115.44374,1.4960654,137.80263,3.7090788,142.12129,3.0729024,158.09465
classical.00032.wav,0.2831995,0.08525024,0.008043457,2.0940735e-05,792.835553815877,14996.144875327598,1205.092938566625,23983.846664579716,1207.3843657785894,102323.6443971011,0.03658178937693499,6.252243579411509e-05,-3.318588e-07,7.655799e-05,-1.4857595e-05,1.0018626e-06,103.359375,classical,-498.60873,1807.9862,177.52312,139.26988,11.209716,100.827385,27.63433,48.526485,-2.8418257,66.729454,5.090956,40.367306,-6.604385,65.752785,-1.0570545,37.370003,-4.144494,53.544315,-3.0533733,38.908134,-9.90994,43.26757,-8.573808,32.10367,-9.189356,32.180782,-11.935739,33.43075,-9.192497,29.647663,-10.894249,32.615177,-8.854792,40.302437,-3.9375076,44.050327,-2.3939705,41.602634,-2.2963572,47.94873
classical.00033.wav,0.30397427,0.08931993,0.012357474,0.00018665656,1128.3232351038548,124902.8069290524,1375.9555481090579,82398.32424151183,2165.7952370658377,635477.0921212471,0.05439309512867647,0.0006792252478628206,0.0005701942,0.00030766707,0.00010534819,4.873104e-06,95.703125,classical,-429.10315,7323.102,120.74545,1454.0824,-1.6823534,691.4195,17.948559,72.51781,7.7335896,161.40785,-2.0437233,68.67259,-3.9417446,115.935005,-2.536047,82.53792,-0.5834436,58.411694,-0.79653716,55.98559,-9.051198,82.21674,-3.689939,107.07738,-0.9829521,182.76547,-5.0013146,258.38846,-3.811294,165.48932,-2.4115164,90.191505,-1.8980622,89.22402,-0.3137712,63.55513,3.4164834,70.42359,3.1428828,84.7223
classical.00027.wav,0.2407341,0.08360141,0.028412972,0.00020751345,901.7856877463795,27417.45879217536,1171.7473217395366,26262.36425795398,1456.6161920411669,128640.38612866515,0.05344941224845201,0.00027843218510902,-2.3989305e-06,0.000924435,-1.24823455e-05,1.0080938e-05,135.99917763157896,classical,-366.25018,4063.6526,181.59938,146.51021,-5.5262704,323.06622,27.00837,88.89455,-4.8321323,121.07359,4.6107154,91.932724,-10.542602,50.62936,0.1676211,47.875874,-11.139511,94.64871,3.584806,50.3725,-10.332784,63.25958,-1.078434,88.864586,-4.597308,95.87951,-0.47885728,76.21156,0.83569163,71.22862,0.251696,49.958405,2.1313152,75.98824,0.6989121,53.614655,1.0251924,62.131668,-3.0680041,99.00573
classical.00019.wav,0.28404716,0.09078752,0.007990337,2.986646e-05,1184.5272815945475,182339.14458536555,1524.9012907885733,83513.73546453188,2289.252823868034,822169.2124360006,0.057591488486842105,0.0010783078908648345,-6.648239e-06,8.09448e-05,-1.0392012e-05,2.117865e-06,95.703125,classical,-475.86765,5816.4854,141.53087,1230.3512,-8.475216,471.92932,33.992065,66.19218,0.5255779,151.57675,6.034853,38.06675,0.027931426,90.64796,9.537156,212.50836,2.1625168,134.13576,7.0820994,128.33075,-8.048426,159.41211,-0.10827344,118.83521,0.7882736,171.62566,3.8774939,148.823,5.3098726,79.5431,4.664308,93.43355,6.8744106,83.31193,5.3992834,121.08168,1.0468253,103.190994,-6.4937115,123.12735
classical.00031.wav,0.30317977,0.08956615,0.026797185,0.0003422111,822.4267361319892,68134.83071701833,1135.925475390776,66729.10051784094,1434.199660924197,387451.13002177,0.03945743336397059,0.0002805104896770846,0.0004005811,0.0006033487,0.00032101528,0.0001574913,112.34714673913044,classical,-374.0075,5778.866,172.44232,539.139,6.402986,647.57635,20.150894,145.559,5.8518014,270.68732,1.590955,96.307976,-6.710564,74.2678,-1.1913426,76.233734,-0.29050222,90.6051,0.33312562,78.57041,-6.55182,70.51329,-7.3002505,61.38424,-7.3283706,72.866646,-10.215596,69.90724,-6.1451335,48.568897,-2.4330475,37.683487,-2.6743848,41.25323,-2.281908,45.30279,-1.1540518,69.7654,-3.8159146,88.6968
classical.00025.wav,0.29736656,0.08419312,0.06411321,0.0005191208,1184.0658218421815,54187.272707044984,1304.6126692322343,32143.934452960453,2139.1537314967104,202178.07323964313,0.068293993687113,0.00038508177452030543,-1.6890513e-06,0.0031842168,-1.6633723e-05,0.00035455203,129.19921875,classical,-221.28345,881.0754,173.33664,383.68073,-37.456543,80.96666,24.362452,36.537743,-8.687614,46.54948,3.3857913,51.540756,-12.841177,38.422245,1.0815359,44.21631,-15.328135,56.04054,0.4232373,66.58885,-9.623609,66.48654,2.292809,77.65435,-4.4855638,63.838585,0.3625777,52.17456,-1.4866271,41.32211,1.8132918,41.930977,0.22892378,35.47869,-0.9652813,48.149464,-0.48393935,49.63341,-6.263661,69.5963
classical.00024.wav,0.25333998,0.08419309,0.0666634,0.00055889285,1253.1322234388265,57988.90537787049,1371.33660933005,46837.791765663904,2293.0278010412635,277394.98990352807,0.07164771490421827,0.00031816921374422787,-3.734634e-06,0.0040193186,-1.6185717e-05,0.0002138101,151.99908088235293,classical,-223.17725,1955.9756,163.24623,322.4545,-34.416225,60.355614,24.187868,63.717342,-10.304307,84.54736,3.2287347,71.16464,-12.884593,57.919796,0.8050692,74.81605,-14.284255,63.91734,1.6726214,85.155945,-10.143485,62.92834,0.24415706,80.00801,-4.545105,68.16836,0.10906288,64.73798,-2.8684523,55.42938,1.3458036,40.2171,-0.3440429,42.877514,-1.0627357,69.96677,-1.094488,84.58302,-8.057165,101.93992
classical.00030.wav,0.27832785,0.08654441,0.029729722,0.00027417543,1243.7206209286574,129110.73436035331,1358.6088246693223,57748.59895136493,2353.2857700029026,488301.7407056139,0.06372448239164087,0.000858718566961078,0.00066386483,0.00095920684,0.00015394941,4.0236246e-05,117.45383522727273,classical,-315.67807,3937.6423,149.66843,506.83356,-30.594992,426.90854,23.221498,56.47707,-8.699831,230.8779,-10.104396,54.35017,-15.733575,86.932625,-4.047281,72.749275,-7.652163,97.01244,0.04623158,73.313805,-11.143897,53.371735,-7.67045,71.88106,-5.8706336,63.355965,-4.864973,58.955452,-5.1484585,54.983112,-5.414719,64.978386,-3.1673822,60.13759,1.4542385,55.546917,0.13058141,63.9196,-4.1758366,73.060616
classical.00018.wav,0.23910886,0.08464693,0.018668028,0.00032016495,1158.0012026973084,187848.91256813743,1320.9789237314521,148934.25628844497,2182.0034723901895,929370.1379178648,0.07066888484423374,0.0008249963265048804,-5.2014466e-06,0.0005495002,-1.21231715e-05,2.3133573e-05,161.4990234375,classical,-405.6831,4821.4204,145.69487,1867.2335,-0.8267259,454.0949,23.067648,203.0663,9.225309,89.26697,-2.6439388,71.54998,-5.750473,70.532745,-2.0919256,162.66853,-0.64706296,106.7341,6.759229,94.9387,2.8076077,128.55328,2.446449,146.05952,5.084673,108.616615,2.3814898,121.947624,1.8640759,130.50406,2.5028796,76.497314,1.527922,69.53462,-2.2602878,86.59481,-1.4472849,106.02689,2.6102087,163.69655
classical.00034.wav,0.27409896,0.09093537,0.038916074,0.00067298755,1369.6932279666041,173910.2969283092,1465.917051580696,50128.49673616032,2655.325610275977,546221.6043337357,0.07356796028444272,0.0014769172684225304,0.00016165398,0.0019290643,0.00010437322,3.9987925e-05,123.046875,classical,-309.24283,4601.513,138.64113,976.07605,-29.713259,309.01367,33.618786,90.53899,-0.37825716,153.79683,5.243738,65.9499,-6.3323126,76.7166,3.280733,81.64259,-6.714091,173.98273,-0.6922033,114.40222,-13.243885,91.430984,-8.528504,140.44229,-9.668247,122.65377,-4.2979574,206.05159,0.25033712,247.54842,1.0183246,140.44548,1.9202206,146.35948,3.7188308,133.86784,2.5588639,164.71477,-4.925927,252.75964
classical.00020.wav,0.26897264,0.084601134,0.0384091,0.00051545794,1218.4372978528554,106130.04149533785,1353.7509040158095,78919.71890528228,2295.311120567676,469206.49295845797,0.0698128809500774,0.0005192345700776195,-2.2052668e-06,0.0015233282,-1.0426288e-05,0.00011626674,143.5546875,classical,-300.9405,5363.2793,161.08626,910.0766,-24.240719,316.46683,27.966188,160.34476,-2.8622553,129.74936,2.3875616,72.57371,-11.273425,84.605225,0.22528104,85.960434,-6.841877,70.390076,6.094607,76.66487,-8.138311,114.96838,-1.8053259,127.60714,-4.110151,124.53484,-2.0455983,101.81129,-1.6021353,97.93154,0.6482637,90.89345,1.4507606,58.215786,-0.22119507,56.238594,-1.2912165,96.816345,-7.101759,92.76486
classical.00008.wav,0.25475976,0.084231995,0.034031406,0.00046020967,1516.6480402419818,80445.08009313028,1629.285125800053,36075.33778534946,2974.0070165864454,308374.0119172462,0.07878788336880804,0.0006541358420106344,-3.6428035e-05,0.001418815,-8.037299e-05,3.554662e-05,135.99917763157896,classical,-292.15292,4866.165,127.763664,252.97176,-29.909023,202.10863,37.442085,85.846825,-9.556902,112.44911,5.1130486,77.4557,-13.823929,84.50664,7.0317283,61.505444,-7.0326324,93.73541,6.4920025,97.15743,-9.904401,119.65373,4.713663,122.71124,0.3748315,164.89339,1.467897,148.5602,3.3925846,152.41534,6.0727816,143.27779,0.9615311,142.2176,-0.7544364,94.05938,-2.0979447,122.0438,0.7595848,104.26943
classical.00009.wav,0.2705048,0.08231709,0.023789303,0.00019997184,1216.426225125279,121114.85947030972,1582.7629083386116,72828.89729118311,2560.8928479646383,692189.4157002942,0.05627025686919505,0.0007707678969701283,-3.4424902e-05,0.00071365066,-7.018386e-05,7.17227e-06,234.90767045454547,classical,-356.14395,5142.4873,139.79286,595.18744,-6.286765,222.19296,43.188293,75.44393,-8.879337,120.97623,11.050314,63.848785,-8.39305,70.56974,4.4185205,55.522022,-8.283712,84.05181,8.682832,59.077988,-8.135776,59.240795,3.427108,62.919113,-1.4406309,80.94445,-0.4118335,75.800995,-1.7198923,81.93361,-0.29489493,79.44022,-0.6548904,80.782166,1.1565771,105.12062,-0.6220706,92.58734,-0.2581347,88.090645
classical.00021.wav,0.26681942,0.083620384,0.045445524,0.0015094477,1371.3696318927568,108142.86552287468,1440.9709987339681,78486.23989097687,2570.159458597378,533605.7641289387,0.07956679022349071,0.0005560486161614793,-4.890117e-06,0.0025889913,-1.03190805e-05,0.00022322426,135.99917763157896,classical,-278.22952,9442.352,147.87563,683.5929,-31.567955,192.29117,20.35228,131.5152,-9.5826435,108.33478,-6.244679,167.28496,-13.601204,111.85776,-0.6661553,118.652824,-7.274475,76.864334,1.01987,108.85367,-11.758481,84.81688,-0.96198493,74.01015,-2.2164092,141.4546,-0.5725285,81.011,1.8691946,99.07327,5.144384,63.793587,2.624588,54.81844,0.824502,58.212547,-1.6428111,81.25137,-0.10273474,117.68378
classical.00035.wav,0.3192511,0.090239346,0.040571712,0.0006403801,1016.4245653368047,264597.7722208402,1152.128872587364,106207.64067560581,1823.9389708905767,937909.5840882716,0.06115495900251548,0.0020332969789047767,0.0001131425,0.0012550332,0.00016410637,0.00036122013,151.99908088235293,classical,-319.78223,5657.287,165.98755,998.88525,-11.918571,1118.4991,27.240343,175.69559,7.8435597,215.97499,1.7273006,76.65503,-7.849843,105.62496,-2.412085,59.235493,-2.908876,84.31948,-2.5311303,69.100586,-11.365741,53.154068,-4.613611,107.30781,-4.4873595,81.44831,-7.4551673,58.351067,-5.5800185,62.98972,-1.8725945,54.672596,-1.2823329,66.9585,-1.4261754,50.415527,-0.48846757,68.74992,-4.1007814,64.38069
classical.00023.wav,0.26717928,0.088468544,0.017124044,4.500208e-05,983.7618406456089,47050.68900807135,1404.1321893997347,24536.72429772028,1852.522131385449,292780.0825204206,0.044227245791408666,0.0003461459952725566,-3.956662e-06,0.00031321848,-1.026153e-05,2.95772e-06,95.703125,classical,-406.96542,3314.4297,163.13947,219.94055,-2.4138153,413.54074,32.456657,85.76623,7.907838,95.80498,9.677141,59.95659,-5.4890423,75.562065,9.523497,36.973175,-3.1028214,37.18943,10.209687,50.87227,-10.38539,92.643654,-5.3867087,86.38818,-8.080065,87.10169,-2.0579,91.06114,0.3721493,65.51044,3.411156,71.56925,3.4882953,96.69696,7.39557,88.293755,6.4349704,109.972015,0.18093655,113.33588
classical.00037.wav,0.2842068,0.08743338,0.04150091,0.0009150549,1534.2936138496052,187414.21704554866,1465.094524854514,55421.95701444559,2838.866167098007,549805.2216193175,0.09395219076528638,0.0017376351031028617,0.00019262685,0.0018271174,8.199912e-05,0.0003634473,161.4990234375,classical,-275.37598,5743.029,125.30793,1018.4611,-41.05129,509.60507,24.607311,123.67865,-4.788928,239.10957,-4.2538486,93.10174,-15.021034,158.77829,-5.045092,82.72293,-5.0018377,110.438614,2.4730597,100.51715,-10.894701,53.02837,-8.017638,77.49485,-5.1663785,109.75211,-4.6154666,71.444565,0.7097462,103.35522,6.5204744,135.45474,5.9003935,103.03216,2.6877105,85.7513,-2.0309052,65.7073,-8.056195,106.190956
classical.00036.wav,0.23929831,0.08904976,0.016008371,0.00018966521,1281.8143785370296,302204.6871714981,1502.891671249433,133485.9309913248,2440.3352436266446,1542703.5242981731,0.059410449521091334,0.001158190310566403,-1.6883513e-06,0.0004206722,-1.1465206e-05,4.164414e-06,107.666015625,classical,-419.26315,3959.1448,127.44507,1453.7566,-3.7823563,310.05896,23.200216,160.47482,-4.3346996,250.27327,4.030428,123.09728,-8.209103,161.72932,-7.6188607,45.488445,-7.0756884,70.13083,-2.9239516,42.568542,-7.409898,59.050667,-5.437336,48.95501,-9.099495,51.40221,-10.619321,64.50705,-5.739374,68.58192,-0.39309853,89.555984,7.029701,136.5007,5.5932484,143.7329,-3.4755454,170.00104,-5.1741652,85.028625
classical.00022.wav,0.2762817,0.08639838,0.047890313,0.00088601845,1211.2151185706325,56486.94447937693,1367.1077107608928,55969.29204645745,2237.4698036595396,309287.07705540844,0.06844629813273993,0.0003944670555627668,1.6227149e-06,0.0025969713,-1.3240476e-05,0.00012338914,107.666015625,classical,-278.78244,9728.695,160.01924,463.74637,-28.398985,433.37704,23.062634,139.12317,-2.6952755,194.9215,3.0099838,59.26684,-11.293977,87.97346,-0.5086696,52.62687,-11.364047,87.27931,3.1734755,45.831703,-5.107196,95.83151,4.3391886,71.82342,-4.070891,64.28963,-0.15333009,72.41259,-1.6684713,63.81741,1.6420276,56.26785,1.0030911,39.32521,-0.7636376,39.55598,-3.8361166,61.233917,-3.5538943,117.04729
classical.00007.wav,0.27657983,0.08752624,0.040846772,0.00077194074,1358.9262602497984,130229.9602198551,1516.129630615498,48117.6340467163,2668.167199291312,516116.3212671146,0.07314694998065016,0.001149983385453876,-4.9051367e-05,0.0020922343,-0.000103976505,7.1231545e-05,215.33203125,classical,-286.86823,7847.754,135.91835,530.96326,-24.436617,524.28784,36.66117,142.71536,-6.2452145,155.06937,6.9629345,71.090965,-8.168272,105.815285,3.8440666,155.4552,-4.3983455,87.24806,6.4327855,104.64037,-4.1305766,82.3985,1.549041,93.0948,-4.3528376,68.89789,-3.0135415,67.28965,-0.005728329,64.25341,5.6492386,159.79726,3.429659,121.7079,2.8336725,69.389595,1.0971845,63.90059,-0.29091454,91.27258
classical.00013.wav,0.23204602,0.08332398,0.031721637,0.0006838036,1388.2456582676339,217657.35002603772,1456.5571823960333,88849.5796360487,2599.025950712316,756105.0827193689,0.08088953354779412,0.0010079317401393778,-3.0311878e-06,0.0013627266,-1.1704342e-05,7.5124524e-05,129.19921875,classical,-343.13556,9890.342,140.08688,1650.1028,-20.911034,411.09906,32.332195,128.3661,-3.6868103,153.28627,2.9435577,112.96701,-10.66953,86.887436,0.31910306,106.10747,-5.784346,151.1701,7.688079,170.84103,-3.677107,178.21535,2.553818,119.60715,-3.498068,107.98607,-2.2409534,88.44259,-0.8364203,111.26156,0.8789195,98.62982,0.47355595,67.36539,0.9455657,86.63155,1.8694177,180.3592,-0.6390268,156.21533
classical.00012.wav,0.23568682,0.08692571,0.03140695,0.00061514124,1179.989139644456,123488.04203152956,1332.0247704243034,62770.8496725356,2154.0036417013353,547364.68391238,0.06593875471652477,0.0007390888591057616,-4.473845e-06,0.0015027951,-8.097509e-06,1.0831347e-05,95.703125,classical,-362.71387,7765.503,143.93861,1298.8417,-18.981813,512.3447,30.657846,104.04983,1.0281466,116.07285,0.28484517,74.16309,-7.989743,88.82525,-3.8509774,55.594215,-8.94467,116.91381,3.2497702,96.50695,-4.4546375,201.00238,3.649625,256.0709,4.933547,221.59734,3.2838123,242.27963,6.360601,201.58006,6.0672398,130.72108,3.8507254,109.434135,-0.24739724,77.59483,1.1675683,107.01761,1.7840004,127.34902
classical.00006.wav,0.261451,0.08511877,0.03322204,0.00034861517,1372.8214993768154,70377.80045213638,1579.263977132792,30076.38415076752,2738.0917764669603,315856.807533201,0.07292321739551083,0.0007318056508754336,-3.7182726e-05,0.0013235082,-8.7332504e-05,1.9298106e-05,99.38401442307692,classical,-295.74353,3994.2314,134.53831,308.06595,-22.449306,160.33974,40.759247,85.60886,-5.87598,118.01916,9.276347,69.65728,-11.875942,85.56292,6.2949286,85.62404,-8.866929,57.087982,4.406289,76.68996,-9.378153,105.281456,4.06138,82.86907,1.6256827,93.99707,5.1374664,80.13204,5.4404244,100.656494,2.2810292,84.616936,-1.8154348,98.2809,-2.9235117,100.38756,0.13862066,87.819305,3.1956718,102.614296
classical.00038.wav,0.2945445,0.0881003,0.04430227,0.0010927224,1279.1711367505463,92257.30912940305,1338.7980926482364,49290.90931862653,2377.393957557324,355601.94797600544,0.07583589819562693,0.0007513601522400706,0.00013493776,0.002261316,7.396077e-05,0.00026251585,151.99908088235293,classical,-276.03903,6582.0503,146.35081,487.15714,-36.59162,376.76544,24.200794,257.88434,-2.5551608,165.25592,-2.1697464,88.89272,-13.303985,94.7548,-6.504971,79.475876,-9.398983,72.14877,-3.1274786,60.516327,-11.537067,66.8428,-4.1871166,62.9249,-1.6895956,108.328606,-1.5234597,69.72903,-3.192893,72.03281,-1.764735,50.97397,-2.24864,59.082012,-3.538693,51.393707,-2.9891887,89.33021,-3.294925,97.62612
classical.00010.wav,0.24500223,0.08506274,0.029503612,0.000409551,1497.0762956940557,81723.5865361282,1570.274127936252,45123.5201211472,2868.049323964783,345262.8689171544,0.08621640987809598,0.0008472227180920166,-4.6573063e-05,0.0010972585,-7.757356e-05,3.632491e-05,103.359375,classical,-315.04453,6212.707,128.73926,259.11484,-28.93491,515.09863,30.839514,119.84148,-8.996638,146.32034,7.9901075,137.14497,-9.846989,92.22333,1.4414119,134.37315,-8.973623,119.641106,6.049842,94.448425,-3.320935,163.478,7.609508,158.33975,3.7989612,144.2835,2.9383373,96.38678,1.8396777,110.30421,5.2037983,113.17976,1.0788432,99.51013,0.14129534,63.102226,-4.532043,98.55823,-2.3126302,99.59566
classical.00004.wav,0.22157979,0.08498789,0.04228822,0.00020938335,1705.7324266471364,68155.81026679919,1646.2565077961135,25890.340900209325,3176.230793766931,332608.45056780125,0.1128666644494969,0.000835189798831469,-5.9179223e-05,0.0018360652,-0.0001019897,2.7694858e-05,161.4990234375,classical,-259.96228,561.58386,118.93238,220.51277,-35.606533,142.6569,31.990017,63.692036,-16.535492,75.797745,10.620698,58.544613,-15.65591,56.440548,7.4423375,108.63606,-5.810465,96.4141,8.268948,96.83394,-18.018595,183.59541,-1.1994923,161.1597,-6.346673,104.32087,2.7660382,143.84232,-2.5898237,83.51397,4.387975,82.94172,-4.136651,69.373886,-4.7818193,131.8008,-4.776668,115.47844,-4.6100764,217.25298
classical.00005.wav,0.26855293,0.082533844,0.04325064,0.00058466406,1431.5423062932693,73848.70594817886,1558.4876922187407,39118.45803313537,2836.7578465133997,304670.582816751,0.07523877406636997,0.000617238531159153,-2.7033911e-05,0.0019213172,-9.722453e-05,0.00010771414,143.5546875,classical,-264.2774,7373.2153,138.15092,320.25787,-30.101551,147.80096,37.82423,178.13269,-7.180178,95.452576,6.7829356,108.278625,-11.8189,73.74109,4.712041,81.659676,-9.843634,62.770367,5.8637476,93.59232,-9.573777,55.31459,2.6703959,85.82395,-4.796442,72.21223,-1.403382,80.52576,-2.0961945,86.933624,2.9775221,77.70708,3.3557782,86.33068,4.811315,78.6388,1.7625698,73.05361,-1.8270731,89.748146
classical.00011.wav,0.24491912,0.08411618,0.02149812,7.7955185e-05,949.3765619854879,79541.93418971174,1112.0248096618204,61972.734066002115,1695.8730786208398,413637.4828441155,0.06072601223877709,0.0003937663866209878,-4.1352328e-06,0.000497324,-9.916287e-06,5.7242974e-06,151.99908088235293,classical,-385.26587,1534.4835,177.27786,664.9501,-9.337663,184.68602,24.373219,142.88426,5.805441,64.32514,-4.5630627,76.251144,-6.356949,51.3294,-6.9578943,50.95857,-4.127428,56.109116,3.8580673,97.101074,-0.3582021,110.08954,-0.94612193,51.257275,-3.6705594,93.33962,-2.0986047,77.51227,3.6447043,63.70561,0.73262924,44.560898,-1.2266603,58.363506,-0.74592495,57.24667,2.78605,111.270706,1.5408988,69.35778
classical.00039.wav,0.2708875,0.09522963,0.012813881,0.00021929735,1633.4096731773413,176143.6830206087,1734.7827973318526,80899.10648437838,3161.49754952351,880218.0017965918,0.10895928066950464,0.0023704843749003993,0.00016238591,0.00027470267,3.7864385e-05,3.2570915e-05,161.4990234375,classical,-409.53445,7022.3306,116.80006,643.6392,-16.164232,357.35263,11.717685,126.21142,0.7060147,270.86276,6.006949,114.27593,-4.2744565,176.11433,0.49547678,90.028275,0.43389037,159.25708,12.597706,174.54341,-1.1140985,100.97645,-1.1403234,140.2188,4.957852,158.773,1.759506,138.90744,-3.908855,53.644054,3.505475,55.60109,2.7971115,50.473774,3.102605,105.080376,0.66038114,244.30098,-0.23965213,172.77863
classical.00015.wav,0.21659924,0.084103,0.011429043,8.844241e-05,1371.6170328582264,111483.39054708136,1562.0159889035801,63345.558669490965,2619.859158070095,613996.6030123014,0.07575237640286378,0.0006374316987292136,-5.997005e-06,0.00020910506,-8.356733e-06,1.0877645e-06,83.35433467741936,classical,-449.51437,4777.649,124.973625,1119.9867,-19.919233,190.96254,27.45221,207.45573,-5.7755938,97.684784,2.2272975,33.77298,-6.5527916,79.14666,10.601105,138.17477,3.3547378,269.13895,14.393793,217.9689,1.9887378,317.8096,5.250284,201.57251,4.4267945,143.53526,5.0727916,187.19586,7.1730843,129.56136,6.192042,163.30394,7.1587806,138.9889,3.852237,223.77559,2.6193507,291.51834,4.9503307,268.91507
classical.00001.wav,0.21504712,0.085010335,0.030614555,0.0001611588,1360.5964481029573,61788.40936279132,1441.3899483512648,32470.4865182752,2387.9772268950755,369777.4704294862,0.0877715781008127,0.000629877195355397,-5.1206847e-05,0.0010471942,-9.031843e-05,8.327803e-06,112.34714673913044,classical,-324.09195,979.5033,133.59413,334.00348,-25.021385,186.78084,24.567686,151.56288,-11.939837,130.14314,17.660225,139.43428,-5.5225825,122.77022,1.7202383,82.27498,-10.571336,76.736855,-0.85086757,82.21469,-7.797244,98.34321,3.5256083,117.717514,5.0467987,192.98653,1.3635532,156.44345,3.0031667,163.51984,-3.120319,158.71178,-4.2890625,75.740036,0.5890151,134.71103,2.868589,153.6273,0.36918107,123.817505
classical.00029.wav,0.24696632,0.08257691,0.041575287,0.0012190709,1558.8985316524074,183685.7679797574,1578.5925974538202,69087.12514819334,2922.2156630950076,661844.2647012458,0.09221523981714397,0.001140986527832285,-1.2446657e-06,0.0022754404,-1.0480573e-05,0.00016800831,135.99917763157896,classical,-297.24658,12936.006,130.27441,1557.8914,-30.58998,331.5151,27.486969,83.46187,-7.054992,185.52498,1.9900564,127.36039,-11.125771,107.92965,4.752086,70.31409,-8.771535,146.33304,5.415232,107.007,-5.375333,242.36261,4.4642715,161.99443,1.7346498,184.46686,1.8842244,160.48091,-1.3122158,145.47195,1.0872452,102.590996,-0.9889347,112.58079,-1.466127,65.47944,0.6302653,88.49618,1.154471,183.2651
classical.00028.wav,0.2629238,0.08412424,0.06258049,0.0006543754,1313.7853629984972,142376.20498298097,1371.0449454528086,91855.5051720136,2397.4188364696206,579776.8088722687,0.08109777113970588,0.0006954854378346818,-3.0778408e-06,0.003634246,-1.2179844e-05,0.00021429693,161.4990234375,classical,-228.95734,3138.3823,153.97128,900.35004,-30.685274,304.51178,20.8126,130.7409,-6.08023,147.93526,1.1724141,78.19271,-10.7886915,109.24273,-3.8824687,102.485466,-11.589583,62.088634,0.88214755,79.56434,-8.279238,97.8656,-0.7267747,63.30344,-3.1044507,104.51087,-3.4343467,90.77007,-2.6240342,56.064266,0.7225611,64.95205,-1.9660418,58.512733,-2.5158808,61.46043,1.571606,76.41531,-1.4897674,83.554855
classical.00000.wav,0.2523795,0.08415365,0.03624397,0.00022102451,1505.377699718987,44434.02016638602,1559.0859496035305,43687.84950274314,2717.316902089783,298946.8440521796,0.09824505974264706,0.00043088644932927686,-4.6751164e-05,0.0012298498,-0.00012118883,6.181122e-05,95.703125,classical,-268.18002,1791.4954,135.68788,188.97102,-34.07107,231.28568,25.634863,169.08214,-12.970324,71.25969,17.894695,74.50739,-9.997608,114.91134,5.629224,65.873085,-14.146461,75.46017,7.497626,177.3681,-3.9705248,106.724434,8.258684,80.16047,-1.352737,154.39728,-0.37739912,188.0535,1.0275255,171.76555,3.8083541,86.02732,-0.30203095,100.54899,1.7795614,95.51311,0.8909794,97.16552,-0.8330716,121.00758
classical.00014.wav,0.23408203,0.083637305,0.03160188,0.0005950587,1279.5500532331541,98444.54119161738,1370.4138585933856,48807.348119172435,2389.4272181271767,385960.2874961106,0.0684731309258901,0.0004997845543772437,-4.364632e-06,0.0013143832,-1.0591194e-05,6.503149e-05,143.5546875,classical,-324.6391,5530.647,147.82701,691.4914,-31.937817,279.6503,27.408855,72.80427,-4.508828,146.70636,-4.165105,90.71859,-12.588299,89.863556,-5.1182966,69.86752,-7.741826,66.75693,0.8432942,77.66396,-8.195583,65.21104,-0.822447,99.450806,1.0045,150.1639,3.6744754,113.08383,6.201358,94.3319,4.7141476,88.70649,-0.04455297,86.99946,-2.3374503,100.19389,2.2290113,100.92087,-0.55090624,123.58577
classical.00002.wav,0.27784783,0.08374351,0.043840673,0.00019169279,1490.0147947114058,38966.969361395284,1599.8034153175129,31208.91882178205,2784.9498264560757,274840.74558561994,0.09004972003192724,0.00039530374400186907,-1.8367993e-05,0.001640166,-0.000130278,9.120881e-05,99.38401442307692,classical,-235.30643,854.9337,141.13675,197.71031,-34.679047,151.60144,30.99717,135.26427,-16.400242,50.8553,23.120686,81.8072,-11.043703,79.26558,7.6586432,59.23326,-19.017239,50.794365,4.236546,77.72834,-11.835344,60.068577,8.918065,67.50785,-1.442469,99.59268,4.288449,81.33653,1.4757489,95.11138,3.1938703,84.83797,-1.314238,77.07162,2.9318147,74.02579,-1.6683867,59.243156,-2.8998587,53.042133
classical.00016.wav,0.21924287,0.08495464,0.008008791,1.7770866e-05,1054.4585145386827,88027.82237197355,1455.4498536124795,49291.81101657516,1947.2048921850812,550403.0388339026,0.04766448880127709,0.0004210278995574411,-5.51722e-06,7.57741e-05,-1.16796555e-05,8.347456e-07,99.38401442307692,classical,-482.67636,4783.393,154.86113,250.63972,-5.025982,243.70782,29.737667,48.168488,-1.8687441,156.328,8.223097,39.240055,-4.7659545,77.12672,9.646516,60.57518,-3.3353903,116.19188,4.5322237,79.27186,-10.103474,129.93057,-0.66671306,73.27052,-2.4448438,72.80579,-0.16459103,78.04919,1.8707215,51.574738,3.4802008,60.96623,3.3868608,57.159176,1.1131743,72.43597,1.2773035,134.34962,-0.67213565,111.42156
classical.00017.wav,0.25641188,0.086092524,0.03737135,0.0010315934,1358.907091659773,81147.24300355403,1417.545883557415,80883.99992941273,2418.1770442809116,488141.31563186774,0.08111553369291796,0.0002833757860569211,-4.1202557e-06,0.0017723687,-1.1846824e-05,0.0001514872,89.10290948275862,classical,-311.51123,10702.774,148.66138,810.0717,-33.509113,225.29501,10.361734,449.18372,-12.907805,134.56467,1.2325779,127.013596,-12.908661,99.67074,0.804573,53.6903,-9.738699,80.12301,2.0689795,111.83463,-5.106063,146.30202,6.7442927,134.31387,4.615777,191.29572,3.765486,117.11154,1.271204,70.11896,1.2486949,89.20592,-0.08448598,100.46527,1.4975206,77.35429,0.3797707,116.84455,-2.9951375,138.90166
classical.00003.wav,0.2342336,0.08345633,0.029436052,0.00035664957,1526.5606707346662,91418.67421597392,1499.5337307080847,60232.140634734424,2915.6907025505516,499723.92499898036,0.10895172213622291,0.0011611599490677943,-3.545072e-05,0.0011642353,-0.00011739043,1.0126183e-05,71.77734375,classical,-326.89987,3199.8215,127.39418,309.96542,-30.584469,462.5974,37.475746,127.45162,-5.291166,131.1071,20.806988,116.74177,-1.7857137,72.69437,-4.6031647,100.23483,-4.048745,93.018456,5.2380347,73.80948,-0.6428718,125.61073,2.8008628,173.1837,7.245895,151.03796,3.9837852,113.01639,-2.390974,155.05629,1.4819996,125.20211,0.5834609,111.4462,-0.60632175,151.59587,2.334065,133.92981,2.65221,210.3175
classical.00058.wav,0.26571426,0.087767944,0.029987613,0.00012363547,1137.9529528789533,33690.98206044201,1480.5844174307704,63519.25584771056,1821.2139873681792,220389.23820646436,0.08186836360777863,0.0006907501497756259,-0.0008459171,0.0009635005,-0.0003513389,7.1732566e-06,143.5546875,classical,-349.95245,1758.5784,161.85112,336.29468,-3.3711889,269.42267,14.167044,75.847244,5.733972,56.319443,3.5160558,57.14502,2.9774911,56.931816,-7.090642,72.928444,-7.917532,95.77775,-0.36460108,164.61621,2.8495579,102.753716,-2.4810455,97.278984,-6.7919483,142.65843,-8.835341,83.434586,-6.662253,93.25093,-4.9016824,84.365425,0.09311981,93.810905,4.2603326,142.74255,5.096892,80.55534,2.6105816,137.24043
classical.00064.wav,0.19892912,0.08209336,0.012561125,0.0001923188,1118.5116673005261,94949.56017549876,1945.0334998903515,321728.24003604555,1876.2136547927148,1860144.557394348,0.04229906395123839,0.00015406668958033303,-0.0009636701,0.00030833832,-0.00015631881,1.297257e-05,89.10290948275862,classical,-498.68024,4588.692,145.66776,904.57294,46.47074,818.2442,15.253132,232.39005,3.067774,93.3551,-0.8257451,86.19522,-5.210668,81.34493,-6.1987047,62.61912,-3.8057756,74.41804,0.08864204,105.38661,2.7183187,87.04535,2.2182074,58.536606,0.24392757,75.31878,-0.45965162,59.594513,-0.87284726,44.404415,0.58734024,39.49076,3.2759447,54.602894,2.2999613,46.101,-2.5685794,38.034843,-4.8113203,49.480747
classical.00070.wav,0.24424577,0.087922305,0.031904,0.0006867854,1355.9997806964761,88812.3746506135,1615.8946768160683,73853.77131174869,2522.8430780463914,375651.7871646699,0.07085595854295666,0.0005649799720325683,-0.00018331117,0.0015603165,-0.00019094346,2.9347279e-05,161.4990234375,classical,-321.19263,7183.3716,134.53426,573.82855,-18.23528,342.57654,22.17988,84.6464,0.42954087,83.08907,-3.805615,53.930294,0.4953531,49.096745,-1.1447424,54.47742,-1.9025488,75.4642,-0.105402045,81.96987,-2.7555182,66.41086,0.59320694,105.75281,2.4970193,79.010185,0.30708158,61.142017,1.6812915,63.22431,2.8881426,61.81063,2.0844862,71.91346,1.1636723,50.01991,-2.393689,46.815536,-3.407903,98.39261
classical.00071.wav,0.20815393,0.0826434,0.05169907,0.0015914955,1396.7861186062223,73070.04776865324,1574.0882214689257,49718.74793457581,2615.034187246033,272656.1283947513,0.07585706208881579,0.0005555695303103736,-0.0001101951,0.0039915442,-0.00012182847,4.8015812e-05,143.5546875,classical,-269.69882,4964.147,136.47507,407.80124,-25.00176,223.84926,26.395002,80.477974,0.6870048,70.24337,-5.381706,30.033585,-1.1201948,51.5614,-1.5102575,101.44607,-0.16106214,92.22066,-3.7851603,64.46443,-9.28722,81.62598,-3.1484404,94.440285,1.6416065,95.85923,0.67547303,119.385086,1.8981233,116.96188,2.231688,95.73349,-2.1227548,86.59681,-3.6631796,60.105843,-1.0772649,88.389244,3.5317945,165.11401
classical.00065.wav,0.20719388,0.085019566,0.029191138,0.0005032646,828.8254940016728,14798.03119313091,1326.0473265268788,111754.28606674047,1013.5772043706463,75545.22998500812,0.047511806428986066,0.00021502725432722572,-0.0016751022,0.001201692,-0.00013038429,3.978186e-05,123.046875,classical,-421.71588,4849.0366,172.79298,628.47205,28.108295,1034.262,-2.5769753,176.24786,-3.565678,117.02079,-4.865174,93.73134,-8.889885,107.31988,-10.696762,119.442894,-7.6852007,104.739235,-7.9576306,100.201416,-7.334867,127.03205,-2.7171748,182.89497,-0.917533,164.88147,-4.206839,84.236626,-8.415388,59.369015,-8.393857,58.602257,-4.1280904,64.79211,-0.41836652,54.700356,0.08662471,79.33374,-0.2605472,134.58788
classical.00059.wav,0.28258342,0.08271977,0.069151305,0.0012855541,1551.8652270368914,123000.1858399987,1651.7061355226538,69228.17639346965,2841.9578150699012,437691.73631267634,0.09329951141640867,0.0009086929718521578,-0.0006505304,0.004202739,-0.00059372786,0.00049322785,117.45383522727273,classical,-197.15273,5626.3696,137.3531,606.44446,-34.188927,416.5272,25.362162,86.09009,-5.266597,46.016018,-2.777788,43.100983,-9.506929,36.27943,-7.6099873,39.50286,-7.6446853,48.53881,-5.6678395,42.23937,-4.3867764,52.361988,-5.4302173,50.667137,-3.5417912,47.871784,-5.6679225,34.612354,-1.8943717,37.28686,-2.8863933,34.08622,-3.475987,34.887222,-4.022116,48.390026,-7.3003592,57.334023,-4.2040553,108.21689
classical.00073.wav,0.2163273,0.08447157,0.043812327,0.0005668757,1211.3527919075634,104943.32630463551,1337.8952917810352,91949.82314556667,2104.7456062246033,446019.0994924089,0.07093910240905572,0.0004923731769359239,-0.00013274836,0.0021841621,-0.000102281454,5.911077e-05,129.19921875,classical,-306.78555,5703.6123,152.90353,672.4876,-27.586826,348.31934,16.319193,231.13365,-3.155099,176.37517,-8.931759,104.5333,-5.4318347,74.676895,-9.781289,86.77762,-7.1121745,74.277275,0.2934659,63.57329,0.8718292,143.83507,5.4160614,198.90471,8.195814,174.22318,4.202757,130.599,2.0560663,84.090034,3.0276268,83.066536,-0.39087495,68.21474,-2.8138077,66.450745,-2.9029148,102.209724,1.3315637,153.14526
classical.00067.wav,0.26750588,0.09007954,0.031677265,0.0013314376,1117.9494607534973,456604.2506440263,1702.2297462979504,577613.2451237254,1993.387946255805,4185568.984054254,0.046355350836880804,0.00027309476553409395,-0.0010513457,0.001971275,-0.0002401233,8.276688e-05,143.5546875,classical,-413.57153,11536.833,143.4208,2289.7373,31.354317,1394.5922,14.031839,183.0535,1.528158,167.11578,-2.2939951,95.135796,-6.4803357,108.29997,-8.104997,117.18682,-5.9279113,73.74732,-4.468454,74.10534,-2.7899306,62.917015,-0.81487507,52.01268,-1.2128333,71.72131,-2.3862696,100.60917,-3.8151693,81.683556,-3.5195014,44.555794,-2.7149518,31.752714,-2.386343,45.69282,0.621123,59.77935,2.6633341,65.311806
classical.00098.wav,0.28997293,0.088781215,0.029099641,0.0003319593,1953.012399218461,166052.39564749217,1865.8515442966848,22525.658311313302,3780.5438062354874,447106.2683583353,0.1234924505369582,0.0022108682384566745,-0.0007300502,0.0009963876,-0.00038850104,4.1128184e-05,184.5703125,classical,-287.521,4978.1475,101.73793,304.9912,-35.369,212.75769,41.282764,56.056095,-12.745122,128.15903,17.284992,53.4817,-13.978298,100.46685,16.311886,62.27668,-5.599028,75.245346,13.664283,83.82726,-8.790592,150.45963,-0.05710604,71.32221,-13.769377,128.3364,6.4802904,68.94967,6.7078853,129.94757,6.9852624,59.88667,7.031875,83.65748,8.390631,71.209694,-5.610771,61.388752,1.377122,124.087654
classical.00099.wav,0.33388892,0.07868727,0.010497971,4.2828174e-06,1524.8987119782064,46745.48226018165,1868.928795561535,21502.417270262093,3325.1048935456174,346898.33267991,0.08068318558920279,0.0004058783080735099,-0.00061593077,9.21516e-05,-0.00047008618,3.6948882e-06,95.703125,classical,-378.73932,490.2618,126.49873,156.80086,-18.81513,35.574627,42.87581,34.342068,-14.305189,56.96587,25.34269,37.40683,-14.64103,31.418753,18.704288,39.429657,-10.188718,77.68007,21.10809,63.35282,4.4370375,36.403946,18.225647,65.96274,-10.274281,53.42321,8.953815,69.762924,1.2109159,96.1104,6.2801147,89.44857,2.5284433,90.82164,4.3861523,56.95451,1.705409,74.88054,9.987649,108.03212
classical.00066.wav,0.18708831,0.081617475,0.03171597,0.00054258044,795.1394730921776,34733.73150150902,1296.1593175882567,123895.70295677189,1007.5022411051181,247891.01560648796,0.04503222958591331,9.359442526931557e-05,-0.0018150844,0.0013460814,-0.00013342209,4.391743e-05,135.99917763157896,classical,-429.35043,4223.4688,175.13577,895.7769,31.91132,765.28186,4.282115,149.26016,1.0457515,94.62694,-5.7668777,67.22123,-9.477816,66.22715,-11.283073,78.163605,-10.581981,63.759613,-8.664747,72.8329,-6.33389,106.79979,-1.6819392,121.11489,0.81892663,136.86017,-0.18230256,100.011055,0.035870627,121.07366,0.20540485,126.506775,-1.8460841,79.09105,-4.415224,70.82691,-4.9679823,73.56312,-4.601114,88.99037
classical.00072.wav,0.27944192,0.08561984,0.020721398,0.00020151676,1285.1523138296154,128676.64484323053,1660.0260788422988,72009.51796959789,2477.143354386368,462811.180857402,0.06374980347813468,0.0008180906180240629,-0.00012538877,0.00055638753,-0.00010973068,1.18335365e-05,117.45383522727273,classical,-360.83704,6765.9614,138.98073,840.6511,-12.931409,200.94482,33.80207,82.85181,7.5938,57.21514,-1.7090735,35.344753,1.0358477,37.59632,4.07697,33.419067,3.9310114,54.513195,0.9335503,98.46227,0.5041116,175.77551,4.682116,166.27852,3.340199,76.89889,-2.2543888,63.183678,-1.8542651,74.50464,2.2155046,51.065712,1.7880185,63.901184,-1.5159181,55.36116,-3.251121,76.71847,3.9964302,101.76704
classical.00076.wav,0.26045907,0.08405522,0.05884206,0.0014094115,1340.3686109090386,71559.98208047736,1539.119153209508,49803.311847201425,2522.134748996227,259195.54673939047,0.07171347414376934,0.0005132699702846836,-5.1999607e-05,0.004134611,-0.000104453735,0.0001490732,172.265625,classical,-238.59631,5468.7026,149.78308,564.0579,-28.872139,175.55026,28.239666,78.975365,-0.80140465,64.50697,-3.9247715,29.746687,-2.135668,32.924644,-4.334019,29.281065,-4.1872807,32.86356,-3.438998,34.518963,-5.771543,53.9855,-0.12075097,84.16758,2.5199797,98.62433,0.68883616,71.03162,0.07483964,71.73853,1.7069905,42.941807,0.6496945,40.10645,1.4659426,61.300903,-1.8280259,71.68208,-6.239791,83.029335
classical.00062.wav,0.32029325,0.08885788,0.0389268,0.0013088721,1474.8137600109778,446310.1458742663,1813.3646552075554,265192.2028550394,2809.8330093242066,2678357.8360752515,0.07404603751451239,0.0012352683138491536,-0.0005944152,0.0016207347,-0.00054255646,0.00040892497,89.10290948275862,classical,-305.4226,19533.354,135.9234,1055.3804,-11.752712,461.03714,18.215021,108.26809,10.38905,148.18109,3.0129588,61.582176,-5.5959153,87.148,0.1417254,43.662273,-1.3495618,53.42103,-1.8677533,33.58639,-3.2052636,50.009846,-6.742522,45.216396,-2.6944177,59.99344,-5.5971813,29.596823,-4.52364,30.973177,-4.7845087,37.064484,-5.3687053,56.030033,-2.6217139,43.449417,-5.8361917,43.182518,-6.929955,47.64602
classical.00089.wav,0.21732555,0.087880865,0.03511974,0.00022240172,2423.399228299946,118956.2882461406,1884.7467025103756,20029.26629325049,4296.815684410071,374753.80580242135,0.16668644482875386,0.0011247563354294578,-0.00078869157,0.0012663422,-0.00032879223,4.539346e-05,99.38401442307692,classical,-301.92847,2619.3757,57.542442,819.7811,-59.13327,253.68788,33.542343,82.10301,-20.91211,72.28712,17.741282,85.08117,-0.6430504,194.60187,49.023754,385.28766,19.13011,237.26169,27.098505,353.88858,-17.633902,590.56946,-0.2625496,250.04373,-3.7518342,289.5667,18.160437,329.9948,9.950029,124.17008,11.609913,52.277477,11.278923,49.5876,15.386705,160.14641,-7.4021525,129.48149,-5.847584,239.67725
classical.00088.wav,0.29419056,0.084685154,0.028229875,0.00023154066,1302.9045959121115,64383.849555113404,1455.72172901185,49176.19325386427,2347.3024728497485,298620.9804930962,0.07053623258513932,0.0003953926229318331,-2.5233708e-06,0.0007172903,-3.7789746e-06,8.4631356e-05,103.359375,classical,-299.7918,4947.733,157.32382,331.75192,-37.35202,195.30608,15.766813,85.48261,-5.7569356,84.71599,-4.4540663,56.02349,-6.8151817,39.134075,-10.736592,40.99635,-9.884848,47.815384,-8.157444,57.24659,-5.422234,42.320786,-7.8400235,51.688046,-2.7306187,43.117775,-1.1097304,54.776352,1.6480833,64.573044,3.6400816,58.935444,3.083553,73.30126,0.10869988,70.14648,-0.796485,49.047955,-2.7367735,47.66483
classical.00063.wav,0.2267466,0.08592561,0.020152481,0.00018123687,690.354003458877,7957.772931491547,1358.3864436297902,77981.64227208118,749.5288010352167,14807.539254463805,0.036054203753869966,4.399607313157024e-05,-0.0015685618,0.00053504057,-0.00022470829,9.437264e-06,95.703125,classical,-465.86432,1486.0371,180.20541,434.6608,56.636234,322.56845,11.02556,137.49492,5.8447804,48.937176,0.7319184,48.353382,-3.974208,43.972027,-5.888048,43.32505,-8.464273,42.83955,-9.792967,41.538174,-7.6927004,49.665276,-3.2534184,45.229576,-1.8652483,50.97398,-4.019154,62.89944,-4.1090255,74.29444,-2.469733,83.59197,-2.3577726,65.36513,-2.9964194,56.031334,-3.223165,59.661686,-1.7109013,36.39597
classical.00077.wav,0.21903363,0.08455374,0.016752148,0.00031444375,811.9966754623425,50399.09342230116,1009.4095310881751,74436.57395858954,1236.3091908741292,263469.33616430545,0.04834475679663313,0.0002541968086546505,-2.177757e-05,0.0004991158,-3.5298563e-05,1.3485788e-05,161.4990234375,classical,-477.97784,8595.817,155.31071,1507.6683,12.760654,801.0038,5.525207,229.94444,2.377073,96.00941,-10.652259,118.02137,-16.648241,82.82526,-12.547405,105.598274,-11.190111,172.66838,-9.378248,131.95595,-3.21803,66.12176,-2.767349,119.8088,-6.4684463,90.35783,-8.300396,67.68258,-7.093545,69.68856,-7.4725733,62.383343,-5.3243647,98.55278,1.2635611,127.600945,1.8797898,71.294266,-1.6579897,83.28969
classical.00061.wav,0.28175208,0.08339431,0.048178677,0.0009116418,1322.6998486991345,210644.98662354145,1591.2842180370199,209409.3733501283,2474.968367538216,1306791.744025986,0.07612614587364551,0.0007733541501853961,-0.00059089105,0.002468719,-0.0005667535,0.00020854079,151.99908088235293,classical,-274.38638,7366.5435,148.3534,689.7775,-20.334356,620.0024,21.812437,93.55432,7.930837,190.05905,3.7759368,102.230774,-2.2328162,52.437645,-6.1013494,69.806015,-5.629294,49.209965,-6.6894984,54.426968,-5.906605,74.278336,-4.5950003,87.91852,-1.5465237,84.51864,-3.0266492,112.19035,-4.695847,125.9232,-7.7213106,84.98231,-7.2142706,103.236176,-5.4065905,82.488716,-5.2479424,92.34143,-5.273998,87.53032
classical.00075.wav,0.21740316,0.085821,0.016478458,9.978566e-05,1171.8444805151357,81055.60469346691,1467.2055609007757,38407.77585789397,2235.9864792956655,322859.90207554685,0.0608847414376935,0.0006649315903955993,-8.7469765e-05,0.00035455296,-5.4077333e-05,2.0774569e-06,117.45383522727273,classical,-412.95926,3769.2454,138.51984,799.7361,-19.262383,267.38516,34.146683,73.62607,8.975063,81.45016,-4.2944713,36.02952,4.1525836,56.30143,0.88195026,57.839542,3.0793786,50.01325,0.12249623,72.25042,-4.057185,125.61653,3.7797232,123.16714,5.917003,159.65674,3.4958465,202.2211,6.631978,182.39093,6.7447453,113.94463,2.4679756,158.54344,-1.8811083,200.62103,-0.058646046,124.18515,2.730016,129.36003
classical.00049.wav,0.3116152,0.08137177,0.12373418,0.004035569,2224.8938399288413,338093.40011982876,2274.325029414401,102199.24825350198,4467.456319236165,1624585.3673719068,0.10944642813951239,0.001174314721849899,-0.0006161661,0.0138933305,-0.0009978296,0.0013323721,103.359375,classical,-98.35358,3453.064,98.35551,562.1023,-20.49053,123.734886,18.820034,123.80051,-2.095781,49.27047,2.665037,30.373888,-7.3115172,37.896957,-3.5901136,28.500353,-7.989525,34.015564,-1.9183743,44.890232,-4.7319975,60.436325,0.62377596,36.614326,-2.5930846,39.630558,-1.4701574,57.456173,-3.169344,38.731396,0.6580324,34.419056,-4.818465,39.281933,-2.221544,32.48533,-3.8104963,44.22966,0.23409155,52.59711
classical.00048.wav,0.29686394,0.08195218,0.16088608,0.0031772677,1516.0858565701667,549747.4143687299,1642.8335042267165,266936.5064404058,2771.5582407664956,2502335.8931067917,0.087271581124226,0.0018368526399241282,-0.00034628535,0.022260541,-0.0010652174,0.0014275438,172.265625,classical,-123.763306,8780.763,148.43001,2509.789,-21.551395,421.646,17.444748,222.78592,-1.4088042,116.4256,4.1782947,112.424805,-6.9904447,44.095074,-5.1033363,61.279255,-5.7957006,76.12618,5.0631213,55.71185,-6.247765,39.15109,-1.9818286,50.689713,-0.96844083,53.83548,-2.4530776,58.930267,-4.3262076,51.41856,-0.87545633,58.075077,-4.7048717,45.755936,-2.2297258,53.608227,-5.1409345,55.28927,-3.2070837,84.4275
classical.00074.wav,0.23741013,0.08320227,0.037271157,0.00071657286,1360.0001055902917,88062.26841350416,1572.5229886349002,58351.93267961818,2568.7761336288218,358485.2103287362,0.07211672189434984,0.0004889710119813614,-0.00011698374,0.0016424438,-0.000120976256,0.00010307955,161.4990234375,classical,-289.8248,7186.2153,143.90314,441.5024,-26.996418,132.11247,24.06762,70.00908,-1.1449988,64.81414,-6.2989807,68.782036,-2.749417,39.944206,-3.5280802,38.094147,-3.0203986,66.473915,-3.1464949,57.474106,-7.256325,46.81045,-1.6778028,54.70812,3.0785978,71.78785,2.680053,73.95515,2.5299106,60.104763,4.6131744,63.39045,2.374803,54.694557,-1.2788942,45.061035,-3.5456932,74.81521,-2.806715,107.16989
classical.00060.wav,0.30526578,0.08251632,0.0687404,0.0007270719,1803.525958968436,175125.19132447583,1898.0267311684952,125463.69844658165,3366.3129776993032,865072.7996812981,0.10401637782991487,0.001006094692868113,-0.0009367079,0.0035980265,-0.00063954253,0.00052908337,123.046875,classical,-166.43155,3272.5723,122.135544,695.2566,-32.106792,223.56247,16.685278,59.508404,-5.4006796,43.12367,-2.487123,43.68784,-9.832806,30.322979,-4.9005094,31.212559,-6.974422,38.93496,-4.571057,44.126633,-6.6684146,54.780888,-5.497281,36.60138,-5.3725696,41.9703,-4.9623013,41.59778,-2.791163,53.570965,-3.1922193,36.84356,-4.085201,38.01897,-3.5495975,54.195034,-4.6303477,50.234703,-1.165406,62.28398
rock.00011.wav,0.3432238,0.08886273,0.12337732,0.00094537414,1536.9871799571386,491742.473878778,2036.9220735430451,173140.94607190604,3415.26268170714,2377998.4096620637,0.05433413856907895,0.0016088438394385519,1.2267885e-06,0.010693552,-4.264074e-05,0.0019029267,117.45383522727273,rock,-169.74,2895.2703,119.115036,617.98004,7.1710987,400.26627,53.430897,216.28703,4.141932,139.62096,23.13069,126.89551,-5.7138543,91.22997,24.995338,71.489746,-9.326624,68.76678,13.470993,60.259342,-14.286962,55.156418,5.954391,52.227314,-13.598769,47.298447,0.77017224,63.866074,-10.468752,51.143986,0.08046687,56.059555,-4.372727,71.11839,1.1727648,96.85123,0.48742908,80.0081,-5.829122,75.735825
rock.00005.wav,0.3767896,0.08192815,0.20368445,0.003096841,1542.221628106857,112843.18995952302,1591.9057963243035,127528.099576833,2870.274310510594,639643.01785064,0.07701994243421052,0.0003190613616575378,2.531677e-06,0.02747626,-1.6977e-05,0.005989012,99.38401442307692,rock,-62.381714,1573.3948,153.7731,975.62634,-55.11629,223.09499,28.017727,143.30394,-6.8514705,157.33194,17.47647,99.72814,-22.606953,190.23033,18.144703,78.559975,-12.586429,133.00195,4.494896,75.728386,-8.387155,61.88215,7.2041183,47.38515,-2.5257893,47.7441,4.835434,28.656385,-6.275536,31.931005,-0.7264994,45.030296,-2.2768297,27.174028,-5.245155,41.907204,-5.220955,28.846788,-6.282929,33.414925
rock.00039.wav,0.4426954,0.07274221,0.14427856,0.0014758098,2559.2817874296557,237358.28125129323,2731.086714396661,93946.77869537396,5447.483726477844,1852624.491743017,0.12278761730843653,0.0013832491916048837,-2.2462925e-06,0.01242869,-5.560189e-06,0.0037992434,143.5546875,rock,-50.866234,1275.1035,86.39504,350.08786,-14.416372,214.22449,12.843614,80.54691,21.69903,134.94853,4.2386103,59.162678,1.7381626,51.906635,3.7064326,36.616642,4.6919465,37.249714,-1.86301,31.21026,-1.1926677,21.411396,-0.010121348,21.756292,-4.1189137,29.259953,-5.764848,36.539867,-1.0660442,26.352886,2.300308,18.045624,-1.5742459,17.226742,-3.8516486,19.375813,-6.1434116,18.571634,-5.374652,17.17588
rock.00038.wav,0.41147804,0.08462332,0.21929601,0.004281777,2794.9630916287133,337551.7673639029,2633.962322090636,95459.17183453814,5862.422884064193,1569694.1733657727,0.14055017052051083,0.0035422740809959432,-0.00017772747,0.028942104,-0.0011713638,0.008926366,135.99917763157896,rock,-15.92807,1142.6138,67.1531,446.87427,-20.1219,410.7706,15.576831,229.11185,4.8012633,226.8246,10.825859,188.82095,5.9594,112.03914,11.79642,96.057335,-0.39681533,99.74888,5.6550355,89.65114,0.11372397,83.49225,1.0979242,93.88436,-1.7415591,74.604225,5.704884,77.679924,-0.5941916,64.62638,1.7240587,69.58922,-1.5776426,55.31495,1.5810983,47.192097,0.4128152,72.59255,2.9387238,49.90895
rock.00004.wav,0.37273654,0.08940849,0.20868327,0.0018220631,1345.8882551386073,476709.47015248454,1841.7380789268611,166648.75199217864,2939.2572267136707,2553450.553271542,0.04109914679276316,0.001326978612124813,7.490453e-06,0.031458486,4.6263885e-05,0.0042526172,103.359375,rock,-127.97257,3186.0134,134.44722,829.1414,1.025668,451.1488,54.43773,154.71959,-0.46697682,161.22003,35.828342,102.45777,-10.860184,133.23798,16.379753,43.601322,-10.032896,113.10352,6.6001406,87.668045,-6.6998053,66.425125,11.046619,67.35137,-8.382891,65.66416,2.1126206,52.5377,-6.3423553,39.340633,0.99546075,37.758465,-5.329534,46.313675,-0.8412493,43.075424,-4.6685543,27.082296,-4.786907,27.65287
rock.00010.wav,0.39820716,0.087794825,0.15343888,0.0026935977,1857.8624034566847,380238.33186265855,2182.352453903645,106187.66598324737,4191.499654575029,1650025.3868591199,0.07170251427051083,0.0017935955960585882,1.4495042e-06,0.011399468,-1.898957e-05,0.0078067277,161.4990234375,rock,-108.98643,2677.0015,114.95591,459.67355,-5.198552,334.73904,46.206585,170.04982,-9.133127,125.3333,20.515318,140.15736,-17.025162,107.61187,24.214722,85.42561,-8.057453,77.77543,13.438205,63.95143,-18.381256,53.25126,8.588361,56.310947,-11.40596,47.91458,1.8842732,50.263214,-10.553585,45.471992,-0.25984254,31.90876,-11.800166,45.563595,-6.5043535,39.307705,-4.3081517,48.19974,-2.740076,33.111515
rock.00006.wav,0.34448835,0.08805619,0.180115,0.0035757148,1675.49993642611,209468.059269883,1653.1161464908155,80430.7951870964,3253.7969914014125,729429.0670688895,0.0872942567240712,0.001325335054279938,1.8461325e-05,0.023695167,-2.1719581e-05,0.0051231426,112.34714673913044,rock,-98.379135,2696.7043,136.61774,669.29474,-46.718246,339.65396,46.476067,255.43745,-17.166424,213.54485,10.52016,146.8084,-14.581245,116.971664,16.550787,113.171425,-12.337286,98.713394,3.6909735,85.79684,-12.654891,87.87141,2.9554555,78.7783,-12.512315,64.51463,0.097405516,62.177715,-0.7801604,72.22908,-5.695947,63.206566,-8.634934,65.67935,-1.901795,52.827236,-2.187008,41.129757,-3.391345,44.944023
rock.00012.wav,0.33889946,0.09839672,0.07588579,0.0013053278,1863.089813447186,812551.8301203587,2067.227436057664,208531.0980852083,3985.167568903589,2732636.4123513503,0.06819006385448917,0.0031951737212593625,-2.2808415e-06,0.002385819,-3.7686354e-05,0.0031439138,112.34714673913044,rock,-204.65546,5792.0537,107.00343,879.02264,-10.197387,353.69113,45.559887,236.94691,3.03639,232.68625,24.009134,165.08824,-7.5013742,179.09857,20.058529,135.2453,-5.1709266,156.3916,8.742727,83.91405,-10.101094,79.23466,4.3654666,74.76361,-6.9596443,60.27077,4.6930146,54.053005,-8.222786,71.14901,-0.8261212,52.17917,-9.628689,57.59465,-7.3938093,55.076397,-9.437464,38.85296,-3.1371024,46.7981
rock.00013.wav,0.44043094,0.092647664,0.13374001,0.0019504022,1596.5231665437498,703962.0881814082,2237.4643641965754,276135.9757770628,3824.085209613245,4549219.190807637,0.046099872411958204,0.0014806116913260075,-2.0161286e-05,0.010180932,-3.4633485e-05,0.0041832225,123.046875,rock,-211.2083,4666.1533,95.768036,857.7738,40.58083,752.06995,68.30281,273.897,5.3151,162.73946,30.973612,144.96077,-5.270473,117.19304,22.828842,118.613266,-1.615061,148.11098,17.489037,79.62188,-11.487266,60.350945,8.734695,61.16618,-10.456018,54.283577,5.72383,55.07198,-7.8924246,47.845512,3.727533,41.532295,-6.62752,81.373566,-1.2788162,97.25109,2.7943084,106.222595,6.274991,77.15826
rock.00007.wav,0.35925552,0.087713726,0.15703405,0.003639316,1282.2760121933159,299954.4541045144,1729.5806039581284,172106.447207155,2675.950485560178,1624845.5539474946,0.04718867913119195,0.0010401554513024902,-1.1031273e-06,0.017118039,-4.302449e-05,0.004001883,89.10290948275862,rock,-140.44441,2936.8267,149.30034,557.8029,-10.059853,273.60193,38.74818,135.63918,1.5280161,162.72263,20.129011,71.580025,-11.331474,90.30888,16.29449,67.26476,-13.257334,146.12387,10.190117,92.78862,-9.253554,86.41317,4.7002983,50.934017,-8.369613,51.090187,2.2758238,45.702568,-6.5116615,48.088757,-1.6249571,50.3618,-6.491124,53.11016,-4.722906,49.429676,-2.5751228,34.243656,-1.7881634,28.884626
rock.00003.wav,0.3801327,0.09840098,0.15116914,0.0039831623,1421.4880254979382,428487.328152279,1902.544838210919,172192.4814693756,3042.939933091863,2534656.391674788,0.04309724506578947,0.0009394272426178192,4.1271836e-05,0.015297418,-7.003765e-05,0.005186797,95.703125,rock,-156.60326,5366.8086,130.69365,734.50464,-1.4667768,406.22116,36.238716,151.08463,0.37273523,245.8886,31.98139,95.408676,-0.6227639,142.6784,20.141378,72.8341,-11.335084,106.044586,13.838637,49.23921,-3.7762735,83.366135,11.534398,70.08231,-3.2221894,68.84993,5.0622387,50.34781,-1.7910414,57.221893,3.5396824,28.215805,-2.451262,32.976273,-0.7277508,33.0256,-1.4179354,39.324753,0.63153225,35.6181
rock.00017.wav,0.41887888,0.07671914,0.16596873,0.0012076324,2311.9417457073478,158728.17188051777,2060.772911227813,70016.47570434604,4527.939286837268,813324.0110744355,0.14058758526025542,0.0011589824994811123,-3.8456947e-05,0.01421861,-0.0010605482,0.0052835313,123.046875,rock,-41.43264,1034.8906,105.41607,245.31917,-43.95048,210.63739,54.109116,117.90146,-18.417746,84.556526,23.525932,62.12866,-17.617792,62.254112,20.664486,43.500683,-18.462946,54.710976,17.481684,38.016712,-15.181072,38.363045,11.308914,33.403866,-14.158966,40.371456,2.833206,43.980915,-9.479148,38.782978,3.337089,35.544613,-8.206202,35.729702,3.6953027,35.028038,-3.6791856,41.62291,-0.16170013,44.015377
rock.00016.wav,0.46137363,0.07914137,0.18442486,0.0010244207,2459.3807747248898,129380.5930908644,2221.382901446609,43602.93075265162,5024.202952665441,642614.2817085459,0.1428422957381966,0.0011603132537738813,-2.7260234e-05,0.01425801,-0.0011255738,0.0072260345,143.5546875,rock,-15.687386,337.79556,100.098274,184.92412,-37.590458,172.32382,45.971,126.08741,-20.773737,87.09274,25.637007,53.683907,-18.64387,50.09816,26.516623,34.64085,-20.16317,50.75958,21.12962,44.360195,-13.649133,35.57261,10.978789,45.074474,-15.535993,38.21504,3.6814206,38.14049,-7.7146096,37.2137,3.9337354,26.64227,-8.12184,43.078205,6.954766,47.96321,-2.0548267,33.515232,3.9079616,35.8666
rock.00002.wav,0.43683383,0.0865886,0.14855237,0.0065571237,1874.829786811176,469436.08508565236,1984.0571930092751,168408.38074768774,3929.9762359713623,2041989.1724447925,0.0767569054760062,0.0022562881142624016,8.640929e-06,0.010521116,-3.5384834e-05,0.009819253,107.666015625,rock,-120.49428,8094.876,117.59749,856.33,-27.599688,547.8541,42.82584,194.1128,-6.756322,296.4958,21.662518,155.60107,-12.098573,114.019516,17.943407,59.63188,-10.448061,117.75465,12.274321,61.113026,-6.567336,92.44888,13.528419,44.699905,-2.413079,65.17134,6.703759,47.082043,-3.1467264,73.72576,5.470716,32.87996,-2.2395399,46.01055,1.0572804,48.17086,-1.6519227,32.45087,-0.04232545,31.209723
rock.00028.wav,0.44274235,0.07972824,0.13879743,0.0008805842,2047.1451067117212,353885.9660510309,2070.5379260009317,184808.69500064422,4096.083564876403,1612782.9178162676,0.101985399937113,0.001351561678293563,-0.0020910539,0.011353602,-0.003285104,0.0040823016,135.99917763157896,rock,-92.62163,2625.0862,101.8119,754.59125,-33.467396,378.08542,48.70225,209.77312,12.402112,116.91789,20.80687,66.86845,8.704763,60.553528,9.274925,56.790485,2.7675457,64.00969,5.239055,74.10973,-9.331888,50.0194,-3.4845617,44.61957,-4.3514476,36.30477,-4.6579022,25.789438,-3.9693062,38.851196,-3.1256864,36.15971,-7.000376,30.519737,-0.39668337,27.82205,-1.1515987,35.850536,-6.0074587,34.793232
rock.00014.wav,0.38052484,0.10022683,0.053521454,0.0011246428,1935.4498295716771,917715.3478864616,2007.3329170232068,183182.19965558057,3982.742583567144,2683777.680806712,0.08359435468266253,0.005587739043563988,-2.66606e-06,0.0018556876,-2.5611958e-05,0.001212728,117.45383522727273,rock,-256.5845,12467.7705,103.170715,1341.9406,-8.463653,652.33203,48.593155,361.74493,-4.1831117,430.71048,17.341555,210.31332,-6.6681957,281.93445,17.038635,189.16505,-4.59912,191.01526,5.321588,110.21573,-10.013156,132.79909,8.242727,99.174675,-6.1991887,89.111115,3.4362078,89.12518,-3.6468945,81.08573,1.6950731,61.861347,-5.41009,60.35369,-3.2497907,43.212326,-3.8716671,74.71511,-1.0307319,56.57984
rock.00000.wav,0.38740283,0.08593862,0.12913728,0.0051827035,1995.8245086755817,253258.50101762143,2096.9118028235703,96129.63112297647,4226.8911072344235,1270663.928169449,0.09019522179760062,0.001637003844875931,1.7677403e-05,0.012366401,6.723153e-05,0.003751222,123.046875,rock,-116.63067,5849.7993,109.278175,485.04578,-23.151485,368.95404,40.68846,161.10922,-11.896856,195.75432,23.155596,127.31522,-15.398657,130.22545,15.127643,63.726997,-13.522637,111.83902,12.695952,59.228836,-10.886425,77.04762,8.505531,54.644882,-11.57876,39.110603,2.1894636,59.74254,-6.196372,72.15819,2.0095913,71.56624,-7.949274,35.582233,2.0847383,33.02738,-2.386689,30.386679,-1.5323056,57.807293
rock.00001.wav,0.36551026,0.092093155,0.1804532,0.004914949,1529.3175590522976,227006.62948099923,1845.2562029091973,118191.7171345849,3271.6468834655575,1362475.0564385392,0.054981526944659444,0.0008506006341843945,3.515415e-06,0.024940813,-2.3035851e-05,0.004525033,151.99908088235293,rock,-111.17635,3149.092,134.16852,745.6862,-24.667322,318.55396,41.557487,203.42879,-3.073013,131.314,28.49442,73.16908,-10.584973,146.51482,14.932527,53.64395,-14.398836,118.920494,8.850727,49.563435,-4.5540066,71.372185,9.94825,62.051723,-4.6702337,54.011524,3.6337464,34.76386,-5.548107,49.389156,3.369797,28.20313,-4.9497495,38.262688,-1.4712832,38.022476,0.09478977,31.692875,-5.328055,37.19677
rock.00015.wav,0.34371725,0.09238221,0.08229963,0.0031002066,2336.111675735067,1047623.126656796,2099.311746827069,186148.63771982657,4501.422780512287,2909036.6146341204,0.11420150142705109,0.006503100700895754,-7.67563e-06,0.004552858,-3.157856e-05,0.002882615,135.99917763157896,rock,-174.94176,3599.483,90.89378,1643.2516,-18.696543,630.8877,41.621613,258.4109,-8.882181,308.40036,9.0975895,174.35713,-12.460493,203.58305,13.123887,169.59727,-9.697834,135.0705,4.3378367,110.50872,-13.489968,121.56504,6.743155,111.111755,-10.383936,107.66566,7.1506324,61.78645,-5.797456,87.30989,0.79926,64.31989,-8.139413,77.21148,-5.7164297,62.09259,-3.3642786,47.116028,-0.42180866,67.21354
rock.00029.wav,0.4186011,0.082556576,0.18004598,0.0012308372,2444.584086039301,372150.84052604315,2433.7847632338085,110229.85747393162,5172.310390413361,1220284.1684919863,0.11148874383223684,0.0022696233012300567,-0.00047939006,0.019381993,-0.0028228252,0.005305296,123.046875,rock,-42.447617,1371.6476,85.069405,534.1708,-7.393643,309.10632,40.71379,121.80747,-1.0123376,75.60015,18.935547,83.540596,-3.5306551,55.933674,5.8736205,40.54088,-5.017307,42.087505,4.24331,46.880695,-3.18037,43.58465,-0.57210755,44.532436,-0.5273756,42.555805,2.3468528,33.389698,-0.36309695,29.0424,-4.0984535,33.056828,-3.8541584,29.983873,-3.9137459,25.379871,-5.782468,30.631615,-4.328388,29.522814
rock.00099.wav,0.35816488,0.08580596,0.05444213,0.00033666973,1609.3699366383669,422427.986862454,1796.9237162030495,120303.32252768715,3246.3053700355554,1754289.640356399,0.07628978811919504,0.0021723325511521134,4.8689793e-07,0.0026642764,-1.614438e-05,0.00019135214,123.046875,rock,-235.2182,7719.59,123.893234,799.3606,-22.541746,519.22,52.924862,227.09564,-1.4473311,182.51352,24.668274,126.34668,-7.0728726,118.4616,14.884823,93.62639,-12.778574,79.35177,16.709099,76.13609,-2.946438,79.19184,10.071948,45.505665,-15.021038,43.050556,3.1123164,67.3421,-7.1283135,58.083828,1.7882509,59.109985,-7.072692,73.69283,0.021304104,76.54876,-2.0276697,72.18839,1.1558677,49.73178
rock.00072.wav,0.40336826,0.08447017,0.16546212,0.0023532605,1933.566634741674,422742.4448525664,2211.3363640320144,96189.95390581206,4360.040302099458,1778707.5392882286,0.08172853074206657,0.0026594087444220464,-0.0015763907,0.016835483,0.0004478191,0.0051935725,103.359375,rock,-95.32931,2886.8567,112.443436,589.08636,-2.0780864,414.9613,47.044605,206.22359,-10.373584,116.070724,29.782087,84.89933,-15.112976,65.39664,20.185732,49.075714,-12.674205,52.698597,16.48886,69.318306,-7.8574347,46.75775,11.875228,49.577904,-11.181129,42.23784,8.876124,39.231792,-4.943289,42.02901,0.9183169,38.93939,-6.1078544,39.85027,3.2313335,43.022083,-8.072234,57.3691,0.7319107,35.650223
rock.00066.wav,0.3600939,0.0870809,0.042979974,0.0008281769,2209.3420494067173,401968.17455167003,2175.0975403934112,132244.3804442075,4575.447332895947,1718274.4014717157,0.10714712231520898,0.0028204017235078727,-0.0017860917,0.0012962482,-0.0004510154,0.00075223943,75.99954044117646,rock,-245.18564,9067.186,95.09854,807.9132,-21.243845,613.3428,45.65592,282.74536,-3.5624685,155.64699,14.98203,250.74313,-20.670311,201.27074,19.526783,116.43588,-21.713743,206.22318,7.3274713,117.03836,-9.289677,89.44422,0.81875485,81.01325,-13.016046,62.446777,0.06169105,86.76513,-8.23316,50.01273,1.0623907,74.15084,-8.035914,59.39423,-0.39860073,44.728134,-4.353721,54.718834,-4.2199,47.763695
rock.00067.wav,0.39290723,0.08463181,0.10014721,0.0015405405,2414.0028665552404,478971.8238951132,2338.9876968450662,106970.75803074877,5212.235148993808,1489606.838936899,0.11991915392801858,0.0036466452875883143,-0.0010972456,0.0045173396,-0.002122615,0.003413734,103.359375,rock,-123.72794,2572.6711,94.75422,738.96204,-9.566722,390.9673,53.26891,217.56068,-13.758115,127.99538,17.728083,148.54828,-19.212341,126.85084,25.298622,86.22957,-18.70441,97.84104,15.385912,71.871155,-12.513975,67.93425,9.367707,54.748222,-11.601578,49.647556,0.6617183,72.85882,-6.994155,55.06307,3.3594775,43.243626,-7.141151,46.874504,0.5074788,35.51669,-8.740343,43.6132,-1.4704784,37.260147
rock.00073.wav,0.45865026,0.07463454,0.16931798,0.0021581894,2224.311094028335,292616.7798599226,2287.986620472205,52728.364875578416,4918.4952585320725,926508.3013476824,0.11005866933533281,0.002438181347147422,-0.0015732275,0.013630595,0.00013064817,0.007008957,95.703125,rock,-61.652554,1824.4596,103.552765,352.43753,-16.907658,179.12021,49.269325,118.444756,-14.810511,65.1745,31.711088,69.375725,-17.215973,67.01227,24.628935,43.238808,-14.4823885,55.069836,18.026224,68.16987,-11.670496,38.50965,11.484824,46.316147,-9.816042,39.93417,8.860339,31.28001,-8.570697,30.405605,4.405294,30.818117,-8.278597,30.008226,1.5993295,49.274208,-7.0265865,32.398907,-0.820845,37.84546
rock.00098.wav,0.36242777,0.091507055,0.08383445,0.0012063795,1398.5815744518923,240591.98623586592,1817.8135700238427,109079.45402061653,3014.6734373488293,1332873.7957486133,0.04873137577399381,0.0008081284978334002,7.7445816e-07,0.0060770516,-1.2674405e-05,0.0006541448,73.828125,rock,-224.99405,10772.375,123.669685,493.4194,-9.775933,603.57434,56.605717,189.90967,10.427107,156.32957,20.634146,211.13596,-10.2572565,107.0346,15.573306,103.23663,-8.251973,69.60455,12.805178,92.67512,-9.004445,63.951183,7.690067,75.46798,-10.085666,56.71624,-0.25135592,42.637135,-5.2833486,46.788136,-2.8149054,46.330338,-4.421223,43.65439,1.5605098,34.35621,-5.0464134,47.208336,-3.5825648,41.29452
rock.00065.wav,0.39521196,0.08078415,0.114652164,0.0012996781,2294.2915658648503,181598.39140052386,2104.185540676221,75840.34200917392,4730.413062506047,767198.9518860783,0.12912129027186534,0.001416924643994616,-0.0010456897,0.0075158244,-0.0024116347,0.0028580888,123.046875,rock,-95.29631,1982.3119,103.816734,421.43195,-37.02142,386.01086,52.69777,155.88495,-20.764067,148.05524,27.576885,91.89903,-17.536627,90.613434,24.813131,76.233284,-11.300561,93.70891,16.644619,99.57285,-9.249601,80.256134,10.187893,59.737183,-8.786783,52.58913,1.8505759,46.780754,-3.948976,47.20641,2.1735632,35.713844,-6.692844,36.85761,5.105645,28.916626,-9.69792,35.65741,-3.958533,38.737743
rock.00071.wav,0.45442817,0.07845778,0.16090843,0.0025112461,2024.9672114930113,218990.67555817866,2215.1872549817713,71508.68555754062,4571.1473588973,1009092.4759275854,0.09080821884674922,0.0012391114027194452,-0.0014531692,0.010401365,0.0004979256,0.008355601,112.34714673913044,rock,-79.849785,3292.5112,109.94089,360.40698,-17.126644,252.8986,47.195335,222.53256,-11.94571,129.18446,33.335598,88.10639,-11.699734,90.17306,23.630066,61.81957,-13.667416,90.43253,18.45372,67.996895,-6.9371977,63.772537,13.033838,42.87129,-11.583449,42.26215,9.107576,42.785763,-5.955834,28.350838,4.915925,40.243523,-8.709809,50.23259,3.7020502,40.86669,-5.0979853,65.04446,2.625906,57.408783
rock.00059.wav,0.33953157,0.082929954,0.051181402,0.00018367112,2424.966690601346,1145346.6184255527,2927.5616529347903,328458.8293884232,5645.7575275432955,6158760.984279627,0.0865675037490325,0.0026825356699587653,-0.0012606141,0.0018851014,-0.0014152682,0.00037892247,117.45383522727273,rock,-219.12524,2119.7622,94.35542,1077.2997,42.78742,427.36774,16.11604,290.277,9.527346,132.24777,12.908823,94.365685,7.7212768,60.279762,2.3854547,50.978607,-1.0225295,61.950798,-1.9537667,51.384808,-1.9797302,46.423203,3.1503797,52.361057,-0.8850411,34.761898,-6.862013,52.53378,-5.066963,52.62877,-4.0098577,53.646927,-5.596728,44.87004,-4.9922543,103.98597,-2.514644,98.17283,-4.291658,64.58988
rock.00058.wav,0.30106091,0.08583081,0.08744087,0.00020076566,2437.580126873773,1006397.8355048465,2789.9159039702213,229958.45431664615,5497.925088132498,4199281.128986713,0.09894309029121517,0.004253349676301905,-0.0016651946,0.0054712417,-0.0016191698,0.00080230244,135.99917763157896,rock,-142.01543,1281.1399,96.99694,864.49457,23.240543,323.55585,10.443576,145.56613,6.2821693,107.36959,4.9678793,81.141045,1.0824391,77.71115,1.0958388,55.017258,-4.841728,64.89367,0.8765873,62.535774,-3.455809,57.36754,-2.011753,61.665134,-5.893535,54.500507,-6.029564,49.148994,-2.1259284,58.016113,-6.162349,60.278107,-0.32294676,74.75818,5.0935416,107.95958,0.12192103,97.80182,1.6692507,94.32292
rock.00070.wav,0.36799285,0.08772362,0.05409812,0.00064673007,2512.1443220871975,392982.6951157389,2245.2873855952735,88042.76047163756,5130.4689767559985,1145775.9427018065,0.13914088199013158,0.0036108108103537536,-0.0022757703,0.0018261704,-0.0006505633,0.0008921786,172.265625,rock,-202.22823,3482.2314,75.2136,568.00616,-14.220877,538.8294,66.31179,256.81546,-8.289175,194.80872,24.374107,135.14587,-16.250933,142.67017,17.125217,86.601364,-21.291754,94.78777,3.9677858,132.62073,-19.749535,76.72743,0.48966938,64.9807,-4.5036573,78.62938,-5.36643,68.99095,-8.973074,95.56681,-0.04806873,55.661663,-8.041708,74.9544,-0.519308,39.071297,-6.8042564,56.12699,-8.449041,47.52411
rock.00064.wav,0.37433743,0.08475795,0.107048035,0.0016523651,2181.717912335607,155561.49294915554,2181.4968457518708,75525.4752451968,4691.004967468073,979629.3409283111,0.10637615192047213,0.001472785576157777,-0.0010790012,0.0064170514,-0.0014870937,0.0028726081,151.99908088235293,rock,-118.818695,3029.0654,104.41144,303.75385,-29.167768,412.55685,42.108837,123.78354,-13.289315,155.38603,29.063269,122.996666,-20.876986,81.380424,21.613054,48.989353,-24.32235,66.44726,10.711963,60.480286,-15.105817,55.010242,5.948565,46.761147,-11.778101,43.436954,-0.9063817,41.646904,-11.019617,60.839687,-0.20106794,43.355434,-6.916349,40.37423,-1.2956268,47.769505,-6.312216,33.11231,-2.7065332,33.204983
rock.00048.wav,0.3215302,0.08168914,0.14556131,0.0005757448,1646.6339142770562,118260.66267330875,1701.4113691568673,53383.845866536234,3184.305744938806,506535.6787303565,0.0852647905379257,0.0007801893100684227,5.063426e-06,0.01396155,-5.170549e-06,0.002503189,129.19921875,rock,-93.35921,1342.5204,137.46544,515.83203,-45.092747,159.01628,37.819134,154.07565,-9.42307,142.37247,12.5912695,97.07612,-7.4945707,50.82795,5.5483747,65.08262,-3.7386365,62.622517,-2.014053,37.90312,-2.458912,54.36674,-9.575428,46.589844,-3.1775432,56.82574,-5.571349,57.04385,-7.5064034,48.181763,-5.6773906,41.571087,-2.0041285,48.41751,-3.871002,68.94763,-6.2181416,41.605755,-8.103474,66.440636
rock.00060.wav,0.4054853,0.08145116,0.10329776,0.00059953536,2797.3841277516685,627310.5461032587,2891.8717359301454,228706.94203777672,6205.454143134433,3538378.620673867,0.13467605638061145,0.002611965499341635,-0.0010589075,0.0051109996,-0.0021680638,0.002615343,89.10290948275862,rock,-82.66664,1410.2484,83.48526,527.5556,-0.57394654,225.17686,10.4842,232.9146,10.418732,76.85825,7.0719404,68.72359,5.08042,90.75331,0.08345254,68.48331,-0.20796469,58.780846,-0.93477523,46.166264,-0.09718939,47.003273,-1.6991581,45.68805,-1.0245148,43.12981,0.17488037,53.502964,2.3965557,57.736565,-0.44954687,49.151745,0.8480217,67.22447,-1.8520992,63.25984,-4.513158,50.35121,-3.2022777,40.997093
rock.00074.wav,0.39440346,0.08497091,0.15381563,0.0019680713,2140.759109239861,202141.21204618047,2246.2626002303355,57881.6835369127,4832.445778861504,647271.1211537225,0.09116309198432662,0.001020674047597016,-0.0009666223,0.014221905,-0.00021938185,0.00540654,112.34714673913044,rock,-83.337296,2063.7249,103.88044,295.1521,-13.938498,181.92484,56.89741,93.84636,-14.430383,64.337494,32.19,51.50553,-14.128751,71.320145,19.159246,42.722824,-9.344779,82.35953,13.159195,51.04012,-11.727716,45.936474,8.406356,43.756737,-9.399952,41.736526,10.218948,33.012096,-4.2199335,36.483406,5.6187606,37.190453,-6.386379,38.013977,1.8045067,34.599033,-5.5758166,34.177155,-0.4324659,33.50841
rock.00075.wav,0.40853086,0.090634,0.12686443,0.0017833669,2301.691479215314,411677.0568223341,2355.025004721661,76235.1623869819,5091.869210163506,1216585.9618977758,0.11154543283184984,0.003201794900816147,-0.0013490417,0.0071808263,0.00018202965,0.005694965,117.45383522727273,rock,-113.69888,3622.6394,94.93524,629.59393,-4.1180053,401.72025,51.78671,160.77466,-13.773854,151.33159,34.333515,134.14133,-17.59379,114.5199,22.544245,91.20071,-12.406815,84.41434,17.20266,80.919876,-9.234709,80.99337,9.976576,71.9354,-13.472091,46.095657,7.569344,54.227325,-7.2697444,42.55847,3.6390865,60.44299,-8.464248,52.86513,0.3961267,57.35432,-9.225722,68.396324,-0.28027254,78.65201
rock.00061.wav,0.29976493,0.085720584,0.088340685,0.00044115455,2072.9854708489925,800749.669620068,2740.292600851444,238382.0088570308,4691.1049668633905,5379235.31591438,0.06909104102167182,0.0023586951167413736,-0.0013105533,0.0054453947,-0.0018355966,0.0008846193,80.74951171875,rock,-193.56299,4442.3022,98.39903,847.89716,44.057728,682.37744,23.779394,217.79031,12.564506,141.61302,8.460669,83.89638,2.1713908,82.1049,-0.3465066,56.618694,-8.192859,62.884144,-9.118401,50.687885,-5.235873,63.118916,-4.838527,46.445812,-1.3708208,46.245483,-1.264208,94.33325,3.2184038,79.515686,3.6885915,72.63198,1.3783065,88.69571,2.7119117,141.58887,1.6968778,63.81213,-1.7956172,84.54044
rock.00049.wav,0.39610803,0.07764792,0.10099384,0.0023181557,2077.5446322647385,1217030.6092766265,2333.931430395513,695146.000567778,4495.3894836614745,6653247.756365493,0.09130519241002322,0.0029182823334143442,0.0005619099,0.0069224876,0.0018247443,0.0018900504,112.34714673913044,rock,-142.48468,9882.431,116.16892,2135.2358,2.2694678,453.27594,31.065384,188.73723,6.19266,139.93097,0.110362425,82.943085,0.3172526,60.852295,7.794024,56.406704,3.2462354,52.83023,-3.022173,74.28847,1.7105086,49.92548,0.742647,48.25936,0.14290644,44.73277,-4.416969,38.107616,-4.4712453,52.052177,0.51342785,35.97011,1.2327409,33.511784,-0.15891485,34.83167,-2.616297,36.091805,-4.449161,41.559383
rock.00088.wav,0.40842345,0.089056015,0.089476675,0.0014751084,2591.1167911589937,305963.2642193634,2078.6516769704244,77151.81453363819,4889.828765207769,948831.2813788536,0.16178095672890866,0.0036471728773054177,-0.0017644187,0.004001529,-0.0012708616,0.0026961733,92.28515625,rock,-118.014465,4446.239,84.04934,717.3768,-50.27966,330.9888,46.063946,230.33453,-17.695776,86.94771,20.860382,88.59786,-21.651596,109.89817,16.678535,66.877754,-12.957173,83.84085,12.828732,67.52457,-13.105274,67.41477,11.298574,51.78588,-12.607103,68.72346,4.3842344,45.518085,-12.077613,52.28391,0.66667664,49.089188,-6.7942424,68.31618,4.4643407,89.525635,0.2372787,94.97271,0.43376458,106.112976
rock.00077.wav,0.45540804,0.07748172,0.12869976,0.0019131359,2188.176213337053,238532.88027504488,2350.7834228675147,86327.07290538338,4994.003135279605,1270308.6266330483,0.10627675720781733,0.0017383305355210198,-0.0013479955,0.0085195815,0.00023312018,0.0048438413,107.666015625,rock,-103.93918,2907.0898,101.90094,350.97116,-10.340606,427.09375,43.67417,158.11612,-11.524458,135.01537,26.930704,84.33629,-9.990092,105.71655,25.02072,50.009525,-14.218496,51.295387,19.70191,58.799126,-10.535614,48.27983,12.671652,48.80873,-12.685294,45.770035,6.849958,50.376823,-6.0865602,36.77924,5.455094,50.7232,-6.2356615,47.162743,-1.4541347,57.174114,-8.232369,39.63052,-3.2686899,31.30338
rock.00063.wav,0.3296278,0.09369868,0.05309907,0.00036495965,1711.662555940787,1535021.8047189587,2310.122655480772,689970.9845759424,3492.653880399816,8313595.8569952715,0.0558345074255031,0.0028053716921004434,-0.001682318,0.0026183806,-0.0011409676,0.0001883436,75.99954044117646,rock,-302.79382,7846.154,116.16439,2549.3635,44.75729,711.2761,25.957436,531.5706,18.726181,294.0762,7.57291,180.22542,7.33575,148.71643,4.0423317,95.5213,-4.186881,144.92781,0.8677525,134.40399,0.923905,176.83896,2.8157294,96.31048,1.4195158,127.04216,-3.4723825,105.831436,-0.90459734,110.86574,0.5782953,63.449406,-0.8160129,97.78879,-2.3739433,86.86385,0.37611794,75.30349,-1.8671849,125.57941
rock.00062.wav,0.3197265,0.09187764,0.060440347,0.00079187006,2947.109224451956,1009330.0035534218,3203.0152637796077,207958.80340221152,6983.207773497968,3246868.1967568295,0.10857001620549536,0.004503986131940512,-0.0012605827,0.002319455,-0.0012298304,0.0012052462,123.046875,rock,-212.29836,4092.4343,65.75985,798.78503,45.18236,731.7144,19.730082,316.14206,11.805884,230.44807,8.061574,133.4019,4.434145,121.34679,4.215858,56.32857,-2.3181689,63.64889,-2.1899483,69.737656,-1.6369864,59.083035,-4.651898,35.427856,-3.7266169,46.092346,-6.779794,55.570904,-3.0030584,42.77706,-6.520256,51.33948,-10.924708,73.279724,-3.391123,87.58046,-1.209254,109.81339,-3.1217554,115.717674
rock.00076.wav,0.34563643,0.09338776,0.14587216,0.0023113475,1659.8731482944434,509027.777905409,1953.624694131173,113697.57922433317,3580.9033467673667,1873514.0490402186,0.0712066744872291,0.002932270100374758,-0.001828414,0.014284143,0.00063909777,0.0040690023,95.703125,rock,-132.35645,2250.1133,124.65598,815.37036,-9.664943,320.7918,46.45199,183.43106,-6.2853265,230.71773,30.5465,156.05803,-11.139771,121.78507,20.411028,71.778145,-11.2132435,64.6358,9.377024,95.308075,-5.8245196,67.40134,7.8290353,79.15035,-8.728431,71.625725,5.6276045,70.474495,-4.078816,48.930576,-0.6297491,46.638424,-8.119383,55.921764,-0.6760379,47.475967,-7.61097,46.789074,-0.20681687,76.001
rock.00089.wav,0.34345806,0.086559385,0.10521845,0.0013848931,1610.1897144525535,349346.3502040618,1816.2003750432752,127014.28267288551,3381.4962192216526,1497753.4473581926,0.0732932075996517,0.001771088520063861,1.4173543e-07,0.007085075,-2.851054e-05,0.0026302752,107.666015625,rock,-156.26839,2891.903,130.76775,678.4003,-25.246172,211.30428,43.496662,182.31105,-12.144104,130.55203,25.410446,90.69234,-7.947459,113.46912,17.6216,65.87246,-8.632112,93.45961,9.573707,65.05567,-8.363633,62.21615,5.7764125,52.10711,-7.04443,49.114136,-1.8792272,52.401653,-7.6914062,57.748524,3.0032125,57.43305,-6.4427137,66.537285,-1.3017408,47.307064,-7.824338,73.40872,-4.146752,94.35205
rock.00090.wav,0.2557003,0.09062763,0.1546425,0.0014864741,2495.6204189789773,273766.21165324876,2249.630520076519,37799.78536085067,5212.826812082769,530844.7280758097,0.1206425055630805,0.0017724709921509616,-0.01091377,0.017522793,-0.002448399,0.003043381,123.046875,rock,-89.05669,2194.4226,86.2166,736.24194,-24.418585,264.35193,47.11008,231.18704,-33.645473,156.57903,29.479248,64.65257,-19.750383,85.865105,21.647642,91.064674,-16.75611,81.393906,6.549621,101.819214,-13.397908,87.90294,7.489511,137.87036,-12.868063,111.36762,8.592251,114.51064,-7.8963995,95.081116,11.499058,130.39648,0.6794173,199.342,9.798441,172.34772,-2.1312432,180.4112,0.58830684,148.81985
rock.00084.wav,0.35677302,0.08910228,0.106816106,0.0007868269,2581.8092292667193,418450.76197640167,2376.373190446793,64752.38713407165,5391.134067216525,1148595.2924941473,0.13921608939628483,0.004146992430679501,6.692723e-07,0.0068802107,-1.9969575e-05,0.0021781141,129.19921875,rock,-94.301605,1765.8889,91.881775,459.39368,-17.588514,269.9618,45.523945,90.14464,-15.698276,158.08688,32.639088,58.650967,-18.020702,84.3031,21.573336,55.883846,-15.734346,63.21945,16.79548,46.074135,-18.303877,49.779457,13.337474,52.10585,-15.461038,56.09993,5.2062526,46.19687,-11.223153,47.81771,6.212513,40.992043,-7.9550314,50.291607,7.7081137,82.07278,-4.6095533,79.03301,0.5266363,49.30391
rock.00053.wav,0.4091429,0.07498376,0.19013545,0.0018906281,3361.7673453402167,304378.50620402687,2933.2024987219434,55104.3636818894,6920.5248191998835,1020520.8547293701,0.18757331777283281,0.0035673045650667155,0.0007531754,0.017169414,0.0018895741,0.009095616,117.45383522727273,rock,4.066039,1102.6394,52.615936,241.79659,-11.04076,121.82626,19.70849,108.18194,11.2908325,86.08633,7.0625377,61.70702,5.064019,63.614635,4.561151,46.387585,0.028141258,46.42363,5.1483927,41.188293,3.3997617,43.048283,1.1702251,31.64466,0.5825347,32.768013,1.2787391,26.049429,0.7192795,25.658228,-0.8079883,32.30267,-3.00965,30.057844,-1.706633,34.03017,-1.6908511,29.682177,-1.2908862,42.028385
rock.00047.wav,0.46138144,0.08645676,0.13890298,0.0019778768,2998.5568440596116,545147.6794096368,2691.3861118946566,138651.5770331231,5963.355607071159,2004816.0227719408,0.15630366558630032,0.005145039424288909,8.619158e-07,0.010129355,-7.1429845e-06,0.0051906826,107.666015625,rock,-58.28948,1856.0463,62.493946,688.71893,-12.665307,335.00323,31.92991,274.55115,8.108557,107.31444,2.2520819,124.77895,3.90143,175.22083,1.4481051,105.082565,-2.7169504,88.87627,1.1021154,85.040565,-0.46053764,35.36736,-2.3829656,49.17988,1.2428724,52.813206,-1.4979297,46.948963,-0.46996665,50.27843,1.0395392,69.34383,-2.0701602,53.152035,-1.5083193,51.96165,-3.2080479,46.593452,-5.0618963,35.90722
rock.00046.wav,0.36131182,0.08205606,0.12062349,0.0013697732,2428.532242218463,443259.8187021443,2501.839158266494,217448.5489311937,5034.1112260848,2736443.824083193,0.11816519627999227,0.0016773944655870978,-2.260619e-07,0.008369255,-8.440887e-06,0.0035745543,103.359375,rock,-83.093346,2543.5781,91.52499,712.06396,-13.697013,436.55887,16.139076,85.17726,10.334053,81.81132,5.530343,79.29313,-9.448829,76.11533,-6.6147943,55.630383,-3.0317733,60.358276,4.9391313,38.690712,2.6464746,35.655678,1.0551015,43.691208,-3.667946,50.937004,-1.6078455,47.042896,-4.42887,49.828407,-1.859618,33.390747,2.0090718,52.609787,-1.0240622,47.578968,-3.1773005,45.228363,-2.29258,59.299564
rock.00052.wav,0.340701,0.09698683,0.11328633,0.005568,2187.2085144317775,1758236.6350812595,2449.201009853284,526418.8825464798,4463.723008477651,7100972.633909183,0.08860566224845201,0.006692323404611285,0.0019257482,0.0114716,0.00093820743,0.0029707942,129.19921875,rock,-181.25508,9546.584,103.40521,1942.2871,9.393452,767.35834,19.0761,318.0107,13.7934885,201.08159,-0.49876645,275.25818,4.3651223,161.7662,-7.606604,96.56459,-8.104534,111.00653,-0.14550003,91.1945,-5.1632724,88.733154,-6.3069296,81.70938,-5.464432,56.939663,-5.9768987,65.76629,-1.1781267,55.689663,-2.6688557,52.2419,-5.1849394,47.48657,-5.285638,69.46924,-5.7971735,64.61871,-3.7187386,56.34315
rock.00085.wav,0.32189262,0.088609464,0.063018024,0.00087668165,2256.0047067984315,532410.7010465956,2058.0461999228905,105771.16247841767,4509.297732893528,1477329.0809628603,0.12098982016737617,0.0037292659959406067,-1.6433147e-06,0.0033197014,-2.0412066e-05,0.00057931367,184.5703125,rock,-185.45334,3981.7786,98.932434,870.54865,-36.442432,330.5439,44.426693,237.397,-17.758,230.36557,21.304089,188.18631,-20.296019,149.8963,13.779589,123.751884,-15.489944,132.39987,11.040961,140.52638,-16.792248,128.6498,2.3260286,100.57685,-12.639383,91.92972,0.14767891,77.70767,-4.3978415,81.49413,-2.4671614,93.27391,-8.983908,120.49897,6.862598,134.11562,-6.7074046,83.88686,-1.21035,122.069466
rock.00091.wav,0.4435838,0.06969552,0.10825303,0.00016332974,2474.554693163817,258309.73469331325,2123.3128660945194,83171.65741564748,4754.654582587558,1166017.4192950758,0.15018352118808048,0.0018132843038547641,1.0106852e-06,0.0065126615,-1.4256745e-05,0.0018810607,143.5546875,rock,-74.3017,835.0382,100.113205,445.04083,-47.370808,293.85565,49.62339,117.56897,-18.414455,67.81001,24.620584,48.12995,-15.914734,63.210876,23.901295,42.41777,-22.833792,33.40062,23.336365,50.878464,-16.94892,34.654465,14.932431,31.32455,-11.504434,29.109684,4.2273154,26.083277,-13.630019,29.451353,4.4797993,25.702524,-11.667689,31.277592,4.327969,29.801882,-10.597872,23.673367,-0.8430529,24.041555
rock.00087.wav,0.39313745,0.07636822,0.16569988,0.0010290927,2334.758795031705,113060.33533621291,2208.2732556694846,44215.560680917064,4819.854188334462,706100.4047557568,0.12858085514222137,0.0007904283074284897,-0.00023164687,0.016243316,-0.0017191672,0.004725515,129.19921875,rock,-42.66564,770.7659,102.98204,165.59027,-36.866947,166.25023,44.53473,80.854256,-11.986277,93.16494,25.571468,65.42189,-22.683826,50.89354,28.340677,37.096016,-19.273256,31.474613,21.487629,38.096935,-15.2573185,35.497307,11.752053,31.589006,-11.576942,24.575071,4.7838826,31.538479,-13.031341,28.959373,4.3557954,31.305952,-11.958512,24.06494,0.88591576,45.85093,-0.48164988,54.505962,1.3000379,38.863667
rock.00093.wav,0.34351164,0.08186434,0.1057426,0.00048102895,1939.9141779559493,158803.59035058357,1881.6834034743379,91149.49868475292,3749.093996408185,858087.2299964551,0.09836637420181889,0.0006829452783566057,-1.1820918e-06,0.008203685,-1.3798171e-05,0.0013354807,103.359375,rock,-114.74584,1000.9453,119.291725,478.49796,-50.72456,217.36194,42.631332,135.23677,-6.709271,92.61842,19.714178,85.67833,-16.887064,58.446075,19.393305,45.769,-17.415947,51.289364,17.311916,66.57201,-10.866727,43.167286,6.668212,35.343304,-15.753816,44.651623,3.555531,51.57509,-7.7599893,45.24572,3.388017,32.510677,-7.6890497,32.932884,1.6226153,34.50886,-10.707391,49.28669,-0.5426015,43.282475
rock.00044.wav,0.3113982,0.08319322,0.14432807,0.0012345851,1652.179327113778,252090.8786363515,2104.3964275714657,316635.37166696024,3456.8540968762095,2381642.2299695644,0.06892966633610681,0.0005107292363897515,-1.0733831e-06,0.016881706,-1.1701743e-05,0.002037591,92.28515625,rock,-118.357124,2392.8242,130.22548,964.161,-3.0720034,469.03424,15.7343025,243.4165,3.9399164,118.57435,10.663591,61.88672,6.834913,46.16194,3.3929513,39.85259,0.7619885,45.845196,-2.5365586,33.174706,-3.1070428,48.037926,-2.8583634,82.80742,-1.6224062,42.536823,-0.20532194,79.26,0.7333942,72.9785,2.0148191,61.211,2.0788784,58.894077,4.1505575,61.71537,3.1571188,74.24121,2.254137,64.46935
rock.00050.wav,0.3946422,0.08917309,0.14123225,0.005088275,1720.5912503156892,700960.5592379528,2311.946198635383,366602.45767912385,3810.018628005273,3939741.4833532176,0.053289549269543345,0.0014567350735140265,0.00073364086,0.011775326,0.0019700257,0.0058318703,123.046875,rock,-145.0086,5062.503,118.483894,1283.9788,20.532211,337.06674,28.569769,118.03362,2.3525505,85.32027,10.085841,70.40306,11.913156,55.751476,4.8564005,53.165222,-0.06745915,66.13955,3.293767,43.176857,3.404333,54.101746,3.6531587,37.40872,5.371289,60.750515,2.2605515,61.116184,1.8730618,33.33234,0.86741537,32.451557,-1.1843064,25.802074,0.81313914,28.650215,1.8204097,39.545338,1.7971772,32.36784
rock.00078.wav,0.3579821,0.09199705,0.14438899,0.0020930674,1878.0900592313526,521250.1282859367,2204.2156100836382,136087.63623231597,4285.4407531927245,2199220.3575947783,0.07173048084365326,0.0032911817538611304,-0.0016969724,0.013742887,0.0007094995,0.0040044743,99.38401442307692,rock,-130.98988,2601.2712,111.01548,681.4635,-2.1539211,361.46997,41.78767,212.22566,-3.1985133,195.95047,34.658478,125.137794,-17.61137,112.884796,19.87679,86.012344,-9.144963,83.77509,14.890434,85.95893,-6.8441696,68.9222,9.199766,48.23179,-6.975001,59.395836,6.3184733,61.089806,-9.634725,48.491245,0.5111292,57.03593,-12.776671,34.271103,-4.886242,51.999092,-2.5131242,68.18906,-3.1215749,50.092583
rock.00079.wav,0.36006528,0.083986044,0.11669326,0.0007882637,2148.4701088464726,253816.71135850708,2107.138585057225,72226.64126406763,4479.506246371904,979376.7317610843,0.1091164981617647,0.0015428150922434508,-5.640761e-06,0.007487661,-2.1685675e-05,0.0026950068,123.046875,rock,-91.38539,1779.1962,112.11523,398.01044,-27.342018,248.04422,47.981018,92.33216,-19.60664,83.54345,27.728474,61.341003,-18.553402,73.22311,17.43945,39.75129,-13.161745,70.463646,14.4296665,51.209763,-15.21798,46.22058,11.52909,43.122044,-12.585803,35.98813,0.90807784,41.958725,-10.44846,39.868015,-0.61977893,36.814342,-13.491329,50.79736,3.308435,47.765514,-3.7047021,56.84791,1.0890844,54.227737
rock.00051.wav,0.36877757,0.087046765,0.16165073,0.0021907443,3030.4355509553056,756570.0615660292,3055.3172102045473,86230.08869699242,6731.709294274865,1724383.338772232,0.12080841536861456,0.005826432233288481,0.0006739695,0.016548181,0.0017682342,0.005131388,172.265625,rock,-66.34945,2345.3022,66.78922,578.1719,25.184574,351.4984,26.302906,132.99875,5.30007,131.00496,10.462487,76.834114,2.478275,85.85501,0.7563056,70.66701,-0.37080547,65.90711,1.7285492,70.16755,3.2137315,46.5392,5.0367546,56.00852,-1.9407184,52.463676,-3.0750813,53.98266,0.3841849,56.710186,-0.7763854,39.01209,3.7200172,58.646744,2.4019525,58.24919,0.20658393,45.261307,-1.6939887,44.59329
rock.00045.wav,0.36134955,0.08261472,0.096998475,0.00081671495,1561.5465305371351,90506.63590400502,1568.9776889574518,11160.012397107315,3243.230388629547,282496.8038283998,0.0789651309742647,0.0008131025989640498,-2.4935327e-06,0.0072952947,-9.015662e-06,0.0007743076,151.99908088235293,rock,-172.59167,3888.7952,142.76537,212.34041,-55.78309,401.40677,79.31112,106.001114,-1.8683821,121.76199,4.811142,66.893295,0.2375274,53.797195,-11.501947,41.90725,-0.2754562,30.262033,-9.37254,45.153446,-7.673828,29.058031,-11.250281,27.29583,-5.676462,25.528444,-11.295421,24.24037,-7.6816225,23.124807,-4.2779303,26.000051,-11.279209,17.865442,-7.829242,20.008713,-7.7251334,20.815542,-8.160577,21.398897
rock.00092.wav,0.41648173,0.07375137,0.10687875,0.00021646815,2471.302263920436,108711.0689021575,2102.1973629889744,26008.55395280894,4687.154990748355,458536.80984229845,0.15094504341621517,0.000973173947607332,-5.463678e-08,0.005995547,-1.3472817e-05,0.002032798,129.19921875,rock,-70.11754,567.204,94.181656,199.93271,-50.32803,88.25203,46.9629,61.834606,-16.114256,50.22872,19.996185,36.06599,-23.959724,37.985058,16.344028,36.65767,-22.188528,30.311333,14.435193,34.802624,-20.092636,29.892109,12.150915,25.513931,-14.765589,28.12117,4.90943,28.612785,-13.623413,26.473576,0.8304447,25.972357,-15.061136,21.819544,-1.6045009,23.768696,-16.089468,21.07537,-2.1846828,23.580502
rock.00086.wav,0.39097285,0.087333106,0.076273166,0.002292636,2521.4640322253076,591370.0267927449,2133.3603289642856,105895.34327038255,4830.495790652815,1559773.5933429159,0.14632451202109134,0.005610016940559382,-0.00093279156,0.0033122236,-0.0009348842,0.002254095,129.19921875,rock,-160.12103,10942.266,88.731476,943.9758,-35.493244,814.1306,47.491817,396.81693,-12.622672,184.13625,17.308823,143.51016,-19.139456,138.20998,14.591329,90.48776,-20.38044,138.21188,11.096237,105.7872,-11.14557,78.028534,7.7047076,71.766235,-9.86575,63.11629,6.991698,78.07242,-10.1352005,52.652725,3.06553,49.263874,-7.9491673,44.449585,0.7073351,73.050766,-4.9362535,45.21285,-2.6115522,59.766956
rock.00082.wav,0.38245007,0.086029686,0.09327282,0.0010326057,2976.0030874979816,296450.60113426694,2423.21517682221,51039.27695505002,5926.6808288385255,676453.3894108436,0.1837358504256966,0.004123140890135373,-5.89237e-07,0.004396019,-1.4460774e-05,0.0023355323,99.38401442307692,rock,-95.476135,2346.1782,78.32375,297.07028,-26.22216,290.3977,44.237446,115.39303,-22.4639,128.284,29.737852,85.360176,-21.567053,91.69421,23.95588,65.24952,-16.578558,48.353443,20.47006,47.26072,-19.64269,70.01857,13.886457,55.35848,-12.624655,63.563686,6.248262,62.134453,-7.6597004,49.166584,7.405312,53.5359,-9.414199,65.747856,9.653332,91.478546,-3.7787297,62.42946,1.0691056,78.335686
rock.00096.wav,0.39876094,0.075114734,0.076425396,0.0005896217,2006.009247645844,181437.0010001187,2068.2248787337103,81920.96141213177,4147.166589317676,1041905.8424238428,0.0976588954866486,0.0008680316615906116,7.4679815e-07,0.0039828275,-1.3710502e-05,0.0008181266,117.45383522727273,rock,-142.44206,3283.8538,116.23844,343.52875,-32.19032,189.72198,49.114605,66.68101,-8.395415,81.17395,22.872288,44.438194,-18.311134,63.99607,20.106487,43.976223,-22.10691,36.8156,10.796755,53.1317,-13.001553,43.651115,14.067452,37.967533,-16.397627,34.82611,4.162116,29.118282,-4.3573008,43.24621,3.7380042,33.877956,-10.8545265,39.240723,1.8724995,32.014,-7.467166,39.20488,-2.797982,31.69804
rock.00069.wav,0.31144074,0.08817339,0.04701054,0.00027288462,2569.1052765811337,604274.7497110071,2345.280318493239,104594.10001475857,5365.809220352409,1639204.5421682948,0.13768964360003869,0.0042088025911399445,-0.0022095875,0.0014276872,-0.0007044395,0.0004233548,172.265625,rock,-203.3139,2001.9121,85.381714,830.78424,-11.569648,297.3211,54.7784,145.0746,-11.609861,111.26042,20.572916,141.98694,-27.770662,141.77063,18.878084,67.80907,-31.656443,171.97572,10.709888,104.24134,-11.93277,82.81009,4.1216273,82.75883,-4.003614,102.52164,1.7300531,65.486725,-7.9092402,81.355225,4.326782,73.30192,-11.237885,60.732048,-1.188486,55.887627,-5.0319824,60.213306,-2.3650405,49.821182
rock.00041.wav,0.40221494,0.07999018,0.16064365,0.002051896,2807.30058491141,435655.97813758015,2688.503510869627,118099.1140712739,5678.490662943837,1851505.496317549,0.14837174076044893,0.003310096257715304,-1.7111477e-06,0.012979827,-8.382396e-06,0.0063044615,117.45383522727273,rock,-35.39913,1419.7397,73.67545,495.7861,-20.210777,274.8066,17.162956,195.587,14.95129,124.72206,10.214682,66.80802,7.6044693,75.52482,1.598915,53.4018,4.177347,40.773922,0.7355448,39.761345,-0.38544574,43.23816,-1.3131807,32.954704,-2.0491896,33.421158,2.5269115,37.64321,3.6032965,51.290066,-3.539565,30.738789,-4.7911935,23.3375,-2.50546,32.228428,-3.9842033,39.30898,-0.8272479,36.361794
rock.00055.wav,0.43161365,0.07364794,0.14718625,0.002298425,1711.1893544921431,272006.12728238583,2248.2556163674885,209157.5894746223,3614.6198095551954,2644038.079394142,0.06657442736551858,0.000366685879465995,0.00090802513,0.012067243,0.0016211163,0.004336022,129.19921875,rock,-91.89978,2093.9304,130.00647,492.1106,1.7901882,370.9189,11.658318,214.57271,3.2286391,77.26162,-1.9668545,115.37898,-2.2121937,50.456398,-0.8591418,62.188534,-4.3378644,53.008255,-3.54686,57.828556,-1.5544236,32.735905,-0.5467613,32.17045,0.40629062,36.32463,-1.6508828,34.50842,-4.5706444,26.599905,-2.974743,25.44847,-4.2806687,27.407206,-2.6867945,32.893517,-3.5489154,27.316256,-1.4507277,26.912756
rock.00054.wav,0.34664512,0.08652884,0.06547274,0.0006360623,2632.7402137243284,959334.3242523882,2550.5115793345662,200980.94342982498,5310.901219040247,3292262.389714665,0.13243306162925697,0.007302437736865831,0.0019100158,0.003441094,0.0007053356,0.0006037599,107.666015625,rock,-156.23691,2345.4412,75.612015,994.0395,-16.506855,274.58603,16.341146,229.389,5.819572,125.55706,6.018424,95.566185,-4.1331725,76.083275,-3.7573888,96.89863,-6.1688933,86.908325,-8.92888,91.94661,-4.102285,70.11251,-2.2225192,91.42688,-4.6504216,85.328926,-5.414164,82.14995,-4.688722,53.837715,-7.082145,66.51987,-3.8898087,38.888138,1.3867227,56.491486,-2.0099483,80.27316,-4.728931,48.0325
rock.00040.wav,0.41608867,0.08780997,0.14280498,0.003147184,3009.9775310236832,435446.83444650954,2777.974881715167,135631.55161393754,6130.82959437887,1789748.1579878256,0.14474440063854488,0.0034672696885061777,-5.127351e-09,0.011474858,-5.2562536e-06,0.005576839,112.34714673913044,rock,-65.988464,2666.9558,61.27697,454.58795,-1.9339222,343.1085,35.323074,267.82886,9.320189,96.99287,7.5695205,120.28587,3.415293,109.62829,2.9780252,62.90229,4.6153226,62.08364,2.9165235,46.670372,1.7740641,53.99497,-0.3926039,44.81071,-5.753547,39.343365,-3.483317,43.393894,-3.6841912,56.06498,-5.719156,42.285942,-3.9535744,48.78506,-3.0872214,49.476322,-2.726866,58.135662,-0.91234577,63.20487
rock.00068.wav,0.4021151,0.08271022,0.09121902,0.00055451767,2467.064662154695,282597.496505846,2398.9630032602145,44713.7543467446,5402.500665150928,790070.6350730304,0.11828008598587461,0.0025499704917255174,-0.0015110705,0.004622714,-0.0021506567,0.0018979226,123.046875,rock,-121.09557,1691.2937,91.74797,414.69888,-14.709612,243.25476,52.973698,83.71315,-11.412968,73.6235,31.003344,91.62615,-17.491768,62.829624,24.202194,71.007256,-24.778625,75.822365,17.113522,59.53805,-15.88606,52.35737,10.376739,49.680206,-8.625384,38.68636,7.149125,43.175526,-11.833609,36.129673,3.1751018,31.85492,-10.365117,31.516039,1.5153414,33.541935,-10.35157,40.230286,-2.4806488,31.09341
rock.00097.wav,0.43190938,0.07524192,0.08158259,0.00032264544,2077.166787874547,231713.15751598217,1926.8958101296082,74675.6037451082,4030.750626602409,804358.6919294357,0.12182428224167957,0.0016976249809697234,-9.28935e-08,0.0038270676,-1.4424816e-05,0.0011241625,129.19921875,rock,-125.06511,1677.8448,115.20331,475.20743,-48.00468,290.06198,52.8431,113.21028,-13.491938,77.10712,21.765408,80.70366,-12.428562,60.01366,20.139965,41.574726,-18.370886,44.622684,10.11969,81.91597,-16.055443,43.23415,10.48674,42.934155,-17.959637,44.287945,1.2157047,37.27232,-11.543171,39.243652,1.8466086,33.546665,-12.854931,36.34561,3.4517853,35.959095,-12.594253,42.53833,-2.1046684,29.896814
rock.00083.wav,0.378793,0.08132048,0.10167485,0.00051895884,2115.9838949624827,189432.86856761147,2245.2766737056622,61790.2765990462,4689.613309216573,823406.6376792063,0.09280102614647832,0.0008113286213585093,1.2780123e-06,0.0063010654,-1.4996156e-05,0.0017421648,123.046875,rock,-119.17545,1387.6809,107.44643,274.55615,-10.9727545,197.46094,58.55446,58.685173,-12.931377,81.61874,26.831793,57.357807,-17.640741,51.142498,19.371054,50.606285,-15.608501,43.734398,13.5666485,54.033173,-16.67103,45.89799,11.872087,33.918316,-12.187864,34.916256,5.232598,41.785587,-6.1726136,40.881126,4.2538886,39.68188,-8.042082,42.630722,3.5274684,34.146507,-7.682268,51.044613,-1.3451042,43.839245
rock.00095.wav,0.3519918,0.08049272,0.07944141,0.00034591518,2008.5370455020434,282144.491731673,2106.349206221785,88618.86153442023,4254.124275892512,1222832.9460704522,0.08926665598393962,0.0013036728378035985,2.3294194e-06,0.00459606,-1.2293789e-05,0.00068123307,103.359375,rock,-153.61649,2541.0813,109.89451,454.15005,-23.106592,187.93361,59.00746,130.89278,-7.527995,89.92162,19.730127,58.29653,-16.486076,89.05307,18.08352,43.78674,-22.215626,77.572876,15.403847,61.03033,-12.378472,42.67458,12.349251,43.515396,-12.316458,49.11885,5.778132,56.412647,-10.268911,36.68532,1.8052716,45.01609,-13.300427,41.649338,2.4732301,36.610485,-6.7196245,54.840275,-1.1992677,50.00068
rock.00081.wav,0.335779,0.086841255,0.09363885,0.0014678963,2553.8992233935796,359877.80095741374,2219.1330795127697,71463.02764667955,5123.794017118566,1055765.7853605342,0.13617340182372292,0.003547655050999458,5.753937e-07,0.005079354,-8.271936e-06,0.0025405462,117.45383522727273,rock,-121.43798,5143.9497,89.518234,710.131,-33.493107,262.7757,41.97275,226.95598,-25.929998,154.57718,23.02586,118.745476,-20.269114,136.71622,14.3506975,101.858215,-16.349438,110.400345,17.03437,105.692894,-16.955423,67.87196,9.146751,66.55907,-10.111248,51.1794,4.209027,68.61855,-9.346902,62.64238,1.6090045,57.64464,-10.549011,73.044655,1.067575,45.41936,-1.6545652,63.30877,7.5426693,74.01077
rock.00056.wav,0.4885189,0.07242997,0.17569767,0.0020576797,3303.904679679877,460973.15351104,2914.1478022639367,76963.7716171166,6719.434368499661,1245861.4408331846,0.17756393007449692,0.004666010213135464,0.00013931392,0.013743369,0.0023863802,0.0075981095,135.99917763157896,rock,-7.851339,1582.031,59.508636,340.36096,3.6690326,229.6016,28.985016,97.39474,4.145485,70.76405,10.275528,44.83042,2.5448916,75.31144,7.5940056,38.658543,-1.384974,39.367485,2.9601321,43.773296,4.0424523,36.789062,-0.75121945,31.879946,1.054092,27.961796,-3.0428936,24.48966,-0.99321187,43.13709,-0.6897627,29.190754,-0.68887836,26.353708,1.5260838,24.00374,-0.46764636,26.58384,0.50320286,25.119268
rock.00042.wav,0.4443834,0.080318764,0.118928455,0.0019534163,2794.3709144990316,611439.3953369844,2731.9420312720904,206450.82574046936,5877.406126795908,2743021.18231596,0.13764807166698917,0.0042610982081371105,-1.1092488e-06,0.0055338987,-1.6149033e-05,0.0048546866,161.4990234375,rock,-74.19892,3573.5225,76.74987,716.5717,-3.8123212,515.2227,28.032583,263.2442,8.144329,172.65059,6.0188737,83.488525,4.3061314,92.64817,0.5052438,49.330353,2.8562193,68.2092,-0.94191927,43.467945,-2.3505528,71.676834,-0.28286356,41.47517,-1.4562793,45.605946,-3.6081467,36.504124,-1.5266333,32.40529,-1.5142529,35.964874,-5.0189967,30.475554,-2.3985136,27.140377,-2.9776542,27.86125,-4.94984,24.964014
rock.00043.wav,0.42024067,0.08822021,0.13984786,0.003398307,2740.1544161420566,408398.0883620096,2541.9072917634526,168282.26554837773,5327.292786589348,1987361.2544213275,0.1440289854634288,0.00265598591274567,4.2444626e-06,0.008889326,-5.2959317e-06,0.0072557325,89.10290948275862,rock,-62.079945,4699.9917,75.84869,526.84186,-26.757467,425.00577,18.279896,205.30846,2.452302,81.22032,5.826196,73.06972,11.583856,113.23121,0.009005898,71.46123,8.69518,81.756546,5.5144095,58.290237,-0.25100031,38.88724,2.3990037,53.324825,-1.7422585,51.404617,-3.1716585,56.98827,2.0054278,51.688213,-1.4090078,39.995956,-5.5262985,52.84874,-2.5283453,55.69744,0.61924934,45.67578,-1.4051203,54.227783
rock.00057.wav,0.39012536,0.083916634,0.122580044,0.0010066414,3488.995725081282,560120.7216018783,3241.7483118458463,81295.22713387404,7660.57034424584,1346445.3566868168,0.1751028716379644,0.003949253768116443,-0.0008756447,0.0077473773,-0.00237592,0.0033909746,123.046875,rock,-58.60115,1524.8154,64.89226,392.91013,15.939432,174.21684,5.4494376,166.82619,7.535342,99.55531,9.880082,44.432022,1.5892504,62.18687,5.3452115,63.684658,-1.2376224,46.886425,-2.0299544,41.24976,2.4436266,51.824455,-0.7237525,34.9765,-0.31555262,40.31571,-1.4825039,54.29829,3.2967114,47.44604,3.6478631,47.52734,-2.5096354,44.15226,-1.1688025,60.0096,-2.3101037,62.63954,-2.2162857,59.695827
rock.00080.wav,0.36864844,0.08265798,0.10433086,0.00088023714,2606.2565496233246,259293.541908353,2318.678720331894,58942.27993146253,5339.184381349168,883737.0253494662,0.1496808787248452,0.00233017073578552,-3.0477538e-06,0.0058519454,-1.6841022e-05,0.0023652832,117.45383522727273,rock,-88.000725,1491.4462,93.53732,318.05545,-23.228851,197.68146,48.129993,92.9776,-21.446268,82.44603,27.758793,64.90038,-20.340559,96.9578,18.754475,68.50566,-15.226568,60.01116,16.130507,55.644665,-21.412472,67.26657,10.8740835,36.349976,-12.021344,52.608128,5.128057,65.49727,-7.2995205,41.418774,4.6578507,50.562286,-10.173712,83.05621,5.493204,54.004135,-4.375102,75.585464,0.3125858,53.562958
rock.00094.wav,0.38914114,0.073413104,0.101931095,0.00037165036,2629.3044231854665,93751.49509825608,2210.6104193984875,37270.00112058017,5086.752574436436,461174.0535036543,0.14670470624516255,0.0010190818199097512,1.147262e-06,0.007635444,-1.3152342e-05,0.000908513,112.34714673913044,rock,-90.21276,614.6437,80.05299,135.22429,-46.369427,215.42453,56.04585,49.669018,-8.101378,35.923473,27.485428,27.217054,-17.328846,31.344046,22.971903,22.340788,-17.603975,45.77706,18.40145,36.665924,-17.44811,38.07646,7.651446,36.230324,-19.300837,27.271975,1.1936784,24.294188,-14.480706,31.737568,4.5198197,26.165096,-12.764399,24.663662,2.9961748,31.579407,-6.416898,31.525442,2.256299,38.447563
rock.00030.wav,0.39033824,0.085103445,0.09645353,0.00049774034,2945.1945450846843,724066.427461731,2831.66679013786,108730.61990476158,6334.811694260352,1185565.3434426708,0.11496000024187307,0.0036778730590350172,-6.649838e-06,0.0056069684,-0.00033620046,0.0018645783,117.45383522727273,rock,-131.44669,2447.5264,67.71616,836.95685,32.899063,808.7678,34.58986,346.22006,-3.2580535,126.16428,21.88393,188.98892,-5.811073,107.501884,10.241139,68.2371,-7.0569263,70.03454,2.2975733,79.1334,-4.3679585,50.89233,-3.330299,46.233654,-6.2800264,45.73721,-0.23067865,38.36525,-1.9748887,41.71046,-1.8929428,34.70775,-0.87943006,30.631495,0.95149094,28.95561,-1.5379333,33.308727,-1.1708617,34.780907
rock.00024.wav,0.40513122,0.07590617,0.15652086,0.0016138783,2320.5556900857264,118556.35055165717,2044.9181790505932,45907.45384127642,4466.88132271309,483010.63323668006,0.1434492459607198,0.0020093801131462513,-0.00016451403,0.013849282,-0.00086924556,0.004417157,73.828125,rock,-52.499744,1093.4751,99.70246,376.85245,-47.39475,434.24884,47.022385,186.30661,-21.031916,147.43254,22.886387,114.00519,-18.293646,47.101772,13.89262,54.3841,-23.449203,65.10187,13.509938,63.40703,-18.669529,46.190784,5.7055564,44.020584,-12.89633,41.426643,1.1990861,38.963604,-12.41732,31.953848,0.37735572,38.283215,-9.145066,29.7175,1.5957416,29.999706,-4.1226177,31.22354,0.30867344,35.281944
rock.00018.wav,0.4802372,0.078677826,0.14070792,0.0021795318,2209.573799429134,279587.1006326054,2142.797814244651,98842.36983597821,4594.563883967444,1262799.6298756304,0.11580542218943499,0.0025078035874416533,-3.372012e-05,0.008229175,-0.0010239613,0.005804999,117.45383522727273,rock,-67.55526,1401.8707,109.12109,455.62094,-32.731327,349.16187,45.65722,172.5967,-11.699701,91.9174,27.494364,119.190254,-16.341742,87.04558,22.087679,48.34657,-15.454766,60.90226,19.404108,52.460297,-11.62111,62.37865,11.591024,35.429855,-10.5210705,43.403225,4.4448233,35.27971,-7.010192,40.51906,5.037844,38.266052,-6.7615237,45.710506,3.8130226,41.143486,-2.6553214,36.23641,-0.055492036,32.28542
rock.00019.wav,0.43590206,0.07697767,0.11218207,0.0014603068,2321.139396040278,163547.07717210767,2118.8652143813893,63374.27769197918,4701.921568123549,778720.7965019542,0.12819952713815788,0.00188193554129996,-0.00018149668,0.006377013,-0.00082285743,0.003194786,117.45383522727273,rock,-84.21731,2008.0828,102.350716,285.18533,-41.346844,250.54083,47.03288,197.56824,-16.961946,63.548386,26.242182,75.6463,-18.962618,69.91075,18.802517,72.5396,-21.695797,70.618385,11.055486,80.33551,-19.242598,50.59096,5.2391276,54.87925,-16.765684,27.355785,1.1029651,40.587673,-9.672751,39.89821,1.0961795,35.251865,-7.5460687,38.07404,3.2413175,37.505253,-4.718833,27.686106,-0.3140651,21.80282
rock.00025.wav,0.41510257,0.079865806,0.14910567,0.0015408252,2510.355618928358,144303.4295654572,2115.285136449235,54393.54287353176,4735.371365857198,704110.1613252892,0.15789020172213622,0.0019189520447300502,-8.0015925e-05,0.010916012,-0.0009804812,0.004646589,103.359375,rock,-47.051174,574.14844,95.76596,261.04822,-43.925438,252.3498,52.077534,269.22488,-22.552746,125.114,20.855412,86.29776,-18.687845,73.58191,19.244207,49.16343,-21.265247,50.2269,21.887396,85.05332,-19.218746,36.030865,9.456287,47.403503,-12.582293,83.93477,3.8869054,36.954533,-8.500132,41.174686,6.2726574,32.69628,-9.128362,35.862938,2.6871696,30.18373,-2.443376,28.280525,-1.8786502,24.178757
rock.00031.wav,0.3692016,0.08750081,0.12612896,0.0030851853,2638.867641788369,607349.3786159543,2512.4599236152003,237465.7949059489,5302.2179382135255,2601383.421985568,0.13247236600232198,0.0031471117851194362,-0.0017118453,0.007360004,-0.0016135378,0.00639471,117.45383522727273,rock,-89.13876,4752.314,81.39791,892.80835,-12.569812,623.9194,22.792751,192.64828,-7.059605,151.6586,-0.49249193,154.29227,2.775772,150.92494,-3.4295094,80.66987,-7.7128286,76.67833,-0.84806013,85.93066,-4.8873973,63.406754,-2.684865,77.12434,-5.287197,63.07297,-4.5962753,47.85833,-2.9684243,59.48953,-2.2058465,48.154263,-3.5681212,40.74591,-1.0009713,62.374165,-0.501564,69.26045,-0.9720015,69.59331
rock.00027.wav,0.40252107,0.08867974,0.07916758,0.00024822506,2669.3593345236,459574.82937339105,2440.4637806887617,84924.46985577693,5445.8670695868805,1368321.2646247721,0.13342209570917182,0.004557295710476564,0.0006351526,0.004010371,0.0012992347,0.00095577724,151.99908088235293,rock,-123.34534,2638.291,74.88168,637.5639,-17.058035,273.49774,31.609985,200.48418,2.5446815,108.10187,17.32831,89.28474,-3.8152325,101.97509,9.7234535,61.39626,-7.237523,65.99235,11.2586565,46.978302,0.38198882,44.05391,3.4685218,48.984657,1.663686,70.56863,-3.1594355,49.43048,-1.0820168,44.15233,0.31572536,43.701283,-5.9876003,50.225594,-0.31926423,72.70314,-2.3376033,65.23295,-4.321616,50.4502
rock.00033.wav,0.32352048,0.08704845,0.12781934,0.001386049,1673.575889634683,239753.0762031992,1947.700443030449,199570.7893236799,3430.0292590823337,1544998.7559846297,0.07488654641544118,0.0007057696244382745,-0.00012601718,0.012375539,-0.0009205599,0.0019652152,117.45383522727273,rock,-119.11726,2545.1592,128.92801,868.37036,-17.856234,364.8222,29.175467,96.417366,2.7212582,118.61991,8.00132,88.2439,-7.058392,102.04795,3.8778896,70.868,-1.508171,60.0418,-3.983859,59.41679,-7.040401,51.03997,-2.867053,37.85331,-4.1777964,43.03443,-1.8459401,52.129845,-2.9485056,59.265087,-2.2535996,61.629658,-0.5701705,64.28176,-0.09753909,67.46673,-2.7966614,43.448124,-2.6330163,49.019028
rock.00032.wav,0.3834778,0.08721996,0.22213958,0.002447534,2345.8857364588525,277661.38598785794,2378.3851718191527,100192.86658705259,4735.771363438467,1188173.4121790836,0.1154928768382353,0.001668146867566238,0.00015201056,0.027452448,0.0017125376,0.009359226,92.28515625,rock,-26.406458,1054.837,85.79429,493.6985,-16.961445,231.77434,35.260883,128.06516,10.0001335,154.7109,10.668921,73.2617,1.4469969,64.0691,4.710634,59.920975,-0.04728321,51.36801,2.070588,47.19175,0.42054653,82.93041,5.425936,43.894566,-0.9531181,49.09777,0.4848045,32.706165,-1.5262778,52.635075,-2.4637327,53.675617,-5.8784075,43.858887,-1.5509747,47.14578,-6.817296,54.644985,-1.3808378,54.43248
rock.00026.wav,0.38312325,0.08041564,0.15269838,0.0011772683,2263.522165083779,231156.2718249758,2150.409409887739,57597.95898521185,4603.71382863898,934550.8001947189,0.1229387879740712,0.002153526277070163,-4.1438543e-05,0.013170034,-0.0010293082,0.0042577134,112.34714673913044,rock,-58.96633,952.3231,106.565315,382.381,-31.794188,182.68129,47.919727,124.57811,-17.430267,123.445915,27.756453,87.77787,-14.035482,99.69456,22.419859,45.99507,-20.562475,53.42014,19.568918,65.54383,-14.586194,41.687893,10.188967,35.0306,-10.941551,48.24174,4.5254526,33.676903,-9.733946,52.05118,4.615808,43.06591,-10.116572,29.903505,1.4642454,31.433739,-3.002891,33.202522,-0.6160972,32.009865
rock.00022.wav,0.4159105,0.07889398,0.17382123,0.0022647574,2342.3353774211023,256936.71525241024,2112.8387079444337,71780.71350067534,4594.60555038216,1022533.3831681061,0.13848895849458204,0.0022176018232359053,-0.00012247446,0.01229063,-0.0009993217,0.0079576,198.76802884615384,rock,-34.62348,1173.0424,106.51091,487.274,-41.074825,388.45703,33.66884,123.746155,-27.234531,97.174225,21.39769,89.981255,-21.319239,109.249855,14.007784,44.277706,-27.776123,109.90423,16.06719,78.62591,-18.824478,45.177975,5.6543665,45.77295,-14.290796,45.64765,0.82021266,50.912067,-10.535016,41.82385,4.4421945,53.367573,-7.4688573,40.128895,2.0718627,57.776062,-2.903228,40.812046,-0.3614607,38.387333
rock.00036.wav,0.4283946,0.07716859,0.21663715,0.0014502646,2841.8971917238737,403088.41904627834,2619.2254650844693,117415.4256350887,5885.356078723636,1704065.2044254877,0.14617523098877708,0.002384413525446868,-7.434954e-05,0.02692984,-0.0013942142,0.008244079,135.99917763157896,rock,-0.4510209,945.39453,72.64673,479.274,-13.214342,260.57794,23.930399,94.65301,10.373189,94.00013,10.31697,77.51887,-4.924216,66.87446,14.35838,53.64966,-0.6711962,44.10942,9.922937,52.260956,0.70188165,38.251755,5.2240458,40.105904,-4.06671,34.96838,0.3613387,29.321234,-0.31027022,33.33298,-1.3569221,32.704746,-6.1766877,32.269634,1.0102043,29.421797,-3.3962119,34.521355,1.3683001,49.786217
rock.00037.wav,0.45181865,0.07312819,0.11332251,0.0009830695,2627.053081238353,407303.2841930656,2442.793427153663,148820.82491164454,5047.994475468025,1850589.2973978417,0.14631922104779413,0.002432628163460325,-0.0026131934,0.0052871546,-0.0028985161,0.004120234,129.19921875,rock,-71.16524,1828.2367,79.446724,489.40237,-20.793612,356.08517,30.656105,232.58159,5.5383873,87.61378,3.697484,74.358826,4.694747,72.86459,7.2714033,47.728348,-5.486176,68.596436,2.4909718,53.33941,0.837998,42.633495,-0.58331925,40.09511,-1.8935435,35.13922,-4.7858295,28.538206,-3.0449233,35.80452,-3.8708224,34.673923,-6.898971,32.33582,-3.7814965,40.60833,-4.804478,35.021564,-4.8063464,31.325392
rock.00023.wav,0.2942903,0.082570955,0.13574292,0.001671442,2295.565769219044,393728.7020613171,2207.4319000534083,119972.05330720406,4849.687341270801,1673523.8738545442,0.11561872641737617,0.0023664377176204824,-0.00017261595,0.013440064,-0.00086522277,0.002361133,73.828125,rock,-88.292145,3048.1436,105.392944,585.7715,-24.5107,164.07811,41.848503,115.00474,-22.37644,119.25791,23.734203,122.93302,-19.802425,78.68355,15.150589,132.21979,-27.119736,102.0952,13.858993,129.02783,-15.214505,62.018417,8.941474,44.598698,-12.80437,51.52139,-1.1132364,58.78414,-10.047708,81.69813,1.7845204,45.15098,-7.3529396,78.71482,7.1009984,63.02187,0.5957759,61.01906,2.513125,71.08059
rock.00009.wav,0.37617397,0.09247508,0.12820888,0.0037976264,1181.5495135430565,275486.00313596555,1607.91698724318,259488.10290156488,2367.927348133949,2084304.6620107368,0.04254093701625387,0.0003892648673571511,2.049837e-06,0.013702909,-7.471906e-05,0.003051898,75.99954044117646,rock,-178.59238,4756.613,153.9898,886.2774,-4.9495,456.74667,21.926918,201.33482,-2.0618474,136.21878,23.677855,76.33231,-1.2919359,128.39636,11.558475,71.55785,-6.040379,110.249695,4.955241,68.47372,-2.9516742,62.474567,5.40618,37.27007,-4.1217036,63.277702,2.9820895,51.988754,-5.323764,49.840145,-8.825106,57.599834,-11.073638,40.264553,-3.2127788,29.965654,3.8551219,32.913754,3.5541477,32.49776
rock.00035.wav,0.45723388,0.07937946,0.124116,0.00046061177,1867.3888525990114,398598.2242925925,2422.4150789551077,281408.8546778575,4271.2075059258905,2940049.3854063563,0.05698831753095975,0.0006294772520967436,-2.391248e-05,0.0102880625,-0.0011633504,0.0018312943,129.19921875,rock,-124.00577,2413.2935,109.503204,583.10815,5.8832054,366.604,32.884655,127.961555,10.982734,82.4846,11.693243,55.380795,12.679996,58.308823,12.969646,47.45134,1.6491059,39.6029,4.5024424,34.847027,9.673786,34.592503,3.0551999,31.955296,3.5307927,25.054853,0.73487467,27.892971,1.7676072,31.341808,-0.68096983,24.663229,-0.039916236,29.280174,-1.0109476,24.514923,-5.559717,31.88848,-0.84976196,34.507042
rock.00021.wav,0.39287674,0.079889245,0.16148923,0.0025404252,2157.8298998957616,249488.41738895173,2060.213563519859,61720.08294219933,4244.366001566128,922911.6998441283,0.12160357306985294,0.0028787191595629124,-6.328236e-05,0.012858721,-0.0010355096,0.0059088063,184.5703125,rock,-55.33061,1251.2198,114.44246,420.54456,-34.06889,271.91437,37.984398,158.5424,-22.331318,184.96507,18.526556,113.24706,-18.157928,109.43407,13.806143,59.325356,-27.803474,99.03505,18.161308,69.34129,-14.623385,49.035282,6.5552106,57.478363,-8.269667,49.39487,-2.2520106,51.294144,-11.609422,37.193497,2.499924,40.138447,-10.946987,43.61923,0.70855635,45.886562,-0.68018126,39.195747,-0.06256245,44.947613
rock.00020.wav,0.39817154,0.08062072,0.15241936,0.0020379508,2188.2645254060567,319861.74222362344,2120.224007635576,88651.68778086624,4432.373198045666,1390593.6519344666,0.11758961397058823,0.0025756650230659203,-7.788634e-05,0.011762849,-0.0010536938,0.005057636,99.38401442307692,rock,-56.94345,2018.4755,115.210526,501.3307,-30.444605,312.08386,37.203808,116.588356,-21.994804,141.62907,21.870764,106.35481,-19.770649,65.78268,14.999988,52.08144,-24.074703,74.21154,17.787264,64.79078,-17.27864,53.71848,6.7524276,42.68494,-10.744573,50.340828,0.82344145,30.595661,-10.163564,33.692173,3.6828911,32.75209,-8.563291,35.742744,-0.9132154,44.696667,-2.5268016,31.022978,-1.9751105,35.2913
rock.00034.wav,0.42088565,0.07878567,0.19107996,0.0007856658,2789.7940380072873,284707.24639084016,2648.769436715528,82676.15183244641,5836.38137486697,1251729.129940188,0.13500787599167957,0.0015244869589160018,0.00016246962,0.023532504,0.0016047398,0.005004203,135.99917763157896,rock,-28.089369,672.8044,65.62969,341.58688,-7.353229,254.6281,33.593567,173.18355,11.073499,94.0704,14.760504,74.27548,2.1976206,78.17657,10.063779,37.90183,-0.329384,47.146797,10.1363125,52.72066,-2.7488217,73.05837,3.1914697,36.334064,-1.6832665,39.99829,-0.15931496,35.54588,-1.6892452,44.670296,1.850086,32.07104,-3.969614,33.154816,-1.6286495,38.17816,-6.3913174,37.456814,-3.8662078,65.151955
rock.00008.wav,0.4088296,0.08202949,0.26079556,0.00092166587,1717.3419433944864,47164.098326146974,1842.4239227784153,32604.850196186017,3362.8629985608554,433722.45549677307,0.0849809676131966,0.00030921059604240887,-2.096858e-05,0.040797602,-1.772819e-05,0.008652035,89.10290948275862,rock,-14.937181,586.5759,138.4251,193.88782,-41.898533,71.410164,22.075092,97.33851,-18.672731,57.24254,31.99365,37.002396,-20.37348,40.588146,15.692359,44.08236,-17.35271,50.550705,14.868898,19.230392,-8.898109,25.626871,12.249725,36.806446,-5.82301,35.140182,9.966224,30.023289,-3.1668837,25.021051,1.9740739,21.615095,-6.924239,26.205248,3.1174815,20.007673,-2.9878943,18.889055,-6.678657,32.055157
hiphop.00022.wav,0.43965498,0.0866305,0.1735269,0.0062595224,2025.7166368995133,507795.4386283677,2272.7738002977926,145540.96703000716,4603.805494751355,2151464.9506929037,0.0753997708252709,0.002547259387349615,-4.1249794e-05,0.012406383,-0.0011178966,0.0134804705,99.38401442307692,hiphop,-100.66328,5409.747,110.21073,854.96844,1.0357687,431.24982,38.765923,271.60522,-14.493545,161.33022,20.652628,153.52562,-18.038023,191.28458,12.568846,113.58751,-14.126208,107.241005,15.102986,121.817,-9.241577,82.236694,11.399988,57.15563,-9.509011,60.654835,8.644918,62.057262,-7.103832,55.24626,2.9938877,53.30528,-4.5059266,60.432663,4.691581,52.280033,-4.123483,62.99474,-2.78631,61.425938
hiphop.00036.wav,0.51878667,0.079541355,0.08916087,0.004119273,2960.013105340155,1472584.0714385759,2558.1335074460126,314205.5580784061,5801.173254432324,3672724.9964762013,0.12089987362132353,0.010228691696903566,-7.3158744e-06,0.007414194,4.8826823e-05,0.003409134,117.45383522727273,hiphop,-220.95444,26187.09,41.13651,1806.8604,-13.99925,874.483,33.61879,461.36624,12.183349,245.21776,13.665729,130.68907,5.954324,107.05568,7.631933,96.92837,5.290375,79.21065,10.4727125,99.38135,4.765573,85.86871,6.5006533,84.099365,6.4908986,91.61132,5.4590783,82.019775,2.5724354,62.32016,-1.635883,55.035435,-1.5488939,52.73514,3.0862727,58.260822,4.928209,73.31182,3.715603,113.103714
hiphop.00037.wav,0.40901175,0.09799577,0.15945259,0.017241346,3770.076510662468,1744112.4923575711,2830.8355158698,302609.03632503486,7050.38236730239,4080378.356968651,0.21284149453366874,0.01472784212859139,-3.7835132e-05,0.004557168,2.9457029e-05,0.033518836,143.5546875,hiphop,-96.6639,6799.0586,30.600752,1920.2268,2.5303547,1340.8284,12.692531,498.26917,-10.973727,443.5047,-2.1038084,429.51562,-3.6324103,262.58728,-7.5899434,159.63493,-5.3217125,149.3612,-0.6840313,101.14122,-4.1489954,95.256516,-3.1092334,83.66544,-4.859254,85.67189,-3.0990715,76.95066,-4.161172,90.38289,-2.5633745,83.245865,-3.4825435,96.58616,-0.34579778,85.946106,-2.8692477,166.36726,2.3299167,151.82127
hiphop.00023.wav,0.38105837,0.082557075,0.19052872,0.003098778,2240.303180287592,250940.43960673234,2193.802836592977,64430.98016675444,4728.03807686726,916214.7500715625,0.10668265044504643,0.0012991381778853608,-1.0131131e-05,0.01738316,-0.0003486785,0.010513066,92.28515625,hiphop,-44.67913,1257.5323,101.19932,333.84787,-26.271496,198.15158,52.930775,98.04768,-11.720016,141.76308,26.934399,70.98535,-13.286411,87.41111,20.705006,61.049706,-17.48764,50.590202,11.86239,44.87379,-10.67016,47.251324,8.376947,40.876965,-15.428061,37.08497,4.8771544,41.530552,-10.053337,40.743713,4.56282,49.006603,-1.9874165,38.880024,7.9827633,39.157467,1.214753,40.76384,1.3717064,45.64926
hiphop.00009.wav,0.5606474,0.07552084,0.21563886,0.009998115,2199.9161931162494,982760.3104024451,2285.598583577631,256544.2996229412,4791.046029200126,3399132.914678426,0.09832480226876934,0.007406455609444651,-0.0009945295,0.025965659,-0.0044716178,0.014520482,103.359375,hiphop,-95.086945,5024.8125,94.193474,1623.643,-2.517668,659.877,49.53372,292.9096,-6.6139855,229.20518,33.199677,169.24925,-7.5960364,189.3447,20.96308,95.04379,-8.853171,114.97049,16.79249,98.73649,-5.245886,101.48063,10.775888,71.04736,-3.4604824,58.266495,7.3106127,57.872242,-3.4420853,60.572525,3.8423052,58.585552,-3.2273757,40.41388,1.7994255,54.938576,0.093205266,71.32267,4.0050592,100.05632
hiphop.00035.wav,0.52883154,0.085371464,0.19127107,0.008461279,2825.5302060644444,1100841.0756841304,2830.7288636632816,165277.22098387723,6190.9792306622485,2925863.132249316,0.10329945094814241,0.008956865770087873,-0.00028707494,0.029974733,-0.0011104313,0.008751569,143.5546875,hiphop,-100.91944,3091.0176,64.29094,1033.9928,12.551603,742.28815,26.481697,237.62596,12.40743,328.3536,12.135959,128.48543,2.469894,143.54791,18.496998,96.95534,1.5057791,88.125145,12.0577135,98.97967,-1.4862086,75.09904,6.7316265,67.105515,3.8606362,65.253044,3.0960424,58.90227,1.7575846,54.401577,4.5550957,42.77553,-2.3657753,42.947872,5.4360013,50.459824,2.7719076,44.180172,3.7227259,42.77165
hiphop.00021.wav,0.4302409,0.08433589,0.24188346,0.005368945,2405.583528376153,522129.71536284464,2268.5435114732063,90685.47231327294,4987.044844022107,1327231.8134258545,0.11973245815595976,0.004084037164350202,-3.6095993e-05,0.024981942,-0.0003406056,0.018424956,99.38401442307692,hiphop,-27.619719,1445.054,94.39549,650.6759,-20.580795,481.39813,49.872,294.22675,-14.710575,250.81303,23.870302,150.08455,-17.608202,121.69145,24.036556,68.11437,-15.884776,68.12691,16.427292,63.925262,-10.625281,63.071312,13.89017,48.149193,-10.467003,54.458942,8.20633,57.404667,-10.300276,55.25921,5.019436,64.54528,-5.749617,77.36677,10.313242,76.52935,3.6337445,94.977325,9.231848,102.32881
hiphop.00020.wav,0.49019533,0.08242498,0.1759158,0.0056658494,2677.5983922065384,467453.17565579026,2262.418722593127,93331.79383343713,5266.376488275203,1045174.4145611727,0.10805943728231424,0.005754914859060182,6.437133e-05,0.026354799,0.00039114134,0.0064948346,117.45383522727273,hiphop,-122.2709,4731.1675,50.584606,1043.0411,-27.789642,793.198,66.590706,484.90536,-6.6044073,295.40695,32.067585,162.63332,-8.222272,244.22806,22.451204,128.9633,-6.9416566,153.8327,21.064743,119.89232,-6.183085,123.09094,13.653635,94.89347,-3.0919614,137.79825,8.706373,94.49281,-2.9218123,99.210075,3.6755152,109.019264,0.27340934,175.59973,12.869027,181.25233,14.640284,202.53592,15.362202,225.87248
hiphop.00034.wav,0.469898,0.081637636,0.22781995,0.0027863253,3191.1765117370255,259302.13566376976,2735.9610117251223,52797.19717641748,6354.219910234859,760548.6467577366,0.16916602167182662,0.0032354991917211205,-7.042095e-05,0.02031872,-0.0012598397,0.01503665,198.76802884615384,hiphop,5.841989,991.15704,53.237312,299.52185,-8.979136,236.05133,26.946,146.6068,0.44115078,163.19025,15.555138,74.76438,1.657118,104.077934,7.6658325,62.811737,4.984779,68.73474,8.606436,66.38558,3.414468,41.422344,8.525943,47.339035,1.1329907,37.747673,4.909482,34.791748,0.8620598,37.42207,3.4024034,39.00362,-2.8807526,41.43643,2.7900434,43.48852,-1.7171189,50.41344,-0.2781786,55.861412
hiphop.00008.wav,0.45344108,0.08804365,0.14187486,0.007853508,3069.395746222052,892105.2179088336,2349.338204102401,104065.84693592854,5752.87354649405,1575812.5104831653,0.17691578584558823,0.01014376734150192,0.0003701019,0.0151942745,0.00054774125,0.0071655307,172.265625,hiphop,-111.16549,7001.7563,55.1944,1338.9391,-18.44469,1238.4005,47.21848,653.89185,-24.78782,557.2706,22.52642,333.2834,-21.138931,336.97095,12.542854,176.28473,-15.849728,158.47566,16.296558,113.09149,-12.565083,112.208885,9.60918,88.99814,-12.127599,83.849884,4.850224,97.8103,-2.2139869,85.05403,6.88599,105.42681,0.49253651,154.31645,13.001817,135.69849,5.9532986,141.40675,5.440599,146.84564
hiphop.00030.wav,0.5392278,0.06638603,0.19396807,0.0008648686,3724.7745542619245,276041.08861594513,3204.9677357968894,38717.51782186555,7641.487126306115,400351.9193499043,0.1727574587606424,0.0023007734293557375,-5.828053e-05,0.019910453,-0.0013920938,0.0076384223,89.10290948275862,hiphop,-23.794031,1424.6699,43.716946,291.67426,30.55069,263.09888,26.501972,134.47083,4.336693,121.29846,21.913748,76.99232,2.576287,68.22599,6.990405,36.547974,-1.4965211,52.4252,4.582283,35.51577,0.41704255,32.271214,2.464586,23.954252,-4.074756,27.239841,-2.0174923,30.373636,-3.5647283,24.426731,-0.12832613,19.908321,-2.4766896,20.396845,-1.0378424,16.561043,-4.7686734,15.395828,-2.6154184,16.61062
hiphop.00024.wav,0.43086895,0.0852855,0.17865911,0.00763134,2517.747734885853,391200.5021605211,2163.4043932433733,176112.69314716457,4926.71187551398,1552255.1692689543,0.13887293198529413,0.0031242829987833867,-0.0018559336,0.007880943,-0.0031176836,0.01903348,103.359375,hiphop,-62.994812,3933.2085,86.3237,619.3702,-37.9473,808.1855,39.573452,382.01138,-16.5329,326.6273,21.116253,180.7611,-12.255193,213.67609,13.094143,95.92745,-12.382425,108.74994,16.648333,91.98689,-3.980502,90.44784,8.853623,70.42204,-6.325512,72.928444,5.704401,56.136204,-6.3108354,79.9239,2.3043609,93.80967,-0.8654882,100.33292,6.517326,77.0551,4.6822124,96.66455,4.39681,87.02385
hiphop.00018.wav,0.46188968,0.0967728,0.16556409,0.007145564,2677.639716066268,1003411.2816339933,2337.276817199031,102876.99308262674,5366.575882383176,1777995.9975462232,0.1457859665247678,0.010628190706877915,-1.373659e-05,0.008305036,-0.00015775043,0.014291761,143.5546875,hiphop,-113.496315,4876.585,68.45945,1635.3263,-15.764092,729.3141,56.38857,583.19745,-8.150662,376.04752,27.04156,290.8584,-12.364465,222.82448,20.665415,132.6176,-12.666251,137.02554,15.433281,112.14829,-10.998275,112.36725,14.049129,98.87754,-12.502553,102.81362,7.401503,79.58548,-13.318547,80.11898,-0.24479035,70.31114,-12.045159,81.676025,3.8187954,86.19536,-2.6738076,95.39615,5.645596,138.09064
hiphop.00019.wav,0.43223494,0.092069864,0.22598088,0.011785885,2470.7222619019626,830863.304601744,2410.2596334667655,393402.1677269344,5256.126550255176,3627329.510478447,0.10016379341621517,0.00321164243664897,-0.0011591408,0.018317183,-0.007154349,0.02680813,99.38401442307692,hiphop,-64.652565,5812.9375,88.217316,751.08105,-10.360637,991.71954,41.79439,464.53705,-2.56113,266.4858,22.901436,195.9905,-6.498876,224.8559,16.630945,117.19795,-5.8019123,149.08444,13.093463,89.93082,-6.9120083,89.14071,3.027008,65.31963,-9.772857,65.60445,2.3434885,57.686703,-7.0578547,70.78083,3.2029796,75.250244,1.7207859,92.679474,6.090178,87.9388,0.37340647,88.63837,-3.036377,79.32734
hiphop.00025.wav,0.50735897,0.07890847,0.25156936,0.007333603,2305.159094553303,502304.33832240815,2227.25945920748,91727.78978407581,4815.479214789329,1332270.879151255,0.10742111914667182,0.004586760842191919,-1.0697447e-05,0.033325084,-0.00034777794,0.019929094,107.666015625,hiphop,-44.374714,2313.3254,93.37466,604.18646,-22.270527,748.2212,48.861946,260.89444,-13.884773,210.0563,34.419384,131.29745,-6.2979827,139.81711,25.889359,94.058945,-12.322336,74.171745,20.435734,61.391968,-5.749465,69.77813,11.854348,55.37845,-11.549436,67.6106,10.156776,52.07526,-3.9590342,72.10892,10.58692,77.74814,0.8432876,86.609055,9.215949,87.93708,1.7228959,91.719955,-0.23039746,102.838165
hiphop.00031.wav,0.4798458,0.08207582,0.21307458,0.0035854105,3084.823804546642,554994.9401960314,2970.61795564429,103306.64426076924,6779.025674825852,2160805.0688468404,0.13644361938854488,0.006458001940550383,-0.00015651084,0.02392107,-0.0011885145,0.011292376,99.38401442307692,hiphop,-25.108788,1381.5844,60.825592,532.1105,-4.1871734,367.40656,14.84839,382.26895,6.795023,124.48539,6.0983343,134.23605,15.451296,127.995766,3.784735,147.9855,5.6598086,92.65815,10.247507,74.253746,0.8633308,72.358536,4.1838894,68.001785,0.9262049,63.53253,3.2527385,68.34941,0.21559039,55.676373,2.6983185,54.269707,0.70473075,63.101013,0.89628994,52.377106,0.3617592,47.20572,-0.006407416,57.017918
hiphop.00027.wav,0.42773268,0.09637941,0.13497086,0.0017986499,2637.4232219262044,1084252.3407256093,2630.9986673861804,216184.71626768383,5629.507625804228,3270599.2624672796,0.1028002098248839,0.007420811386053505,0.00062202825,0.010082982,0.0011975884,0.006428308,92.28515625,hiphop,-109.07124,4275.9683,76.91491,1344.6439,2.592334,667.2877,19.059635,308.3054,0.5502823,305.87567,8.174562,145.85458,-8.068408,207.57343,5.9523516,118.517296,-4.3305674,93.360855,3.6560755,101.44577,-1.5556679,116.92235,2.6334877,97.12117,2.2520404,100.13166,2.8522258,69.22222,-5.210044,79.66127,5.3580384,81.70331,-6.1856155,64.909775,2.2385306,64.68404,-2.470872,54.206993,-5.9738307,69.8278
hiphop.00033.wav,0.5003266,0.07848206,0.21436137,0.0030853106,2982.0828218625525,834639.86223114,2730.392872962765,189754.93151873533,6160.654414032266,2633599.3500821036,0.15224662284732973,0.0077409175672182315,-0.00016230036,0.026791876,-0.0012512929,0.0099674305,198.76802884615384,hiphop,-31.93763,2385.5947,59.89348,1159.7418,-2.7075212,601.95557,33.514893,523.23224,13.086964,270.26166,9.461902,157.59976,-1.6719099,190.33707,14.184528,82.995285,3.138348,95.098404,6.803654,74.75672,1.16956,77.43733,3.8993716,60.598362,1.6967896,48.027744,1.254311,40.74756,-1.4599715,55.93319,-0.16600102,45.687893,-1.5947375,41.530434,1.8287374,37.98167,1.5520316,38.004547,-2.302336,31.640854
hiphop.00032.wav,0.47533038,0.08821424,0.13448663,0.0052137547,2145.890945678912,950948.894706376,2441.669949507938,237543.5711345867,4529.893202670785,4008088.82671611,0.07872191436531008,0.004384389986005313,-0.00029982664,0.010168402,-0.0011929442,0.0057547293,99.38401442307692,hiphop,-148.12135,4682.0854,90.56765,1364.645,-0.27532333,613.23315,28.855238,377.36578,19.306164,255.15266,15.245029,174.60625,4.281466,97.59764,15.519956,77.08799,1.2726042,86.46025,11.129076,77.662575,8.849079,87.659615,6.316172,73.642334,1.6312523,40.871384,1.4264013,41.546177,-3.4119391,33.624012,1.1954082,34.125675,-0.7235133,38.630222,0.7817316,43.29166,-0.45094875,42.98598,1.7203562,66.53333
hiphop.00026.wav,0.47551492,0.09029704,0.1641434,0.0062906365,3459.980501661103,1047709.6717069957,2916.898258706314,111923.51839247832,7022.724201214202,1746173.969408177,0.17347174015576625,0.011767681303183026,-0.0003861509,0.011317602,-0.001073388,0.012318811,103.359375,hiphop,-103.22315,4758.6187,30.57212,1142.3442,20.809034,872.6711,45.81602,351.294,9.800678,280.72964,8.6273155,247.25528,1.6164563,316.2421,12.33468,183.8617,0.51866466,158.90845,4.9922223,102.55394,-2.8359497,87.375435,8.032367,95.10858,-1.3974609,84.32552,3.3177283,72.67116,1.2085941,63.148655,3.301628,79.62989,-2.6962645,112.8862,5.636079,91.61306,-0.7149581,122.94909,2.758796,88.90773
hiphop.00069.wav,0.48957697,0.08905131,0.27176604,0.006866904,3299.440188118393,995316.1660626736,3139.542709498119,85988.18224313275,7082.1738417303595,1443325.0539356135,0.1209660107875387,0.007066564585005793,2.4649386e-05,0.04857101,3.7497008e-05,0.012354771,129.19921875,hiphop,-59.209255,3867.2524,36.208042,930.8947,39.83428,578.9703,49.976196,392.82538,10.15085,276.81897,16.890434,127.99832,9.769879,156.01132,4.446044,124.699295,2.4115605,110.89598,1.7071006,94.956795,2.3673706,104.11987,3.909562,71.461655,3.2013638,58.725708,2.6227622,41.450863,3.2187157,50.691795,1.4757419,37.62001,-0.6944125,36.270546,-3.1585228,31.747297,-2.104499,29.153206,-2.3737836,36.17322
hiphop.00041.wav,0.42498425,0.091539755,0.18603957,0.011356108,2708.8083141428915,707406.37435997,2664.597965097762,155338.81500131357,5556.016403528928,2496837.480228293,0.12015460223974458,0.004531102175699056,4.1433063e-06,0.02287793,1.8262104e-05,0.011818671,92.28515625,hiphop,-76.582634,4486.923,68.337524,1128.179,-0.9878047,452.0305,30.346247,466.20773,3.6340492,414.4436,5.2012167,172.81062,3.2781925,153.14476,2.9408545,164.67824,5.5551667,128.2075,4.673672,78.74479,4.3292913,74.22562,3.4459429,80.16411,2.8557055,75.03367,1.4406077,61.300117,-2.3228574,75.94236,-2.6037676,62.673073,-5.0569625,59.100994,-3.9807496,71.59784,-5.5648823,92.49859,-0.00071201386,80.3356
hiphop.00055.wav,0.39065877,0.097344495,0.1337594,0.00490787,1735.5854903743884,525230.124604084,2055.9870271957616,144993.41744461947,3552.961849059114,1912674.1249614328,0.07250031745839783,0.0030062908204077695,-1.8283927e-06,0.0113332,-9.593011e-05,0.0050963257,107.666015625,hiphop,-161.47679,2853.2554,104.041115,753.48175,-10.936409,394.39127,43.69308,222.26534,13.973775,190.71716,14.462216,123.37275,7.5062613,156.05737,9.481564,57.336906,6.4391665,55.00831,6.9952273,62.899265,1.3608631,55.422237,4.438623,72.22932,-2.926756,36.216976,-3.2144325,40.253742,0.044584908,35.04127,4.159957,51.151268,-6.4395256,60.759216,-4.9638324,41.067024,-4.2142115,44.090622,-2.2782378,33.350323
hiphop.00082.wav,0.50361925,0.08316437,0.10228207,0.0021294544,2290.107317796501,382711.35916818224,2181.5890272480765,58980.752192944106,4819.512523733794,885095.5455170674,0.11322947404702012,0.00485650424117832,-0.000100928504,0.0071930457,-0.0009488498,0.002093294,107.666015625,hiphop,-122.780525,958.6103,95.06129,509.4409,-29.36325,288.86957,46.78005,120.5267,-15.998561,130.25162,27.117586,89.18431,-13.113779,123.53721,20.258003,94.86776,-5.389465,81.88606,15.459252,57.62985,-6.909567,68.132195,15.645838,57.987328,-6.707096,57.09678,8.281757,52.73501,-0.7531099,48.74377,9.420004,37.861782,1.2628134,64.03231,1.6747185,55.494667,0.48605144,42.31656,1.6133196,45.699356
hiphop.00096.wav,0.42474797,0.08752777,0.11082602,0.0013749085,1752.0147471390123,162085.6998451009,1811.3360784876797,68773.26325423607,3488.9455694901317,724165.3548936434,0.08312648147252322,0.0009154604845568311,-9.596994e-05,0.004212324,-0.0009615167,0.004687324,107.666015625,hiphop,-128.15352,2216.9915,124.5842,461.4551,-37.200493,415.38184,43.892124,268.2026,-12.789882,329.42276,18.988998,171.3176,-9.285406,139.13681,19.78161,89.35223,-6.8781185,88.22372,13.477492,68.977264,-5.979898,63.292534,12.329025,55.73204,-4.6527686,55.06256,5.8328543,52.584545,-2.872883,54.37996,3.682468,43.838802,-1.8806285,44.5534,-0.13902049,36.873352,-2.0508018,38.99378,-3.2196095,40.254154
hiphop.00097.wav,0.4738047,0.08476178,0.11850105,0.0017431502,2581.727525217468,347033.3746837677,2526.217464934699,39654.323532779366,5731.648674837945,618562.0712013892,0.11598796076818886,0.004184076397181926,-6.1023293e-05,0.008147696,-0.0009820746,0.0030016492,151.99908088235293,hiphop,-111.189964,1202.2334,80.63883,413.59497,-0.87596005,248.40286,50.6178,188.38881,-13.474105,216.0307,35.3258,85.877464,-14.840684,94.464165,21.193808,89.88874,-13.577967,54.33297,19.628597,63.78301,-11.768655,65.154594,16.968807,74.781395,-9.362856,56.868904,8.700684,57.17615,-9.8925495,45.04322,5.8139815,52.902706,-9.137596,44.93012,0.87771124,64.97625,-5.991048,71.73437,-0.30923557,66.59222
hiphop.00083.wav,0.44792578,0.08535132,0.11063568,0.0027083384,2368.028894955329,313573.7697588242,2303.3456645230367,67752.67517371544,5017.786324799245,1056800.209031015,0.11085004776993033,0.003539866787685793,-7.903691e-05,0.00782377,-0.0008394494,0.003529467,103.359375,hiphop,-122.01623,1854.6997,89.59382,398.32098,-25.749514,344.56424,40.978493,238.947,-4.280537,183.20767,27.57391,140.96045,-15.565974,162.1101,22.4104,110.708565,-10.840677,77.33823,19.818462,93.83438,-8.638997,78.022514,19.10022,75.789894,-8.472635,61.9412,9.432505,66.888695,-3.4016783,62.461018,0.9833335,65.6255,-5.649017,70.21984,2.0140295,63.192387,-4.319846,66.913734,1.8859327,66.308655
hiphop.00054.wav,0.44697666,0.091743015,0.124151625,0.0018579143,3258.7937668169607,837755.9787243397,3321.233022757826,113712.54991295615,7619.562258882788,1729199.5554566048,0.12631934198432662,0.005985419867350185,1.145596e-05,0.006164833,-2.8128418e-06,0.0060223076,112.34714673913044,hiphop,-104.715996,3076.9016,64.0346,657.4766,28.791668,614.1457,10.54608,250.28976,15.168903,202.44193,13.066784,90.41006,8.023293,117.199486,5.2342043,113.23624,6.73682,88.41422,5.12485,65.057434,4.4460244,66.75757,4.464318,55.17274,3.354734,68.70693,2.422061,42.647827,0.18586996,44.765034,-1.5202584,37.918682,-2.5679927,35.95453,-1.1960529,27.879227,-2.1893506,28.286871,-1.8801897,33.325943
hiphop.00040.wav,0.34758487,0.09427393,0.13060717,0.01090222,2431.6745536158296,2071494.5472120824,2783.1825288783557,508271.4864983125,5276.543093465799,8292586.620520441,0.10152508526025542,0.013376194887132965,-2.7720944e-06,0.009171885,-2.4100691e-05,0.0105930595,80.74951171875,hiphop,-185.25148,9969.373,96.742805,2126.0198,44.600403,740.07513,13.892823,308.5688,6.01466,247.29659,-2.9065557,238.54791,3.261851,205.33173,-9.664786,142.30519,-3.6485925,140.93411,5.251207,143.73367,-0.9549688,125.71619,7.687712,130.18625,6.0880246,103.18291,-0.11232198,112.09172,0.57322156,78.358574,0.50927186,89.99154,-5.869581,91.16117,-5.4587727,89.799576,-3.0603397,87.06966,-4.7819695,125.16577
hiphop.00068.wav,0.4221081,0.08864454,0.22879635,0.011981034,2545.058137328884,721478.0617822956,2748.0036712223564,153279.52407700077,5683.715631349168,2462603.659799558,0.09572391096652477,0.0030080306379914523,-5.241227e-06,0.025335131,0.000675618,0.016207507,95.703125,hiphop,-66.06443,5504.1987,74.91577,810.96655,20.634378,448.12424,39.27426,363.11972,8.157337,202.72298,15.135332,98.391525,-0.38283703,100.20775,5.5729513,83.72589,1.4617356,79.30786,-0.6336607,83.60875,-1.571073,51.707516,1.4559902,42.54336,-2.414519,38.042522,-2.19372,44.370285,-4.3210588,34.52907,-4.420351,30.063524,-5.131101,36.98963,-4.2903647,28.109371,-6.3375936,37.859745,-5.0165033,31.47878
hiphop.00056.wav,0.49168044,0.08682575,0.16661067,0.0017464589,2355.621296823601,355324.04962322337,2496.919774597185,112792.56412550666,5176.777030070869,1259073.9671551345,0.07013033934791021,0.0011047645587047442,-8.9811465e-06,0.019394774,-9.6138465e-05,0.0037210595,99.38401442307692,hiphop,-101.081245,2876.545,72.40871,441.75565,-2.3747907,494.6191,46.05117,220.9657,5.5450935,152.64822,24.215153,84.64649,3.540355,84.01124,14.531002,68.572136,5.654686,84.19483,13.53511,95.26415,4.972193,53.8222,9.905891,54.03777,2.9368954,50.733364,-2.9988053,68.63505,-1.2425075,44.26811,2.3058746,34.591206,-2.819226,28.791868,1.7559552,43.34245,0.85589564,35.401447,-4.3526983,48.997654
hiphop.00042.wav,0.44883358,0.09029958,0.24808368,0.008290811,2908.796471318714,993831.9464285141,2763.7327112504013,149570.1831755553,6030.596867139126,2498293.4228982455,0.10257420967976007,0.005718870116041828,1.8633592e-06,0.046398755,-5.671844e-05,0.012597913,92.28515625,hiphop,-74.35974,4348.4526,48.817753,1143.1416,4.047643,752.0491,35.84637,330.03613,12.4972315,262.15155,13.47496,162.11266,9.024468,165.29199,12.56751,134.25195,2.486558,120.12921,12.132177,101.617165,9.134346,95.40395,3.9287133,81.03148,4.571033,122.78056,1.3762095,93.48617,3.1932342,96.40318,4.3325377,102.73319,-4.2572207,65.88285,2.8328745,97.10752,2.6930997,127.052124,2.7469273,112.621254
hiphop.00095.wav,0.5623587,0.068006866,0.10348285,0.0017916741,2735.7958021204067,280127.7498215289,2295.456105176155,50903.13900458876,5419.742227560227,662211.5993560096,0.15760335538409442,0.0028931496023742137,-2.3630057e-05,0.0037146984,-0.0007590692,0.0039329617,112.34714673913044,hiphop,-92.59166,1413.3846,77.41268,362.97375,-32.75637,295.9231,54.59612,137.00578,-13.199196,86.68708,33.65628,82.72578,-12.085772,79.57324,28.015388,68.16754,-11.966782,59.950127,18.82935,51.040394,-6.6704774,46.694633,13.036639,29.808516,-7.0213475,32.876526,7.0742083,31.552198,-4.5371237,30.780872,6.4979115,38.12575,-2.9733756,43.582184,3.7062724,35.997166,-5.411391,34.28675,-4.2134695,34.02375
hiphop.00081.wav,0.52058536,0.086147666,0.08638297,0.0033905632,1469.3760072038708,354534.27299328364,1954.524331719364,180388.23229941007,3277.0468508126937,2644388.9082763004,0.05177973224651703,0.0011604635701247467,-0.00014595254,0.0020691482,-0.0010928862,0.0056296107,103.359375,hiphop,-216.06976,5019.5156,122.55899,532.6448,0.93731654,768.1313,39.356617,310.2372,9.2882185,253.28009,26.045794,159.74062,-4.0278053,172.6012,18.256382,109.765236,-6.51141,97.84775,13.911774,90.52187,-3.072288,82.725945,8.876831,51.197872,-4.358553,58.221966,4.691729,45.895916,-0.10699996,57.431866,0.9101864,33.021255,-1.9222299,36.841698,-1.7801151,40.681515,1.1610223,50.5786,-4.025159,40.923542
hiphop.00080.wav,0.4035689,0.09754673,0.14134684,0.00064915384,3377.342805929625,819985.7124904401,2996.5226327289342,136305.87846684238,6892.483322096314,2250144.9758217395,0.15500095237519348,0.007261173763194843,5.557088e-07,0.009298698,-3.7705562e-05,0.005605087,95.703125,hiphop,-64.00121,1803.7493,50.804565,662.1253,6.6021595,489.73752,27.830774,255.15591,6.6337037,189.99591,0.2985534,130.84367,2.8219564,118.70043,3.2134213,97.34654,0.16524184,114.482994,0.6103197,75.433754,0.09556544,70.92087,-5.067103,67.33706,2.66281,76.96483,-1.637957,63.18161,3.1019537,62.10056,5.152146,60.572697,-0.835596,74.40464,4.8471527,53.10895,0.24540167,40.59883,-4.849838,50.90091
hiphop.00094.wav,0.45894215,0.089296415,0.110711865,0.0013324319,1929.5861395660718,310801.23447712325,2249.244728720608,131714.38030050762,4411.223325936049,1993322.664617112,0.054190904363390094,0.0009651973198417903,-0.000122028825,0.009482025,-0.0008928304,0.0019572605,151.99908088235293,hiphop,-169.93532,2853.5203,98.05762,696.263,-11.311489,406.14056,38.265522,262.2778,5.069619,306.40668,25.395584,222.32208,-11.830673,178.57047,25.108503,103.94761,-5.558388,146.57927,19.205223,91.29326,-2.9109883,95.37924,18.213062,83.08616,6.10538,88.59714,13.954815,59.440773,-0.30130035,70.74729,12.484424,60.964954,0.40843403,58.274597,1.6486975,51.094807,1.5285935,46.482677,2.8091319,52.260654
hiphop.00043.wav,0.44521865,0.08938989,0.13564475,0.007908297,1834.8226201664872,903225.8424168039,2225.1515450948054,463676.3394214924,3847.810066152283,4873262.743360062,0.06156538735971362,0.0015745224715796584,9.625753e-06,0.013463258,0.00017796327,0.005511379,89.10290948275862,hiphop,-155.63774,4999.2866,113.65832,1626.3479,-4.024229,574.87744,18.278227,327.74112,13.483908,163.4163,8.251857,146.13124,8.810651,128.17604,11.110943,112.34336,8.910264,120.315254,10.224346,74.15985,6.1002116,64.627106,9.738549,76.39581,9.320227,41.19583,2.259448,46.77688,2.8474395,47.06837,7.5475535,57.151768,-2.662322,55.8348,0.9173482,45.155857,0.44310457,39.23275,0.7698159,44.15195
hiphop.00057.wav,0.40067205,0.096864104,0.22475857,0.004115102,1811.0907893923022,413194.16401437804,2279.385519549546,107842.78609081169,3889.9348114297118,1756369.448537025,0.05145433738873839,0.001485184235806551,6.5532836e-06,0.039661,-7.228532e-05,0.0052763284,89.10290948275862,hiphop,-113.628265,3849.9106,87.07087,514.8518,-0.6380835,505.8339,52.25518,175.44797,19.377625,137.13556,19.676193,93.1898,15.387045,84.63674,13.71075,69.01847,6.951093,38.51986,9.07707,52.461494,7.965796,42.192245,4.412705,57.713055,-0.15473127,64.47465,-0.4329041,58.29765,0.22154196,26.96556,-0.83721715,37.534203,-2.17967,56.168938,-1.9916912,44.592636,-4.4428053,35.980198,-4.301019,53.133827
hiphop.00053.wav,0.5068888,0.084044196,0.10891584,0.0013992998,3079.1103340087907,1317102.0701028593,3220.8563159505225,240788.48472058866,7003.240985693208,4566990.967616093,0.10707796173568111,0.004928648851184939,-8.103347e-06,0.005299953,-1.2098497e-05,0.003761623,107.666015625,hiphop,-144.97781,6566.4204,66.67153,1117.9205,44.280052,642.00964,22.528505,456.34045,6.5213594,226.53311,8.85033,126.24961,11.895541,136.06166,5.837181,89.51858,3.0436742,78.540535,6.451863,96.45651,3.56229,77.94561,2.5228522,62.902004,3.8309376,56.774586,3.7200966,49.58073,6.821516,60.027645,5.0689015,81.37038,0.47715914,52.77193,1.0826528,37.17863,1.9560732,54.835308,-0.07564607,37.80517
hiphop.00047.wav,0.44940633,0.0949456,0.24710079,0.014612747,3236.2092131808367,1285204.2252387796,3272.1557177055006,150988.83638479753,7338.638957587558,2668434.287754959,0.10935685952012383,0.009231510217108274,-4.8057777e-06,0.04020074,-0.00016733073,0.016112456,95.703125,hiphop,-76.64228,3623.5054,52.776497,745.6749,34.640076,525.74084,26.187645,297.7688,16.660328,254.96715,11.346408,183.47118,5.853892,130.33836,6.9042377,143.39944,3.664476,113.012375,-0.960427,102.57118,3.875897,91.11834,4.4879446,76.71096,0.63659954,73.48456,5.4337535,66.51681,4.1940684,54.69911,0.8124227,51.43133,1.6306313,46.411686,0.6943535,37.74205,-2.8060632,32.455784,-3.4109476,42.06978
hiphop.00090.wav,0.48243105,0.086242266,0.109101996,0.0017831724,2272.8344394005203,222419.19556460524,2327.2378038657807,52277.841469738414,4965.044977052293,952415.9763597355,0.10450163566660217,0.0022965135434563073,-1.26192635e-05,0.005626996,-0.0005333544,0.0037683754,151.99908088235293,hiphop,-109.50918,945.60364,97.389565,247.10144,-20.619621,224.13141,37.36667,129.10963,-3.1259978,123.1225,28.611204,78.622246,-14.169424,129.68274,23.86211,73.22973,-8.736171,78.916176,19.892464,60.0898,-11.298631,58.85559,17.939692,50.916542,-3.482387,49.851707,8.219098,46.227966,-8.952912,45.227108,9.264581,39.539425,-4.989858,52.32732,1.8386621,62.264126,-2.2514331,56.436375,0.675371,56.98262
hiphop.00084.wav,0.5133563,0.08336268,0.065886386,0.002008011,2044.4018831699113,589647.8794644737,1933.7322920186132,140227.7649036262,4075.008692313274,1881921.9138158287,0.10514864611551858,0.005006585277986261,-0.00019096414,0.000846349,-0.00034323416,0.0044389158,112.34714673913044,hiphop,-214.31303,4220.356,100.31755,1639.827,-33.45657,633.27747,47.25948,563.4922,-8.953328,377.3167,12.991591,345.37204,-17.322506,230.66873,11.068475,177.08784,-11.724059,169.35434,8.812742,123.46648,-7.8322988,100.38287,6.2648187,86.87587,-0.10495942,98.93169,4.896774,67.56859,1.1980615,62.666977,3.7862828,49.20602,1.4717628,56.64944,3.4848027,47.664024,0.6526584,44.61882,4.15107,42.67545
hiphop.00085.wav,0.4767985,0.088246584,0.1062111,0.0019473365,2607.90147773215,304890.2942676034,2392.19494963041,54529.426080588375,5535.341528547068,647781.3994269825,0.1272399713380418,0.004690305573444445,-3.2145006e-05,0.005812076,-0.00059880025,0.0037804,112.34714673913044,hiphop,-114.30269,1588.0109,80.86408,366.8426,-18.181608,393.55286,50.662548,196.49815,-14.933624,197.35036,29.2647,86.848335,-20.050333,98.59176,18.588348,81.02674,-17.686914,67.0707,16.67295,58.98276,-11.416136,56.88967,16.297127,58.815437,-4.473333,63.09034,10.56288,52.528294,-4.071208,46.045597,9.144475,38.54109,-2.847377,54.1792,0.63792795,65.134445,-1.9969021,53.5817,0.5702691,73.932236
hiphop.00091.wav,0.5337824,0.07365444,0.11357303,0.0018800744,2628.9767336632103,260894.85509035923,2350.956242233718,51849.553944464256,5411.725609368953,642897.6734896062,0.1385550956607972,0.004137619563724458,-4.7598678e-05,0.0057769325,-0.0008297073,0.0038897777,103.359375,hiphop,-105.56951,2076.774,76.67491,342.92923,-24.774305,400.46014,55.19899,201.18896,-8.257658,219.10338,28.899265,127.6541,-15.7475815,143.79329,26.304573,106.926735,-8.491439,94.80423,20.454643,81.63571,-8.151382,87.42249,13.922347,79.56635,-6.5663133,69.81377,9.869241,53.28379,-4.8636723,76.3638,5.876529,58.167015,-1.9471784,70.47409,3.965411,50.317783,-3.6028059,62.071907,-2.288011,67.52275
hiphop.00046.wav,0.49217638,0.08302666,0.2280169,0.017961703,2306.7863336384894,903851.6553243893,2601.543623409246,205837.2428016105,5000.353096882256,3719795.011736483,0.09149226610874613,0.00403878954279137,-1.6481337e-08,0.023745917,5.3820517e-05,0.025426265,95.703125,hiphop,-75.66786,4636.813,91.0224,1079.6365,9.86494,691.2014,25.09408,256.9982,11.801716,220.41013,10.166983,109.76852,0.12458095,112.28592,8.227129,101.19483,1.6348943,96.68186,0.4970397,91.42438,1.8070879,62.442596,5.4929857,74.578896,1.2929039,60.5893,1.1345568,42.739017,-1.1895081,68.58394,0.37554058,40.05547,-1.2076176,61.36265,-2.0606055,32.45595,-1.2071043,28.591715,-2.6347067,38.99679
hiphop.00052.wav,0.46139815,0.0896094,0.10996669,0.0016190173,2595.782821610755,1373917.670380819,2881.612646336387,238446.67130001963,5858.622907042134,4528363.672473776,0.08231280536474458,0.004234154787980123,-4.0400973e-06,0.0053007505,-1.0925763e-05,0.0047077863,103.359375,hiphop,-146.51694,4865.366,81.558525,1185.5457,31.962297,490.30267,22.430374,212.65009,5.098355,177.09796,13.628087,114.87151,6.495129,105.110695,8.408916,98.15524,4.438316,82.88268,5.0106626,67.56977,1.8354231,51.92328,2.8645813,38.370384,4.5268016,46.85998,3.8527682,51.975044,1.3351526,46.755238,1.2303361,48.813267,0.5773533,45.273457,-0.170941,29.556229,-0.659073,32.05665,-0.08891941,42.177475
hiphop.00044.wav,0.35554135,0.0895489,0.038039632,0.0010156829,2548.7636099360616,1127216.0045244321,2344.8395970517513,258899.8174348409,4537.730894295424,3833246.517944751,0.14338613220781735,0.008566497656628752,0.00014316027,0.0016524456,0.0001488723,0.0004105737,117.45383522727273,hiphop,-267.52255,7846.1626,77.792114,2020.7546,-18.189768,1601.8547,18.88814,360.2677,1.994397,253.52,-7.588774,345.86765,4.7138777,210.76578,-7.698333,145.13979,-10.356959,125.76722,10.975267,175.78432,-2.8659422,114.90775,-5.757438,146.32501,2.347153,102.60265,-7.099608,79.56736,0.40505198,84.85216,-1.804337,92.664474,-8.364888,94.48681,-3.0725448,92.59665,-4.399869,76.80024,-1.651445,112.38688
hiphop.00050.wav,0.42703882,0.09594032,0.27364036,0.010583121,1683.7287656142807,649293.7545239165,2428.093966088148,349504.3929306501,3619.3447809839395,4809728.660615087,0.04244418779024768,0.0009616205321142668,-1.3121431e-05,0.048557762,0.00021425275,0.016489414,99.38401442307692,hiphop,-114.06302,4388.899,110.11895,1222.7941,17.930183,789.5182,37.930096,310.8996,27.968828,319.6608,1.4038033,199.3391,15.55362,166.7774,1.4255456,113.63972,7.3542895,91.44918,-3.3255098,105.06161,8.241861,83.82028,-0.18475705,64.774475,0.6828673,78.231384,3.3338144,56.297897,-2.4720285,47.5154,0.7509779,40.912766,-4.8478117,38.6703,-2.3932738,44.086563,-3.29144,45.757698,-4.6098485,45.510536
hiphop.00078.wav,0.42499024,0.09789845,0.23721823,0.0277081,2328.3253525938053,1293680.961462623,2627.229475693976,370941.5413065127,4934.945159061775,5824574.0697458405,0.09669745005321208,0.008230549501237427,0.001216324,0.047290377,0.0011978127,0.021318562,95.703125,hiphop,-111.22915,7030.969,89.94116,1446.8429,4.4531455,1066.37,14.530579,397.11597,9.934057,311.6928,-9.441967,313.25845,2.9049582,154.16289,-0.13894072,175.33899,-3.0650673,163.39546,3.2723684,119.84594,-1.4969656,112.82635,1.5704436,89.17248,2.3964047,115.39798,-1.1631626,66.04917,0.87109846,73.879974,0.6744047,77.329056,-5.169126,84.30634,2.7299318,68.90047,2.3492882,59.639378,-0.2558081,55.11235
hiphop.00087.wav,0.5837967,0.0715064,0.10804736,0.0027414872,2472.488643988058,510335.1455298273,2499.681708769723,61682.76184812322,5509.025021012722,1124188.6589816317,0.08769334728134674,0.005557636561237106,-6.227178e-05,0.008217032,-0.00062782894,0.002473369,135.99917763157896,hiphop,-168.3471,2833.9224,70.93957,273.73712,-3.0408056,398.77695,54.825478,123.72661,-12.10462,162.25833,30.515268,131.28302,-1.5212908,168.92062,28.844463,92.53785,-8.925714,110.61547,18.759966,51.219494,-6.6007915,80.918884,14.6028805,40.21358,-3.5750637,48.508827,14.192752,28.55551,-3.9637115,49.047554,6.930111,28.579367,-4.1718354,37.57423,5.868638,25.856415,-1.5135263,54.107895,1.2838982,32.94994
hiphop.00093.wav,0.4765214,0.079732895,0.06723458,0.001955943,3185.142164501915,426844.54355119006,2603.538870863959,28871.867151208015,6277.937038173616,304312.53436912625,0.15219749238099844,0.005551936286839421,-0.000106139545,0.0021567806,-0.00075265113,0.0020290762,117.45383522727273,hiphop,-191.63844,3305.1143,41.317802,403.78134,4.992499,447.7258,65.465614,221.05315,-4.320229,210.5908,42.641537,135.60854,-12.253161,116.81272,23.817207,82.906105,-4.2732596,97.23207,16.03992,87.83174,-5.0856843,97.90105,16.431042,74.64199,-9.372979,59.568626,6.6640673,50.021362,-2.7305558,56.06807,-0.44324705,58.48517,-7.421273,58.95798,4.5704145,77.09917,-6.97458,82.516266,2.4684422,123.64757
hiphop.00092.wav,0.47778267,0.08198089,0.12256441,0.0015880949,2330.8396284977375,276720.08849961875,2664.205681426961,70025.05936319169,5837.598034176664,1157662.7572788221,0.07263901654411764,0.0015312411967055043,-6.1542455e-06,0.0105603635,-0.0009043242,0.0019366604,112.34714673913044,hiphop,-144.99234,1917.0754,84.061775,280.76102,10.848203,445.62772,43.601334,186.13727,6.2818995,355.79077,36.12911,118.70443,-14.662279,131.50752,26.805468,111.87558,-10.33603,78.36934,24.696184,76.70087,-8.72415,66.060776,18.79265,55.716755,-4.3968787,95.55023,9.877954,66.65825,-8.135771,52.294712,8.817563,51.057602,-7.885718,49.30403,2.8736496,67.30957,-4.3461523,51.744328,-1.117504,51.443947
hiphop.00086.wav,0.47983924,0.0902898,0.07905022,0.0018029903,2083.393807295725,443670.78366510913,2197.9591095089268,108947.31513133673,4478.756250907024,1755583.875884777,0.0798679977747678,0.0029389413020651694,-3.254188e-05,0.0044645383,-0.00048371518,0.0014558524,99.38401442307692,hiphop,-198.97505,3204.678,92.61563,739.8732,-19.53599,382.41074,39.540478,387.9662,-0.64480925,295.64127,33.591434,167.75807,-6.4655647,128.51387,27.51714,108.10963,-2.412998,92.080154,14.994365,119.18661,-2.9805148,108.524414,14.907302,96.04823,-3.3871675,86.77153,9.281903,64.95106,0.8351726,72.89853,8.28487,56.35249,-0.5857252,61.834637,-1.613675,63.75187,1.2587285,46.022846,3.052636,57.551888
hiphop.00079.wav,0.42727414,0.09151652,0.15468617,0.0047245556,3213.1475995725405,1411656.915224566,2834.0488919453637,332033.761824593,6312.970159666457,5395619.327422806,0.17240182976973684,0.009811654169745566,-5.348824e-06,0.006474924,0.000101621874,0.014232618,103.359375,hiphop,-79.74996,8506.413,62.27512,1490.2769,-5.1084466,937.86127,18.229969,552.5976,12.862356,299.81564,-14.114573,395.405,4.9116673,228.69516,1.6750953,216.71982,-5.7800555,145.36566,0.8144436,137.75124,-3.8078806,99.81915,2.0120642,83.96407,3.4144382,83.00242,-2.8724234,79.194176,1.2645156,65.71981,1.752267,66.38531,-2.2722964,64.16191,-1.0350907,78.51333,-4.6091976,61.41461,-2.8224657,55.38061
hiphop.00051.wav,0.39360043,0.09351365,0.24401791,0.0075849444,2500.521404911738,1245791.29012539,2578.083186286891,223654.83459581286,5294.309652700513,3673661.7429251894,0.09951791674729102,0.007515539080702968,-2.376826e-06,0.034994055,-1.0195514e-05,0.015481836,103.359375,hiphop,-78.71352,4965.486,73.09978,1526.0339,21.83404,977.75085,49.21601,346.30945,3.1142888,261.80304,18.307453,106.53258,1.8565904,107.65208,8.398898,70.79905,1.4257842,69.95815,4.219165,80.272224,-1.3232716,50.81707,1.2506557,56.29298,-3.0139785,51.985844,1.7983278,40.678455,-1.8407835,39.679348,-0.99266994,42.824356,-1.9069359,56.16808,-2.634608,53.51635,-4.791962,40.41688,-4.8620996,43.68294
hiphop.00045.wav,0.39005402,0.10198623,0.18296981,0.008879105,2706.6714628489012,1573821.5872169947,2941.23259807602,269326.6734938954,5996.322074394108,5460111.325805199,0.1125715037248452,0.011175358667023466,5.180979e-06,0.014491862,1.265015e-05,0.014751055,184.5703125,hiphop,-121.61006,8860.016,76.91941,1487.2216,29.013481,1189.5806,9.935919,501.37762,3.1737647,313.17545,5.175322,357.1024,4.9683127,274.08414,-1.0265123,227.06042,1.1707611,193.1173,2.1393538,164.99586,3.1176481,119.349915,1.1366776,122.13151,-0.78206104,70.057236,-4.9822216,74.692444,-0.12525718,71.468445,-4.5053763,65.67421,-2.1900976,71.04211,-1.3730918,74.46298,-3.1559749,102.97987,-7.364276,98.299286
hiphop.00048.wav,0.41634825,0.088977575,0.23021632,0.012421525,2344.385703637443,857259.8751130899,2682.0326323793884,280140.40511903045,5394.20071533959,3651043.3907022905,0.07745040090460527,0.0023871510541068047,5.3929857e-06,0.028913008,0.00076420704,0.014250555,95.703125,hiphop,-87.680786,8905.876,79.37558,979.9464,25.071245,376.0884,45.16531,278.43338,11.199144,141.2859,18.170174,77.794525,3.5208578,68.30634,6.9955754,42.644817,1.2674153,58.182735,2.360788,56.411873,-1.7764663,41.995792,-0.012601799,26.867039,-2.7059743,30.097486,-0.4882839,24.398643,-5.2594147,27.582672,-3.8652692,23.007605,-2.5075834,26.846561,-4.6821017,19.165777,-4.984883,18.268326,-4.423426,23.310865
hiphop.00060.wav,0.4396849,0.10334631,0.18021107,0.00393487,1717.834483382323,345792.18190525676,2052.410769263657,130357.37390364875,3686.911039086687,1404075.5299989404,0.05390783729198916,0.0021890326008240776,-9.611169e-06,0.028272845,-7.6675504e-05,0.003347206,184.5703125,hiphop,-153.50096,5124.802,92.7777,495.64966,-15.882089,689.35333,57.952423,353.61798,8.575668,266.27866,18.462399,123.24622,13.276261,125.59704,11.162719,88.06428,7.613732,70.14732,12.974225,99.90457,5.661205,66.12951,7.017446,55.42662,2.8843374,59.200188,1.6163466,57.53056,0.01203087,51.221447,3.0243316,42.314163,-0.23418826,40.20701,-1.3870298,39.22924,-2.3182173,36.29141,-1.327176,42.551506
hiphop.00074.wav,0.47394475,0.08401067,0.2083498,0.010338802,2775.2916756205336,726771.6361144438,2712.623765856432,117278.9448145988,5969.305571092541,1552566.3460612115,0.11079033535700464,0.004700854045594119,2.298452e-05,0.030461758,-0.00012243041,0.009778548,99.38401442307692,hiphop,-68.78752,3290.7546,62.373886,706.2875,24.279097,690.04517,53.785713,389.11584,-1.9191564,240.43875,12.823493,106.92599,-4.35876,114.02697,12.354515,73.4102,-0.22019345,99.992645,9.053527,71.18485,-0.9775518,64.625496,3.94197,64.09673,1.9162539,73.202896,2.2540576,48.43254,-2.5221896,57.457214,-3.5294874,42.721558,-2.9246852,44.474228,-3.6497655,32.818153,-3.4206944,31.43289,-3.7197106,30.69937
hiphop.00075.wav,0.45118245,0.09677442,0.19167505,0.015008891,3139.605595979825,1781240.7594849428,2849.9772069915975,136957.30803743372,6335.611689422891,3353357.0939053507,0.146737207938274,0.016876559617452443,1.0553506e-06,0.01607484,-0.00066291506,0.021728002,92.28515625,hiphop,-94.57142,4385.7393,51.723648,1858.6611,17.519943,837.40295,28.904242,593.14453,2.063757,359.65616,3.7271113,279.21783,-1.85162,235.37802,4.36836,168.46884,8.781322,193.31126,2.1316023,193.8503,-1.3799784,112.645004,4.6916013,104.93585,4.077907,98.67353,0.014572923,82.65334,0.21375863,62.982864,-0.4370366,55.20916,-4.119476,53.741028,-1.1030105,47.407867,-0.12764865,46.217983,-2.763157,45.144436
hiphop.00061.wav,0.47363523,0.07884527,0.15561001,0.0032085443,1811.4872110056333,325699.82141375897,2201.2950311516684,118305.59042934635,3806.3103170955883,1525315.1276448758,0.06727699303405572,0.0014794030276033992,6.6178944e-07,0.012912872,-7.5450145e-05,0.0062455577,184.5703125,hiphop,-127.29857,3163.6091,95.78883,504.35382,-12.756139,550.26715,37.96444,342.16245,20.579319,358.8114,23.185549,156.6479,8.276987,126.937996,9.615845,81.74363,8.68504,97.324265,5.5212297,91.133934,6.6797304,80.48412,4.0264277,66.447296,1.7274877,54.97683,0.7245981,52.311676,-0.42298815,54.809525,2.2443924,47.993736,-1.6068017,43.20336,-1.215462,61.41717,-2.2126098,74.56963,-0.7387682,49.411957
hiphop.00049.wav,0.48406336,0.08514794,0.28883296,0.0059376215,3084.4973664314452,627165.1668158388,3055.5704751391245,97310.249028992,6682.326259553986,1407818.7286184726,0.10872005309113777,0.0034167350395748522,-4.193226e-07,0.0544497,6.733425e-05,0.013906073,129.19921875,hiphop,-44.555233,2652.113,41.6235,566.3191,29.91263,569.33813,51.863693,298.7643,12.87563,296.71555,13.724889,113.97228,7.962605,190.65976,9.290233,86.551414,8.388368,117.782486,1.8994228,68.94145,1.1413115,79.81071,4.564992,65.73838,5.5246224,53.360886,1.3144537,37.257603,2.34945,33.529694,-0.7992001,34.254757,-4.252003,40.804253,-3.5728974,33.23765,-3.835539,44.384758,-4.442142,46.983574
hiphop.00077.wav,0.46092817,0.08732462,0.23842552,0.0072044013,2986.424482322364,945850.7226941512,2899.9735732795793,219701.7781909162,6403.169614242695,3581124.5748255407,0.13766243288022445,0.006304559534481964,1.3438011e-05,0.019221961,-4.1612362e-05,0.027669959,117.45383522727273,hiphop,-25.853546,3307.5767,70.94636,1139.4265,9.54849,624.9981,17.47975,399.0481,-1.6311874,336.86987,-0.54743624,261.7929,0.2606902,170.16748,-4.6436267,118.33451,-0.5859256,116.53476,-3.086073,104.11153,-2.4065418,145.12321,0.386539,82.32894,-2.158143,78.21923,-0.34495547,75.67841,-2.3784094,74.683846,1.9354966,70.60929,1.3124205,68.18119,-1.2795857,66.040405,-2.0184257,84.122536,-0.19688798,60.682888
hiphop.00063.wav,0.44546938,0.09188806,0.18616363,0.017399622,2671.0740466843918,1245555.8554233874,2494.7368600221876,258041.77489748827,5320.276162351248,3562819.838420906,0.12218709183920279,0.0073355146787294325,-2.303647e-07,0.009531554,-0.00012722505,0.03510679,92.28515625,hiphop,-98.840996,5045.152,71.10852,1397.752,-10.045743,977.90924,31.723389,529.92267,5.1446595,286.31302,1.8752184,265.71744,-8.893279,220.44675,-4.2644506,177.85587,-5.962237,176.24611,-4.2694745,156.25095,-0.65870404,147.01134,-1.8606147,126.59106,-0.5169802,90.47237,2.5744352,88.90926,-1.0586431,81.144325,2.2042825,68.60142,-3.9438968,75.92644,1.2048683,67.14234,0.28331423,50.45433,0.06957231,56.701286
hiphop.00088.wav,0.4600093,0.085552245,0.118590504,0.0017582311,2694.9757203214963,275429.2864975541,2389.235016436477,49574.58437200409,5600.091137015044,694910.0622418843,0.14991216984326625,0.0031410141029557547,-2.1662976e-05,0.003935827,-0.00036781488,0.0058294344,117.45383522727273,hiphop,-89.86678,2009.1985,79.76334,361.6268,-25.737305,425.11435,47.726387,227.36575,-10.019151,191.00925,31.556944,175.97522,-22.19752,110.69046,26.661226,107.63107,-10.976785,90.097176,18.823183,87.10792,-15.565013,55.129494,14.414716,73.376175,-10.038895,61.458538,8.900902,61.76052,-8.932948,50.70957,7.2392864,61.64167,-5.013773,52.63222,3.1289532,64.98185,-4.7381425,45.49541,-1.5847808,57.852737
hiphop.00089.wav,0.49831194,0.08711492,0.12070812,0.0019553006,2670.154564498446,338345.7258209496,2396.6483338279327,70834.31456646127,5527.058245301616,936235.8281497236,0.11762400529702012,0.00345225682437793,-1.7459837e-05,0.00903982,-0.0006269382,0.0036978915,123.046875,hiphop,-103.13827,1709.4144,74.090225,396.9639,-22.434639,313.5628,51.60479,135.37788,-7.0798135,142.25772,32.670975,71.79557,-14.993524,67.59021,19.642502,63.318977,-7.0712337,60.44403,22.27215,45.115425,-7.3240576,59.716877,17.611782,45.308594,-0.045685332,64.93669,14.720984,41.59119,-4.2429547,42.870995,10.659666,40.489223,-6.3376107,52.853626,1.0340246,47.038223,-1.8354768,51.615795,5.5502844,66.80251
hiphop.00062.wav,0.4719179,0.0947323,0.19092278,0.02120854,2449.072471257414,1741505.5877472977,2508.117491409197,330476.7013687605,4930.6618516290155,5802802.905263364,0.10955073589880031,0.00979627796060693,1.9396696e-06,0.022088422,0.00013169822,0.024659798,92.28515625,hiphop,-144.1154,8404.11,73.38274,2310.9658,4.689501,1856.8859,24.034184,616.9814,12.896577,457.56256,14.024166,288.49918,8.642744,179.39024,6.9087343,174.40488,-1.2130749,156.77109,-0.84052324,134.00574,1.1626186,112.56345,2.5793061,102.688736,-1.1129531,127.866875,3.1418169,97.096725,-4.232443,75.41606,-0.45609245,70.399704,1.6542614,64.91405,1.2135501,58.734924,-0.4755747,47.87924,-2.0354865,61.580967
hiphop.00076.wav,0.42499024,0.09789845,0.23721823,0.0277081,2328.3253525938053,1293680.961462623,2627.229475693976,370941.5413065127,4934.945159061775,5824574.0697458405,0.09669745005321208,0.008230549501237427,0.001216324,0.047290377,0.0011978127,0.021318562,95.703125,hiphop,-111.22915,7030.969,89.94116,1446.8429,4.4531455,1066.37,14.530579,397.11597,9.934057,311.6928,-9.441967,313.25845,2.9049582,154.16289,-0.13894072,175.33899,-3.0650673,163.39546,3.2723684,119.84594,-1.4969656,112.82635,1.5704436,89.17248,2.3964047,115.39798,-1.1631626,66.04917,0.87109846,73.879974,0.6744047,77.329056,-5.169126,84.30634,2.7299318,68.90047,2.3492882,59.639378,-0.2558081,55.11235
hiphop.00072.wav,0.43807065,0.09474398,0.25294384,0.013627254,1818.8189646845494,736816.0863553305,2521.696700963498,309689.40430167137,3999.725814205205,4784615.690714281,0.05136250120936533,0.0018407208190596715,2.665938e-07,0.042259704,0.00019172484,0.016434647,99.38401442307692,hiphop,-118.020584,4448.9985,102.3068,1219.5968,20.77259,554.30096,37.010674,281.39755,24.395523,252.97467,7.802754,212.30437,15.927474,107.744385,-1.5940949,140.96288,6.763179,95.2232,-0.7802006,84.07598,8.579758,71.524994,1.473606,67.8588,-4.2227297,75.41197,3.0189223,54.161106,1.0109888,62.290882,-0.9802994,49.63607,-5.466814,51.81783,-1.3039749,42.35574,-4.241458,39.91801,-5.0074196,58.274784
hiphop.00066.wav,0.40975982,0.0943221,0.18986075,0.015066838,2245.1543617872862,754192.1689305357,2484.137881682173,168209.49929870895,4816.095877727119,2736601.8332833783,0.0793853854247291,0.003515942633100018,-6.365389e-06,0.029919785,-0.000264744,0.012759326,92.28515625,hiphop,-111.84788,7421.4985,89.10123,1085.9229,13.179902,605.5971,36.344612,402.66,-3.2759242,261.19125,3.877823,173.92616,0.5638425,99.44544,6.3377275,107.79237,-2.1796098,131.34663,2.979102,100.82283,-1.636557,94.28819,-0.36629117,68.87018,-3.4718986,87.78656,0.7764608,73.94107,-0.23096853,51.979137,-3.1901186,52.066254,-3.7024403,47.390675,-4.001075,36.530907,-3.0203526,44.024445,-2.4579573,42.256798
hiphop.00099.wav,0.4309518,0.09505495,0.15373959,0.014909114,1963.1932861624277,676043.5199097744,1917.2885221655058,130080.00229633303,3798.86869542739,2175086.128010096,0.1015708143866099,0.004364807470181962,-6.116239e-05,0.011947992,0.00029879127,0.015264411,107.666015625,hiphop,-138.74834,3699.7388,100.20922,1567.2251,-31.457195,1050.3348,32.444756,556.9931,-2.7770367,318.3009,13.111024,320.70856,-14.509458,229.00958,13.948756,196.3701,-15.169027,208.65852,8.204797,152.74847,-4.920586,137.28426,3.5231583,123.67351,-7.9803023,109.95641,0.7993211,91.71337,-2.9753177,95.29529,-0.7297645,62.986423,-7.7199616,52.232162,-1.2179404,73.172165,-6.522993,73.37759,-5.395183,60.260956
hiphop.00098.wav,0.5335046,0.07593957,0.118977465,0.0021585235,2538.2434921295203,305757.3550574041,2341.4445993119357,48982.14039757143,5353.284296088913,629820.6605982335,0.10066983721942724,0.003610052533653344,-7.948655e-05,0.008847958,-0.00092922366,0.0032435823,107.666015625,hiphop,-129.95169,1925.8744,72.02137,409.45685,-23.253374,399.72415,63.230637,279.42334,-6.873469,178.56131,34.400772,139.00563,-12.189914,125.416725,30.506071,75.063675,-7.582158,90.83412,20.604498,56.25814,-6.197449,64.753586,14.683234,61.5212,-2.939595,69.18505,9.047846,49.186314,-4.740089,45.112743,5.3837643,48.62896,-2.4144323,57.760345,1.6269447,45.41114,-5.98083,60.645935,-0.82341677,64.29228
hiphop.00067.wav,0.4983869,0.08548809,0.21792412,0.019352263,3053.2752032919216,1146890.6209204262,3025.0571235297652,193520.0969624322,6667.5096824811335,3485109.9794060746,0.1268197168875774,0.009736239089575634,-1.1478152e-08,0.035844084,8.4644744e-05,0.013724428,95.703125,hiphop,-74.77094,3478.2996,58.740543,794.00977,9.939784,672.1017,21.570108,293.4947,15.071628,271.76147,4.9377294,175.23712,2.282748,193.17943,5.4688973,160.1199,3.1200333,140.4883,0.6039442,106.77234,2.4664063,104.72331,4.21144,111.84061,3.4745803,90.08546,3.5953388,85.681625,2.7740335,73.2631,1.8845738,54.007244,-1.7012314,61.615574,-1.1449336,39.353203,-1.3548871,42.695824,-4.0136967,55.738075
hiphop.00073.wav,0.42251512,0.09146517,0.30033332,0.013965,2566.5587161240874,1442967.2835312954,2942.3925463630508,242582.4504716281,5931.505799662587,4633850.013413642,0.08562004160216719,0.009287077552019081,2.089461e-06,0.05188407,-0.00029941343,0.018443154,92.28515625,hiphop,-78.25045,6133.774,70.188736,1213.7933,45.908947,670.6612,42.075985,320.45084,15.097313,213.64864,10.689846,123.95854,-0.6920254,192.15175,-0.6105204,102.22704,0.37156436,116.572075,-0.3509227,102.551956,1.102735,78.222435,-0.671747,50.07351,-0.8145329,45.355263,-0.8111803,50.617847,-4.241297,44.78735,-6.08405,34.85109,-2.961729,32.387054,-3.7095819,34.70571,-4.6067276,33.93889,-4.981908,30.944532
hiphop.00065.wav,0.41778487,0.10111969,0.20674568,0.01873789,2447.981517210075,1917350.0717852393,2779.9431286937574,281009.04777954536,5316.867849627515,6581618.597353784,0.0886033946884675,0.00908699067146799,-4.419335e-06,0.022804732,0.000117772135,0.02023434,95.703125,hiphop,-140.14876,8680.24,77.06105,2138.9417,42.029648,682.71515,31.239227,392.1485,12.191809,300.27603,10.215243,212.41841,3.7374847,134.25243,8.286639,104.83796,-1.5532025,109.580124,-1.7558186,122.764595,3.6267605,78.474205,4.589859,66.64252,-2.5492668,96.38407,1.8537718,51.7668,-2.7621264,43.72624,-3.623143,57.95299,-2.6331491,47.422745,-1.5240896,38.752953,-2.6590376,36.808964,-5.086118,33.96473
hiphop.00071.wav,0.4038802,0.099554814,0.2470289,0.008214048,3186.910019337875,1333053.8546492914,3286.573770075949,114471.7524001301,7476.671456257256,2236649.884653173,0.10757606907894737,0.009960240468501812,6.2795635e-07,0.039286055,-0.00016559643,0.013141636,95.703125,hiphop,-78.69876,3195.3474,51.460278,1035.4044,42.21705,297.22696,30.076286,241.17236,20.110865,225.14021,6.993341,108.7451,8.018718,115.848976,6.883307,121.04607,-4.6201587,112.12295,3.6496065,98.12737,3.6401918,90.495804,4.324948,70.49812,2.607875,72.95849,0.76624197,68.990654,-9.1659775,68.693245,-2.1590145,50.651104,-2.6716974,54.42116,-5.5222917,33.700527,-1.3241625,32.054993,-2.4780138,34.425396
hiphop.00059.wav,0.49956933,0.07819361,0.15126342,0.0026968743,1949.3068336318568,654064.78392391,2286.5903217127266,279660.81463890895,4219.474485415054,3019289.9743116805,0.06300302038989938,0.0019492213243957309,-2.3933621e-06,0.015308929,-9.056265e-05,0.003132384,92.28515625,hiphop,-133.22668,3344.024,93.950745,886.7022,-2.2413454,674.89636,50.195454,286.12332,12.518455,206.61546,15.036698,117.52322,11.511907,150.27312,10.248601,78.94751,7.9517236,63.10189,10.803761,107.74225,1.9746124,51.578197,5.1986337,39.248325,1.0662619,39.789383,2.1747072,36.792503,-1.5162954,42.826283,-0.4487203,36.770935,-2.4607766,36.47739,-3.8682592,38.237373,-1.7064383,34.663868,-2.7746222,36.55603
hiphop.00058.wav,0.50613976,0.08111498,0.13039982,0.004413241,2676.5339159173477,963757.3390821902,2413.9218973506577,128074.84702401585,5209.5184987543535,1996264.4701507248,0.13613863257062694,0.009372898169796466,-2.3635398e-06,0.007909938,-8.390453e-05,0.0070744725,172.265625,hiphop,-109.83064,4701.8945,63.104633,867.6419,-13.840905,619.206,43.019493,324.42914,6.142044,220.44902,23.18746,141.62372,8.019648,168.15508,10.65603,123.81924,0.9803228,91.031685,5.321308,91.93767,-1.832165,78.688156,-1.4251207,68.88477,-1.8639747,53.505043,-3.1835,46.61514,-4.740081,40.92652,-3.8052502,41.571682,-5.5368443,28.464716,-3.185932,26.007534,-3.2629235,28.618784,-3.928107,34.537346
hiphop.00070.wav,0.43090683,0.08915415,0.2787715,0.0055748285,2501.25903379901,1243254.6416201403,3049.6607535011344,320993.8127676753,6028.555212818063,6246281.031944028,0.06926450936048761,0.0030671899444487043,-1.4337358e-05,0.05071595,6.3357635e-05,0.012920445,95.703125,hiphop,-81.68595,4958.0586,82.33596,1051.9315,53.54203,749.5311,25.494244,275.46094,15.711485,213.26233,19.21201,88.36209,8.4409275,77.81425,6.372037,63.116226,0.20460086,78.95062,0.15445587,59.254,1.1984615,45.748085,1.5259029,37.285065,-0.725247,38.271854,1.3517001,35.735523,-0.38283348,37.931793,-3.129231,24.488865,-0.49216715,24.14207,-0.73947495,23.062582,-3.7766733,26.741537,-2.505176,23.324318
hiphop.00064.wav,0.40800595,0.10245483,0.23596337,0.014169721,2429.9366980056257,664520.9589842228,2575.1768021201756,135768.99390767046,5273.709777265141,1749427.0274970196,0.07981168670181889,0.0036128379807249963,4.4951526e-06,0.019243151,0.0005331223,0.033886984,86.1328125,hiphop,-82.424774,3908.0713,69.95745,692.9617,10.693318,600.60345,48.804077,347.9638,4.6395693,310.74884,13.286027,221.09752,-1.7903582,158.69983,5.122208,144.45502,-1.0849243,133.89594,-2.7959132,100.350746,-2.5498505,77.69072,0.21808504,90.6109,-3.1269517,75.30176,2.3010356,60.467777,-2.7060976,54.33008,-0.78290904,64.019066,1.7319453,48.46488,-5.139214,54.388313,-5.694949,42.103146,-3.7939513,33.34341
hiphop.00003.wav,0.46726292,0.091850355,0.26646084,0.0134694185,2493.1638737463427,495560.92811597214,2330.67697810765,194662.94202740004,5126.677333016883,1810798.4552855203,0.10351449122000773,0.0022848757784126815,-1.5686479e-05,0.02890716,-0.00046160657,0.03287661,92.28515625,hiphop,-40.255154,4954.0093,80.830086,750.4062,-25.643091,1258.6698,38.42609,291.73868,-11.072867,278.87036,24.912197,310.06985,-7.3689013,270.78842,26.772398,187.57942,-5.286711,173.81049,16.798525,107.818665,-3.4986296,89.50325,8.451586,75.22426,-5.5967097,71.82616,12.057394,68.20766,-1.8924502,73.571754,10.485354,101.840385,0.65101427,60.615635,0.2716337,61.954666,-5.0933547,57.286243,-4.0094256,57.072887
hiphop.00017.wav,0.4811548,0.084810935,0.19142626,0.005093742,2144.794528258055,234010.6868573979,2358.912870448304,81648.78338924804,4956.12003102022,982230.6514131234,0.08034305159152477,0.0017956540788786203,-2.0986947e-06,0.012628732,-0.000500076,0.01540762,99.38401442307692,hiphop,-76.82371,2422.9417,98.38955,350.5454,-5.026062,455.83087,49.33168,165.9131,-10.2882185,148.65804,33.286823,120.99561,-9.96177,96.519806,17.61652,52.101612,-12.23127,51.727184,18.665478,62.533607,-10.97679,56.18724,11.510851,50.16852,-10.490248,50.05366,6.2619185,55.72336,-6.977472,43.460762,2.4990718,45.22851,-4.895574,43.289654,5.468563,50.332497,-1.8260895,64.20309,0.636413,53.55135
hiphop.00016.wav,0.46732023,0.09099643,0.20763418,0.011206269,2433.764468111271,602065.3813785692,2247.5852524839515,109954.44518173601,4920.920243868518,1491319.817942759,0.11047967963912539,0.005560134965173524,-1.0924572e-05,0.027678808,-0.00042117632,0.0145236505,99.38401442307692,hiphop,-88.064995,4402.617,77.3721,675.16864,-19.0961,576.90656,51.575947,331.16357,-11.776865,217.1309,22.21098,209.04211,-4.727707,213.72437,20.109219,132.15294,-8.32937,121.074814,14.603727,96.52567,-3.8112483,99.66294,8.5798645,90.86924,-11.464595,89.91181,2.160578,70.256584,-12.678757,94.990616,0.3953053,96.97277,0.9852859,124.51988,10.532833,138.65237,7.6297636,128.5153,4.3883557,131.99646
hiphop.00002.wav,0.40406597,0.09220149,0.09350616,0.0011246419,1490.5209977308089,634032.0635060625,1909.9326034575945,233363.47041634453,3094.047957381966,3408452.5884268344,0.05873774005901703,0.0024821759462882176,-0.00095149904,0.0037173114,-0.0018323363,0.0032513996,99.38401442307692,hiphop,-202.88756,4661.289,132.38377,1037.0126,12.001245,805.6531,43.77104,316.83408,-10.231296,344.24643,17.12234,208.91559,-13.5626,178.72185,15.044013,128.01253,-16.261728,137.01134,9.421976,113.03003,-11.64568,132.07124,7.0476594,78.94571,-4.317207,99.32057,0.83221453,91.05123,-5.6038814,69.57935,1.2634315,54.961468,-6.975631,61.668953,0.39049453,41.211136,-2.4323802,41.640312,-2.9321568,38.83007
hiphop.00028.wav,0.37462813,0.092632234,0.15452561,0.0012531782,2774.871060337549,861520.9905406896,2700.5093969910645,167269.35434189902,5746.540251457285,3073841.49812015,0.11459341137770898,0.004367911718177099,0.00040054545,0.0122098215,0.0011536308,0.007212605,92.28515625,hiphop,-83.20265,2498.412,67.71298,1095.3259,1.2305168,778.5164,29.658491,378.5309,12.577921,409.63766,5.613066,282.05603,6.211838,133.61371,8.097905,92.160805,-4.784866,184.31589,7.664915,103.31533,-1.1791575,92.75006,4.242718,55.45243,1.9306675,57.728348,1.0202533,52.490894,2.3805697,53.5285,3.1090045,61.918198,-8.059311,68.61049,1.6720583,63.110832,-1.6563998,43.829967,-3.2753482,48.183903
hiphop.00014.wav,0.48965022,0.073303744,0.18516475,0.0037548884,2437.144490615668,265700.46896815987,2117.4846851938337,96208.14248890076,4775.921120658379,887943.8322511184,0.13386653746613777,0.002038809993486695,5.610115e-05,0.015164557,0.000740718,0.009388409,135.99917763157896,hiphop,-51.27445,3250.0093,91.09927,693.76807,-33.769688,546.4355,69.9306,252.11658,-12.950171,199.05447,23.187635,127.4004,-13.769311,158.65674,23.784006,71.74736,-14.735113,70.95217,10.69933,74.76847,-13.481394,52.705936,6.0735264,51.88719,-14.7200985,44.208862,1.686247,50.096786,-7.245058,45.58344,3.9597955,48.593536,-2.6534843,65.97008,7.5526376,87.46,-0.1297563,63.80292,-0.7301471,43.683105
hiphop.00000.wav,0.46066427,0.085188985,0.12524042,0.0024683413,2667.664494927173,418756.2170346287,2351.0688564768757,107872.1583565932,5474.700228570046,1564700.1018878892,0.14734075682082043,0.002891991110898052,-0.015263815,0.0046922453,-0.0024536063,0.008697416,117.45383522727273,hiphop,-80.92658,4881.8784,84.79292,751.0087,-31.540653,549.20667,33.89926,407.56613,-19.848768,158.70319,23.558195,135.76035,-22.125015,93.50139,20.021149,96.83697,-16.759602,93.53036,19.211897,55.80225,-13.106137,75.07533,11.505603,52.48609,-10.7269,74.13258,10.569202,71.99837,-8.427004,64.906265,7.3234506,55.434563,-5.3749456,69.50544,7.6905966,62.25899,-5.544044,63.395718,1.5257049,40.93605
hiphop.00001.wav,0.4572628,0.09008181,0.28558367,0.006837321,2808.1424053109176,939235.4992553409,2441.3214420972495,158334.00134034187,5527.508242580544,2077290.7418354247,0.09764869146671827,0.005134721232346794,1.1831506e-05,0.06094714,-0.00019313146,0.01647465,92.28515625,hiphop,-81.1395,3649.3418,49.60653,915.52795,-14.548335,990.89764,57.986927,323.75613,6.8434687,386.74765,27.148214,254.71048,-6.8552327,183.84348,31.304077,147.22,-10.086364,138.99463,20.312963,88.917984,-2.5413642,112.897316,12.746546,78.425156,3.9735262,103.195854,13.23515,74.82106,-2.3756185,75.44121,12.26852,66.577644,-7.035885,67.66792,4.7562723,58.24492,1.8735869,57.168953,0.022320112,67.593094
hiphop.00015.wav,0.4236211,0.08248483,0.14017272,0.0040695285,2395.49619173608,283721.2399980172,2345.8719745589387,63442.161307458075,5281.90139439822,950381.4007570773,0.11596868650832043,0.002524454339120808,-2.6523754e-05,0.0073990515,-0.0008248588,0.009299005,198.76802884615384,hiphop,-81.91787,2108.4778,94.77232,424.57324,-16.236649,263.80084,40.530563,172.09839,-12.247199,121.49497,28.186155,131.47766,-20.102428,74.73328,18.101372,60.099693,-14.641278,45.867805,14.184542,80.25128,-7.25433,85.62084,13.6582365,47.57786,-8.488,51.786594,7.8997188,58.46927,-4.8325133,53.44376,5.101997,44.2561,-5.8849735,50.885136,2.0725234,50.812798,-5.665477,54.793575,-1.3740294,49.983143
hiphop.00029.wav,0.44052202,0.093134046,0.16638106,0.0030835394,3131.3432607004365,935924.6722909552,2854.60084444079,106453.00302638722,6395.536327066805,2278056.1582705155,0.11568637529024768,0.006086497643944846,-0.0002433588,0.018497718,-0.0012007208,0.0072955107,123.046875,hiphop,-72.5143,2674.814,57.03795,1070.1975,5.9483895,563.1088,25.904425,243.3618,6.6623893,122.82694,11.494862,133.2909,5.1092014,113.35751,10.105276,115.59801,0.9503965,75.77046,8.6856165,78.87981,-1.6870507,50.064537,5.997685,54.24638,0.1430421,55.992683,4.966505,42.55532,-2.012679,41.78227,6.097602,49.713165,0.09555153,51.655598,4.1566687,53.10057,0.2513653,47.378418,5.891547,50.92446
hiphop.00011.wav,0.44405892,0.08523659,0.20375179,0.006608669,2095.299910647882,430636.5747541871,2240.690855056454,110766.19714175985,4581.122298580205,1718213.3356130093,0.0941872611503483,0.0034230380777904574,-3.1782638e-05,0.020244326,-0.0011460739,0.0124306725,135.99917763157896,hiphop,-74.19891,2636.5293,104.60867,673.17664,-8.3967705,544.6359,49.658215,280.8958,-9.376968,164.64684,21.438307,137.75285,-16.337013,144.47061,18.78141,104.32158,-13.079522,80.82027,18.464,67.101105,-14.953655,64.00826,6.8762646,61.09061,-15.326539,50.615635,4.772736,62.83693,-11.097989,52.829987,4.74354,77.00245,-2.8028693,101.729004,6.797866,108.06481,-5.809224,103.95708,-3.786318,92.180824
hiphop.00005.wav,0.4906673,0.08142238,0.26167372,0.0053880853,2708.9613684451087,248191.4592126514,2510.902405416154,48530.32379924866,5795.106624449739,493283.8734389927,0.1246141368759675,0.002613325635183843,-0.0002853606,0.032534994,-0.0028970318,0.018868005,71.77734375,hiphop,-11.675508,1349.1128,81.99325,385.39633,-8.505697,238.7368,52.767834,232.35884,-14.70422,153.80751,31.964735,105.96084,-19.689999,115.26132,22.869427,88.20339,-14.710648,61.625546,14.518811,81.12732,-10.083078,76.71776,14.005072,66.54471,-8.073014,52.057144,7.4342127,43.40753,-5.497815,39.37355,12.842176,43.34565,-3.697336,41.89005,6.2179585,45.095974,-2.5902514,38.214657,0.105407916,41.22584
hiphop.00039.wav,0.39005402,0.10198623,0.18296981,0.008879105,2706.6714628489012,1573821.5872169947,2941.23259807602,269326.6734938954,5996.322074394108,5460111.325805199,0.1125715037248452,0.011175358667023466,5.180979e-06,0.014491862,1.265015e-05,0.014751055,184.5703125,hiphop,-121.61006,8860.016,76.91941,1487.2216,29.013481,1189.5806,9.935919,501.37762,3.1737647,313.17545,5.175322,357.1024,4.9683127,274.08414,-1.0265123,227.06042,1.1707611,193.1173,2.1393538,164.99586,3.1176481,119.349915,1.1366776,122.13151,-0.78206104,70.057236,-4.9822216,74.692444,-0.12525718,71.468445,-4.5053763,65.67421,-2.1900976,71.04211,-1.3730918,74.46298,-3.1559749,102.97987,-7.364276,98.299286
hiphop.00038.wav,0.3984205,0.095009975,0.2692118,0.019252278,2202.2948946843676,750578.4613912886,2213.2035124053305,601720.5803821962,4411.289992199594,3367124.8690678086,0.09668724603328173,0.0026248080240319164,0.0012555722,0.036248744,-0.0028544182,0.02798093,184.5703125,hiphop,-62.8069,20272.434,72.1019,1060.4601,-16.114136,746.9645,27.418505,587.194,5.5609536,269.4638,1.821428,278.17438,3.9023924,134.44246,8.4637785,158.27055,-2.007449,137.3014,5.825009,93.7392,0.15586376,104.2346,-0.30150035,85.00977,-0.6675375,74.43196,-1.4832999,70.62752,-0.06580478,53.96742,3.2086806,51.872562,0.6697353,50.7556,1.1243902,46.688293,-0.9367661,47.517166,-3.0775096,60.290714
hiphop.00004.wav,0.4494017,0.09352157,0.20048167,0.015394816,2372.727829534901,1072269.6418590874,2359.456080852026,367473.0488540954,5060.511066448577,4346797.497180948,0.09989130829140867,0.006126653900836998,-1.7007633e-05,0.03186506,-0.00034679784,0.011906388,95.703125,hiphop,-140.2109,12406.366,71.62181,1067.3297,-3.77539,1507.2041,39.005466,458.7038,4.194394,416.9117,31.507359,306.29816,-3.9653087,278.21695,19.763544,155.13368,-3.7660913,186.39603,16.000135,190.07298,-3.1709101,112.104805,11.85097,89.86561,-1.2552047,110.40652,5.775349,112.09336,1.2760401,79.497154,1.659386,71.777435,-0.8388632,60.696438,1.6146661,65.27555,-4.0749097,59.132366,1.1415373,81.4929
hiphop.00010.wav,0.42736965,0.087060586,0.1716394,0.005878492,2284.5537023938355,241278.32169971746,2116.5977185500747,42541.14191573837,4663.513467038748,657401.6075269106,0.12547203040344426,0.0024021287394170514,-1.0891517e-05,0.009861811,-0.0006719802,0.013964528,95.703125,hiphop,-67.45474,1308.7203,94.84137,458.23666,-38.85323,285.09412,37.641743,194.65033,-12.254448,155.3348,36.9015,97.85025,-12.652126,106.97429,18.297037,75.636795,-8.852412,76.15335,17.983484,64.49277,-7.2768803,60.748535,9.716908,54.453148,-8.74362,49.12927,4.5059533,50.908386,-7.58996,33.09281,0.22546396,40.85663,-4.8740935,63.51989,4.8480425,90.62067,-2.0033998,87.963,-0.75252813,77.70846
hiphop.00006.wav,0.46422082,0.089158505,0.27048802,0.016066944,2859.0217012683083,965590.4047863515,2640.209195501633,163465.19234413438,6049.530085985874,2251884.9067933154,0.12823807565789475,0.009343448554690584,2.6219666e-05,0.035948697,-0.00057596597,0.026638065,99.38401442307692,hiphop,-59.61099,6878.4614,63.90056,1021.7212,3.4885828,755.11395,45.235706,433.14243,-1.1763211,391.4169,28.239433,225.25339,-13.166778,211.8927,23.60513,155.01897,-6.623221,148.21518,16.478992,118.811134,-7.2890754,102.61472,14.477249,108.41842,-5.7934427,97.79225,8.17678,67.99061,-6.8806267,69.76965,6.7361226,49.318073,-4.475576,64.7389,0.96118426,53.53648,-7.133027,68.92167,-1.2612313,45.500168
hiphop.00012.wav,0.35876346,0.090592995,0.19889054,0.00417629,1976.5494346772984,215809.37811973187,2109.950611023081,86531.29032313399,4276.707472668344,1062612.7879017307,0.08725570820433437,0.0011237260874351407,-3.3596694e-05,0.018704223,-0.0015285654,0.010341542,99.38401442307692,hiphop,-67.10566,1957.9005,112.41543,319.16885,-23.642479,297.126,44.281242,166.4798,-18.861816,131.47299,23.874338,98.09578,-13.404416,156.51361,20.146225,83.4828,-10.650068,70.78379,20.623596,66.43812,-7.508759,89.38647,14.423368,74.31677,-9.39121,84.76371,11.295234,60.6213,-8.8619585,88.29764,7.0855293,118.40018,0.45575348,116.66906,9.392796,113.01403,-0.88695335,111.33671,-0.57510746,105.8095
hiphop.00013.wav,0.34012973,0.0960197,0.13660018,0.0010519195,1798.234427846615,484924.23229191103,1687.3198366500383,455172.7036301588,3625.136412629402,2882604.144232707,0.0966369817869582,0.0014102907588373148,-0.00015045883,0.010061631,-0.00014666414,0.00405598,103.359375,hiphop,-129.40356,4842.0635,141.74864,2749.8862,-42.528156,1055.0195,34.001812,614.84326,-6.9713745,436.4533,8.68778,511.03067,-11.36306,174.89566,15.94384,217.58598,-9.015018,90.62,6.639111,84.093475,-8.326205,139.37827,7.5594826,100.230804,-5.469925,113.66411,5.8708653,86.68206,-3.1525168,81.397964,-1.6954042,37.762295,-8.807614,55.72129,-4.858021,64.95323,-9.291838,38.226067,2.12316,56.799316
hiphop.00007.wav,0.43234596,0.088502474,0.26401678,0.009429978,2047.1206937169854,498011.2366737705,2269.2156258040995,209659.01569516817,4552.4308054070725,2446432.6347431014,0.07867374951625387,0.0025504599019393302,-4.348005e-07,0.031736612,-0.00050391426,0.024168488,123.046875,hiphop,-58.451878,3683.401,103.05016,634.9151,-7.2154045,728.0506,44.881866,418.5102,-8.616437,286.52197,12.345843,180.65431,-13.746115,207.20276,19.97422,127.09508,-13.128944,153.68497,17.136248,95.976234,-3.9520185,106.01955,15.581611,85.92387,-0.4627677,70.79715,6.9280353,48.1971,-6.032932,52.362755,5.6366434,50.512196,-3.1798737,67.43868,1.8159584,38.484283,-2.5663438,31.227026,0.10787366,42.26027
country.00088.wav,0.35364562,0.083760634,0.15263915,0.0027236373,1623.0094789002953,234130.24580025589,1963.444341328731,129928.96245043953,3527.637002194998,1475522.7200307832,0.06606309258900929,0.0006935267754695438,-1.0720828e-06,0.016266068,-3.793342e-05,0.003965623,103.359375,country,-121.94322,3050.0151,123.237656,477.79916,-8.495369,516.61835,51.596375,221.31284,-0.103513,181.93176,20.407,147.63211,-11.87541,127.93865,16.275984,88.28764,-11.508768,117.03243,11.847225,114.870705,-8.085656,88.514015,9.13035,56.138725,-8.638808,75.99943,5.559068,67.42661,-5.714605,72.561264,3.9428215,74.460106,-5.466577,75.09747,4.9758854,46.741333,-3.035579,68.056335,-3.316732,49.73657
country.00063.wav,0.33393723,0.09654567,0.13140647,0.0024260974,1615.0641667795348,601723.3374562799,2016.8360437671106,331303.51825218234,3659.7028702774282,3625254.782791935,0.058282716355456655,0.0012669479794450568,-0.00012606842,0.01172636,0.0001666105,0.004336074,83.35433467741936,country,-185.4226,5604.284,118.46735,1307.4767,17.79529,318.0496,48.887688,323.24307,-2.1608064,192.12555,21.37011,211.96213,-9.001163,190.56294,20.535988,107.6385,-11.416627,181.19214,9.282178,179.47609,-5.4816723,123.44432,5.754808,114.23413,-2.9795713,117.24959,3.4514766,104.086975,-6.0777125,97.7593,1.2669607,74.73969,-5.9532437,79.52344,7.072019,152.08978,-2.168447,116.28755,4.8688574,215.18266
country.00077.wav,0.33729202,0.082746536,0.13140137,0.001641241,1513.1966226436093,93585.45415594816,1558.1150005356606,63188.05074880434,2922.698993505708,473126.9128374959,0.08784300624032508,0.00052486516227558,-1.0366681e-06,0.012011786,-1.9832038e-05,0.0026210165,184.5703125,country,-118.23319,1633.2109,152.94319,463.40656,-46.513092,247.98479,31.120495,133.18547,-17.286913,153.99692,6.277332,121.32172,-3.6798625,143.7602,13.048771,90.557396,-13.126937,81.96517,15.706044,79.6711,-13.076928,78.07366,5.7017627,62.500423,-10.694595,52.495422,0.9979592,64.53745,-6.701846,53.10068,2.5876033,50.475506,-9.8034315,63.192856,0.16060121,58.373646,-3.4548173,45.670612,-7.419519,46.85562
country.00076.wav,0.2973078,0.08756831,0.12832628,0.0027855998,1321.5897450563298,405858.00502595684,1409.2266087019173,241635.74003382106,2590.326003319708,1816571.1921380763,0.0665252968991873,0.0016720653319256217,3.1837606e-06,0.012490106,-3.4048984e-08,0.0027668788,143.5546875,country,-183.97171,6375.968,159.81995,1944.6809,-23.17131,703.1782,43.053974,581.189,-9.468154,397.31775,8.831391,211.9826,-1.65151,182.74976,4.351795,187.32268,-13.370459,135.68135,0.8398633,124.39399,-13.976324,104.0122,1.4428532,98.018906,-7.390412,82.626816,0.6109411,80.71573,-3.3870335,67.943054,-3.5861692,60.92522,-9.068071,59.949562,-3.1647353,65.43332,-4.070173,41.841,-7.0531178,81.3185
country.00062.wav,0.39037266,0.08655517,0.1301793,0.0014403794,2167.024231571038,283516.77884136525,2277.7405542601186,70498.55593651431,4794.804339807469,1090513.0632601923,0.10237579818111456,0.0015454092177406493,2.9824776e-06,0.008778752,0.00024953796,0.0040106354,172.265625,country,-94.09417,1606.7441,109.16863,369.68558,-11.849949,202.01698,41.56547,206.44022,-19.475983,113.08032,23.831955,104.458275,-19.935585,84.56238,20.374748,61.262234,-17.28199,74.51497,16.585613,76.7437,-10.199127,78.2636,9.392066,44.29269,-10.051931,73.84658,7.8054934,51.483692,-15.095585,46.099895,3.2743917,44.0817,-10.467717,47.09319,7.547813,57.704426,-5.5502315,51.658802,2.2327795,66.656494
country.00089.wav,0.322121,0.09007342,0.10459916,0.0022644817,1321.7303763628815,511679.47057682025,1667.266319633866,218711.89120195206,2584.1010409612036,2384117.59510253,0.05250308388157895,0.00125008768069544,-3.4778072e-06,0.009398442,-5.4286284e-05,0.001660385,143.5546875,country,-205.14923,5281.82,140.98761,1020.6711,-8.957965,482.97476,36.979443,272.0718,6.4254427,250.44633,14.875372,156.57547,-4.3181176,201.88098,12.232445,148.72507,-11.431657,148.24625,11.850926,121.60258,-7.9033823,101.06524,9.912311,117.93632,-2.3516498,82.022484,4.477267,114.763016,-5.011018,94.42588,3.1385374,91.83649,-4.525136,113.805305,2.6503336,85.25773,-3.1228733,75.798874,-10.712697,84.887695
country.00048.wav,0.3109064,0.09117876,0.116934404,0.0020976716,1939.716518680421,422194.2848899325,2482.432245833719,163511.34182315425,4126.216715998694,2362729.8098030016,0.0639731581366099,0.0011590991642798057,-1.806847e-06,0.008797594,-6.006801e-05,0.0027275907,117.45383522727273,country,-149.00017,5231.513,107.243805,701.6112,11.1901455,394.22232,26.698795,213.1951,11.405787,266.76077,-3.808101,201.85144,14.028653,91.845055,-5.8929515,89.97805,-11.049588,98.783295,2.8112707,84.54713,-8.445196,82.89239,3.1889079,66.91464,-0.77371275,60.354725,-12.404469,86.268585,-6.286398,78.61551,-3.299155,48.610542,-8.168631,50.858467,-6.5842876,51.988125,-3.6775792,50.312477,-2.9678538,45.122902
country.00074.wav,0.35509008,0.086743556,0.082314834,0.0029587816,1533.8625889630155,453281.9088584188,1696.8473504621961,202491.60404134495,3117.3561497738488,1951672.762140604,0.07112353062113003,0.0018268154711789555,-1.2629993e-06,0.0058032246,-1.7901386e-05,0.0016814515,135.99917763157896,country,-207.27617,11795.568,130.94698,836.0654,-18.496767,502.25916,33.299126,370.17545,-3.9221637,446.54025,15.393467,125.890274,-6.3829994,237.07304,2.9519517,131.7792,-16.786154,154.96358,7.084849,183.49554,-8.59407,127.69124,4.7956495,72.00639,-12.250599,119.708885,-1.0214049,66.24875,-4.5420403,77.575165,-6.0667114,64.330894,-5.5392537,57.872063,-2.3645172,48.348003,-6.528938,65.60118,-5.895574,53.854237
country.00060.wav,0.34205148,0.08827583,0.14100803,0.0017176243,1373.0379665331902,521596.45871629636,1930.2022840004208,299951.34221636574,3068.9564424402574,3408516.6311939824,0.04291659612035604,0.0011205059197779263,-8.829778e-06,0.016653735,-0.00016304321,0.0013939687,69.83741554054055,country,-178.51938,3802.4436,130.13269,1009.0519,12.088971,245.85066,47.051086,124.87872,2.6224906,172.40022,24.094349,122.72505,-4.627712,107.4498,22.772083,102.97118,-10.941142,203.92638,13.539126,144.31024,-6.8097224,131.30542,8.71216,96.187454,-6.0909204,79.9962,4.0794597,56.003227,-5.152722,55.427944,7.8594203,62.95038,-5.2554727,96.26942,3.956895,67.10665,-3.1399353,76.865,-4.3878207,66.97614
country.00061.wav,0.3144577,0.085773654,0.10717965,0.0014229683,1397.8409848044173,378607.2158183607,1895.9827784828642,247886.7551798195,3101.314580108359,2764761.76084889,0.048586629861648606,0.0007050965522602067,5.7550506e-06,0.009801782,-0.0001297863,0.00090870616,60.09265988372093,country,-186.39238,4648.613,135.86008,840.8975,5.928499,259.92218,45.8605,143.79794,-5.766276,178.05077,22.786793,93.853096,-13.002946,109.00866,17.122374,108.88025,-13.756378,131.43898,9.734512,116.36618,-8.368886,84.65612,6.659228,74.54616,-9.09154,61.64698,5.422999,64.89938,-6.853948,70.823425,1.5488521,87.90206,-8.558103,65.20342,5.4474525,86.976006,-4.363458,40.51338,-4.7068315,73.05696
country.00075.wav,0.37180796,0.08458372,0.17973058,0.0028889293,2187.464108981412,152031.89977309635,2242.0976879507925,43132.9744923876,4841.679056362471,621451.6834078819,0.11375403625677244,0.0014984813819574514,2.4958736e-06,0.019292178,-4.4629605e-06,0.006480628,95.703125,country,-60.84931,1580.6552,105.47066,299.13715,-16.914595,154.66606,40.70118,123.97034,-15.038137,64.52038,36.0463,65.25919,-12.818773,68.12248,17.483316,57.209976,-16.755318,58.345394,11.757576,57.30974,-10.130225,54.933014,13.194357,48.12913,-12.209436,54.731075,2.357671,47.21784,-12.200347,70.24835,6.448179,51.74755,-1.7883276,56.79981,6.329572,42.378056,-1.3351495,71.36524,-2.7925975,63.415382
country.00049.wav,0.32361743,0.089258865,0.14357977,0.0016852425,1600.3408733031765,245935.9292507145,1826.545250818989,129300.3090656665,3007.5151473006968,1191927.7995521901,0.07581624600909442,0.0007910107760216899,2.617744e-06,0.014086308,-4.4431785e-05,0.0032249861,112.34714673913044,country,-109.98737,2249.8328,134.74861,829.4644,-24.026144,272.44116,19.394617,141.49661,-4.407176,186.98294,-4.814888,111.39356,-7.800573,99.8811,-0.39370048,66.986664,-5.4159317,70.499695,-2.9570003,58.184692,0.7814667,58.728764,-4.776981,56.95252,-0.17221728,44.911407,-1.690577,54.441593,-2.4042225,54.202847,-1.9624149,48.364376,-6.938368,42.869564,-4.073903,41.98115,-1.955714,37.172207,-5.7928257,37.864895
country.00071.wav,0.29230934,0.08551464,0.11840969,0.0039322227,1261.317700359625,334049.2505740516,1395.904102319974,206402.24378954907,2421.243692403976,1561432.544946615,0.060543095733359135,0.0008907203561013363,7.512146e-07,0.012757995,3.2125636e-06,0.0015655115,143.5546875,country,-185.85666,6416.7056,155.29944,1150.184,-25.034077,534.60236,20.532516,280.8464,-3.8348439,571.0953,-0.6002928,176.5676,-4.568851,139.96475,-5.914592,70.68712,-16.53805,115.18246,-0.45218378,154.52556,-16.302252,150.79356,-4.2136073,136.76414,-16.815842,110.28739,-4.541953,79.09001,-8.360623,52.86852,-9.983513,83.580956,-7.767914,46.345074,-8.343301,63.041794,-6.8449087,57.500607,-10.199348,48.77612
country.00065.wav,0.28280285,0.095898874,0.11056769,0.0038861653,894.2258292361416,162094.5786361418,1195.388011851211,100393.37456223411,1639.0484222317627,857317.4009038078,0.038680794069272446,0.00044270610826237065,-8.024782e-07,0.013459535,-6.0683647e-06,0.0011884762,123.046875,country,-250.87863,5263.8228,163.09831,700.6331,-3.8807113,966.18274,30.153528,387.1048,5.576422,436.98547,7.4960384,147.11098,4.0248203,159.04056,-2.1106052,128.44456,-5.4704103,141.3975,-1.0583411,95.02665,-9.981246,103.867744,1.8183814,81.90808,-8.760416,52.7423,-7.0439935,84.70282,-4.215172,61.4356,-8.841513,42.283474,-7.404842,51.536644,-3.3014638,54.00053,-5.14065,48.818253,-9.97036,42.29457
country.00059.wav,0.28438237,0.08842176,0.14543544,0.002382884,1535.3805435364143,564144.9840509971,2011.4662789164822,319231.3261365288,3510.4121063515868,4064906.6666490505,0.052538986914667185,0.000968417538203145,2.6538546e-06,0.01898812,-0.00017049351,0.0012931123,135.99917763157896,country,-185.1138,7327.2266,120.50994,1325.6266,29.717457,439.59756,56.400288,431.3389,-3.0346625,351.3649,22.222616,176.61723,-10.344739,295.88394,20.05401,144.35857,-13.685051,148.27158,9.170436,120.34594,-6.4285364,74.16232,3.2967808,89.064095,-8.737772,105.19033,5.0113964,68.33209,-9.227386,101.77182,3.7786367,88.23429,-10.20193,93.22695,5.9120364,155.51012,-4.4247093,110.068596,1.5817281,126.169876
country.00058.wav,0.34798485,0.08658833,0.16375947,0.002491645,1796.1137426759587,267534.8230111669,2148.3012551703027,126489.23464133682,4163.80815535507,1619456.69300799,0.07327015407314241,0.0010298283405735594,-1.7121791e-06,0.017416522,-3.168095e-05,0.004849183,112.34714673913044,country,-101.38996,3323.09,120.45385,402.68494,-0.40658712,384.83704,49.042423,168.71284,-15.863626,127.59191,19.873766,109.247536,-13.094367,105.52316,18.574186,81.693794,-15.706966,100.66301,15.254118,93.4082,-5.9068427,76.3742,6.6473475,55.03653,-10.359329,69.22862,7.085957,44.907055,-8.217057,52.190727,6.2007136,56.343945,-8.389561,53.4557,2.920069,64.463806,-6.6528335,39.5761,-1.3233217,44.59595
country.00064.wav,0.26330346,0.09268603,0.082580954,0.0010080029,1512.285769157878,197403.91974851006,1865.6110493735246,145675.79428899242,3238.930414630902,1266912.4507611496,0.060115282749613,0.0006673145192952568,6.7993997e-06,0.0068839854,0.00011227448,0.00025796943,66.25600961538461,country,-217.74222,3458.846,128.34691,657.14716,-7.513693,264.94208,39.265003,259.42178,-2.5556235,204.3717,18.173012,167.1018,-15.166711,128.78555,16.770924,147.66687,-15.265886,96.98218,4.8992114,142.27959,-6.5137625,108.67407,2.8973584,88.2096,-11.506306,120.96468,-0.10554207,79.51739,-10.6238,137.17398,2.2620764,67.60316,-9.167437,118.90044,6.8667727,159.0175,6.2359557,95.166626,3.3692794,131.93292
country.00070.wav,0.3649618,0.086260594,0.1442469,0.0027987454,1935.1584683595631,249992.06459321565,1970.077380532378,98750.4248071415,4048.7838508913023,1248557.7054474216,0.09476964613970588,0.0014277117062604964,8.450041e-07,0.013377591,7.5995313e-06,0.004405787,112.34714673913044,country,-99.32007,2686.1277,117.56864,569.5955,-29.88463,241.60896,40.83229,233.88995,-15.2631445,129.263,27.980684,171.74216,-11.955396,122.65654,13.331404,72.841354,-11.367624,77.549866,10.538834,87.945335,-8.748048,71.60219,8.41087,72.05833,-6.8442154,51.334232,0.43953538,72.90848,-5.308865,56.609035,1.6441802,64.18434,-7.3530955,48.59612,0.5184658,45.03041,-1.4642422,36.26874,-5.9269967,43.4456
country.00099.wav,0.38101023,0.082643904,0.22073805,0.0042339126,2157.2057766804382,339006.1236706236,2160.0886591075173,87752.35572483533,4477.88958948094,1294007.809187419,0.1082567150009675,0.00290308872559505,-4.414778e-06,0.027022932,-7.195606e-07,0.010641053,143.5546875,country,-42.16572,2050.2002,106.278336,574.42365,-24.220882,259.32498,44.671467,151.32196,-12.33506,125.69229,20.518545,100.728096,-16.044445,80.42771,18.488562,65.82263,-18.78101,82.12967,15.5109,69.27376,-15.4647255,60.265335,8.930742,62.736805,-9.987847,48.30653,6.9245358,57.24718,-8.796885,55.45362,4.5718284,50.256084,-9.043404,47.475784,1.0606868,48.53165,-6.4489336,40.917732,-0.9913764,48.53807
country.00066.wav,0.32071486,0.08093648,0.13643475,0.0014575026,1701.133231854635,108620.13464644298,1709.034417820481,60362.35182412617,3242.2803943740323,595310.4932337946,0.09886750495839783,0.0007023863962659655,2.3985212e-06,0.0115645975,-1.5408086e-05,0.00382448,112.34714673913044,country,-102.51608,1930.2573,135.7217,365.92157,-46.895443,224.5432,32.746296,194.85066,-11.16036,133.01001,23.465744,176.92957,-9.766422,123.57434,16.901648,62.878128,-11.6851015,85.51216,13.207406,72.36768,-7.183144,99.42995,4.735628,74.3368,-8.202425,49.662,2.6096554,44.4165,-2.9877625,38.79046,6.8062387,61.8596,-2.078867,50.90778,3.292025,55.87504,0.2834381,43.012966,-4.21877,39.115246
country.00072.wav,0.3451366,0.08410827,0.1565894,0.0023759159,1711.210421666456,167635.78255260174,1873.5602980165904,89305.58650292385,3556.48682774405,1056607.9535088856,0.08227350099167957,0.0005956546774313093,-3.5114583e-06,0.016693775,-4.149012e-05,0.004125857,151.99908088235293,country,-96.28298,1790.2275,131.92026,447.1193,-26.322138,299.31012,35.98216,196.58936,-22.80771,179.30286,14.489158,147.39253,-11.834168,166.39249,11.80155,124.4092,-21.218061,101.92698,11.527786,103.12671,-12.925014,56.248814,7.1762304,94.431694,-13.93854,68.2695,2.9490716,65.54547,-5.027494,51.98457,1.5300584,47.350437,-4.385613,54.7416,2.5454063,49.586662,-5.366111,47.8071,-5.97007,40.43527
country.00073.wav,0.3749396,0.082097895,0.09581227,0.0014542246,1549.1920056300596,258513.1273469816,1823.8559848265643,165385.24470544973,3290.171771448094,1598847.568013751,0.06975279061048761,0.0008663070741023042,2.2613713e-06,0.0060530896,-1.341252e-05,0.0019509011,151.99908088235293,country,-167.00983,2659.9258,132.44342,792.8567,-17.294891,481.85846,46.932304,190.74677,-3.6503565,202.1197,20.946674,163.41887,-8.830444,124.62269,8.546586,93.89498,-15.151556,95.3239,8.105514,84.703026,-16.944101,112.37938,6.6470175,98.4002,-10.924017,52.285835,1.1016004,47.28703,-6.29374,52.027454,-3.6414769,52.878906,-7.382185,51.50491,-2.170815,44.08469,-3.8498697,51.621517,-9.668263,41.587444
country.00067.wav,0.32129815,0.087865114,0.055430457,0.001232403,857.9961382033514,285331.17157156457,1237.6766228928477,170559.14261103055,1445.8079240639513,1566552.5914287646,0.03538187221845975,0.0006060502738850896,-1.5208458e-06,0.0029868335,-1.6008818e-05,0.0005474979,64.599609375,country,-328.72546,7254.9297,167.05113,951.1713,12.98839,1303.8496,28.820633,333.8964,11.246061,472.45352,14.426724,267.98917,11.705959,119.5036,7.804122,118.90315,-11.729082,127.283485,2.385381,201.88867,-8.347571,94.487305,-3.857314,87.705956,-6.7459245,73.52499,-5.7640853,63.93943,-8.251606,71.88248,-4.5495777,43.31081,-1.0538641,64.161644,-4.6060276,65.98187,-2.85825,42.46135,-2.2324877,45.92736
country.00098.wav,0.27091026,0.086912125,0.17611368,0.0036342088,1425.263507996948,268258.6028374225,1690.6857066356342,119637.55451160071,2980.9403079951144,1197117.0931135484,0.0617449025251548,0.0009594310942121132,2.1318795e-06,0.026797261,8.651462e-06,0.0032077634,117.45383522727273,country,-139.62306,2069.8184,128.79353,590.9671,-20.24936,368.39893,49.443615,210.05568,-2.1603603,179.39607,16.988024,151.05795,-8.355296,103.60222,9.8182955,89.752785,-20.150694,79.53829,2.501784,136.21967,-11.247767,83.2392,3.766037,67.86105,-6.424687,91.380005,-3.3514197,113.57528,-2.8953953,86.463936,1.9763131,70.23497,-4.1829424,78.64672,1.3833525,69.80931,2.4402022,70.12199,-3.6237288,63.63987
country.00028.wav,0.3183651,0.088526584,0.09411102,0.00095141376,1474.0010327537864,121428.2975671129,1885.7963023939287,77621.33156272165,2925.3573107645607,596633.7029950982,0.05981898824496904,0.0005939953261752047,1.9340298e-06,0.006734912,4.9133774e-05,0.0009892462,89.10290948275862,country,-169.19261,1603.9739,132.80664,337.10916,-13.484966,267.20377,31.182266,161.12965,6.3355885,161.8534,-3.7656243,103.86124,-2.057463,74.79823,-3.6175504,70.20504,-4.556713,131.72467,1.2857978,71.43947,-6.986225,57.354034,-7.255016,80.82171,-1.3873173,57.78657,-9.508183,55.260365,-5.418511,72.36431,-1.9065212,52.017643,-7.168161,46.3929,-1.4283392,47.301807,0.15933105,43.707912,-4.114242,38.215816
country.00000.wav,0.38354596,0.08120987,0.24838431,0.0007132465,2797.969870734425,355704.7011506814,2847.657470456079,105967.65754974712,6220.629051373839,1801706.6805865103,0.10713729622194272,0.0017545319449689164,-0.0001368655,0.048915405,-0.0012477257,0.004804716,86.1328125,country,-23.184359,1017.44836,70.25887,340.23294,3.818911,236.36308,28.329025,135.61676,13.76447,111.2569,5.725915,107.63685,3.9781454,86.00229,7.4515567,63.313732,2.6495175,61.08912,8.495177,72.37263,-2.288516,73.146,2.0798767,41.931267,-3.3781197,62.730747,5.1236925,50.52351,-0.1764189,51.96574,0.35927144,68.758995,0.5841995,54.18347,4.0280023,74.10346,0.9243894,68.672386,4.08801,73.81277
country.00014.wav,0.36476815,0.08817141,0.09264681,0.0010491806,2951.9486784809105,966904.8312742193,3036.2061234055395,125492.8995991943,6568.8436124346945,2666857.577934425,0.12474225401509288,0.0066661838401773825,-1.7647545e-06,0.004453066,-7.161087e-06,0.0025994068,135.99917763157896,country,-124.6331,2334.4248,72.52177,592.88196,16.71368,310.00446,18.248219,180.22217,12.224788,120.912415,8.088155,79.98153,7.982229,66.853836,-0.5219015,61.113403,2.367466,75.73053,-0.56436104,58.208424,-5.5733914,49.37033,0.53877306,61.051373,-5.067154,61.546257,-1.1601871,48.85984,-3.5754244,47.384674,-3.6894362,52.265015,-0.16906025,68.241066,-0.6420816,64.418045,-4.1438947,62.76877,-3.999883,78.040344
country.00015.wav,0.37969851,0.0795917,0.104739495,0.00066790765,1959.337324250709,356194.72967077675,2147.1033968251777,102979.59717626055,4208.8912160773025,1555013.9065304399,0.09426624782314241,0.0021949588997094453,2.5106715e-06,0.0068851467,-2.8695767e-06,0.0016169951,151.99908088235293,country,-116.17638,2439.9226,111.72995,829.6245,-5.245513,328.4092,33.995697,98.11093,-12.458564,109.32244,4.2506166,54.306065,-14.428153,68.4306,8.494949,86.40181,-8.19823,94.81343,-1.3456504,52.12534,-12.559847,37.981205,-5.005492,41.489674,-2.1499321,33.180584,-1.8379672,39.1789,-8.272397,49.10951,-3.0211012,27.461536,-5.472165,27.610807,-2.941531,25.91363,-2.636676,33.48056,-3.3716757,40.242188
country.00001.wav,0.41387543,0.079302534,0.23043084,0.0004518289,2937.8328051469803,101801.37298722912,2839.590747196393,41011.51508945276,6279.203697180969,626566.9615449208,0.12698751632643188,0.0008774587227016181,-6.192838e-05,0.037926733,-0.0013717103,0.0055144615,129.19921875,country,-8.001197,360.50742,62.728,93.17829,-1.4580808,148.33768,28.115849,60.726902,9.9723625,73.608116,9.353735,106.51062,5.420156,49.54884,9.825023,53.33194,3.0283055,60.79453,8.426978,54.819683,0.31103778,48.333443,6.545156,38.091114,0.7390594,31.048208,-1.7741017,48.359177,0.8506021,47.62916,2.982779,37.212177,-2.7668254,46.117485,2.8226826,48.79302,-1.7435719,44.39686,0.9709401,48.089703
country.00029.wav,0.3099462,0.0891837,0.11707953,0.0020290993,1214.054895968694,146621.32641299677,1555.3850334761114,153430.53135238632,2274.1112487604005,956052.9168198843,0.054208666916602165,0.00046588365438439715,-1.9580684e-06,0.009656112,-1.0017182e-05,0.0023112108,89.10290948275862,country,-171.28873,2247.4824,160.4967,614.45197,-17.80444,482.99652,30.5122,176.85608,7.514744,185.14046,-8.2560425,135.39926,-5.6703825,72.94552,0.13195086,72.630585,-8.836377,76.677025,-2.6552682,52.54583,0.70573163,94.66903,-3.78496,57.834644,-6.5005155,56.626034,3.7841282,42.29601,-5.4310317,41.81042,-3.0764792,36.867657,-6.2547708,51.65782,-1.9400128,41.77218,-0.8349335,36.860886,-1.433976,34.339947
country.00017.wav,0.3571866,0.08068068,0.08870292,0.00034622508,1469.7849502285726,284052.00717822084,1959.9876648535565,199403.25851804932,2966.873726387142,1852950.1666238268,0.06385600087074303,0.0008164939130898203,-2.6328468e-07,0.005028035,-1.0637576e-05,0.0010103032,89.10290948275862,country,-171.339,3326.6143,137.35457,1054.477,7.9645786,128.93564,28.539564,92.923965,2.7081969,144.49857,-0.5015101,59.891666,-2.9561005,34.54522,-1.1593422,66.41731,-6.1596603,55.745678,-2.4005287,63.40493,-5.853389,51.59721,-2.1666093,43.7439,-5.3437123,35.863064,-2.7834225,37.48549,-1.5698565,39.760258,1.2948381,26.395405,-3.4124446,33.63934,-0.8946278,48.460968,2.633026,32.937027,-0.099772945,43.735832
country.00003.wav,0.3769877,0.08378951,0.2042707,0.0019195367,2174.1604935047117,570461.9655463778,2281.058760714112,206870.9963100941,4348.07370779315,2578226.800647368,0.1025643835864938,0.002366501392879316,-0.00015524244,0.02958724,-0.0013248281,0.00562656,161.4990234375,country,-57.75979,1337.1653,95.76648,823.8119,-10.109319,414.27032,40.979637,193.22061,13.979035,133.6319,-0.9898583,171.42763,-0.18847127,107.00304,7.4250774,100.90501,-3.6333375,103.60408,9.545139,80.60195,-2.9410644,74.62041,2.4362512,80.11866,1.9947803,53.288246,-1.2870497,85.47224,1.3565394,51.67783,4.4236846,61.059113,-6.5204806,63.7305,-0.03459857,47.372093,-1.4115795,41.11413,-3.0789087,51.755867
country.00002.wav,0.29724705,0.097283155,0.14610802,0.001545129,2307.5397576425735,551137.9675416723,2618.0952399297303,100263.62977259123,5187.343632842734,1770711.876194216,0.0741337165005805,0.003980829216851441,-0.00023047328,0.015646305,-0.0011971935,0.0030005493,83.35433467741936,country,-120.72672,1686.3235,79.31613,448.62238,5.453445,351.10284,34.812138,187.79054,16.550337,100.041115,13.152538,84.32723,6.2395873,65.787994,9.984545,55.02258,-1.9874375,92.27663,6.7651973,61.697186,-6.290685,50.167606,0.2770041,52.75618,-6.7018795,63.646885,1.6440433,50.47127,-1.7412106,42.813232,-0.6663896,37.428436,-4.842762,35.774128,-0.2831709,40.641186,-5.389651,43.870445,-1.9393585,61.407314
country.00016.wav,0.32257736,0.088199206,0.07976905,0.00075596606,1425.8089845409772,232106.87236299622,1648.61482287627,109833.42016719672,2880.507581964735,1361242.34822162,0.06017386138254644,0.0005890121768550617,-1.4923364e-06,0.004732547,-7.451096e-06,0.0008953254,107.666015625,country,-210.17332,3339.943,139.61768,820.08435,-16.979992,805.8026,58.003017,204.46178,-9.654812,233.16176,-1.9645078,82.94442,-18.001234,90.44346,-8.207504,61.069878,-11.778446,76.264626,-7.882443,56.419086,0.60710543,97.17384,-9.965226,43.454063,-6.466774,38.931587,-3.8483524,53.193073,-12.04527,41.03325,0.3174675,34.166313,-8.04239,45.29523,-6.79309,44.391212,-1.8463358,33.859425,-5.9385214,34.01611
country.00012.wav,0.29649943,0.09001072,0.12687828,0.0019749133,1667.8626239303642,469402.52926345525,2053.1917197851853,279194.35120064276,3440.6958612495164,2768331.5512878015,0.06406763980263158,0.0011054548200147634,8.998202e-07,0.011902353,-5.166712e-06,0.0024077888,89.10290948275862,country,-141.0231,1977.2037,123.89308,1157.4556,-2.4948008,335.83502,27.972536,220.0579,0.012813225,202.91856,1.2166239,82.24081,-11.020722,120.881226,-1.3764036,99.96844,-7.020709,67.0626,-6.118951,67.04834,-5.192486,100.88979,-2.168428,57.252323,-4.5938883,54.964542,-2.3405595,54.55042,-1.1824416,47.82112,-3.964283,40.487907,-4.2342577,42.754498,-7.813797,38.60986,-1.6731255,34.450813,-1.0846561,40.703747
country.00006.wav,0.42083368,0.07963043,0.21448013,0.0015906641,2800.214423030315,421154.5246891195,2773.173156404822,107047.23681779414,6004.497024961301,1988143.6936392486,0.12843724300986842,0.002807551306254005,-0.00013253425,0.030926354,-0.0012929369,0.006420993,112.34714673913044,country,-23.14604,592.4549,71.35541,429.33383,1.3973157,273.27902,24.47451,136.78217,16.34997,155.82019,4.5169725,128.38634,-3.9798617,78.80948,18.038275,66.5552,-3.358467,70.74507,2.4740372,58.229633,2.9799597,48.431805,0.83682466,44.75266,-1.1464859,58.747128,0.16857764,58.359756,-3.3017209,42.31933,0.18618388,34.90977,-1.2149608,43.246304,-1.5663674,36.469982,-2.7524984,40.79895,-2.110104,41.077328
country.00007.wav,0.42144912,0.08228461,0.24406008,0.0006498345,2898.787368032488,377335.3037989948,2878.9661651993006,95168.91761470931,6400.052966421972,1407862.6032961959,0.11293582502902477,0.0017841540269934227,-9.192621e-05,0.048062038,-0.0012843858,0.0044555864,103.359375,country,-20.81746,803.5951,64.90752,336.9937,6.7671013,193.94774,26.357126,114.97886,11.665423,95.302284,13.185629,66.47627,-1.9791069,87.22188,8.582197,57.27099,0.47289523,53.58169,7.441096,59.180744,-0.41490933,55.206753,6.945586,45.887993,3.6606066,41.3293,2.0337164,49.273045,0.6502081,38.372334,4.3827734,44.913227,-2.802764,45.405586,2.975754,46.186676,-1.840282,61.598816,-2.3632526,62.530766
country.00013.wav,0.36810315,0.08634788,0.080029346,0.0011117272,2812.414612083667,523075.27493268286,2842.082595520709,175334.998918758,6062.846672128967,2829816.202707003,0.12956497617550308,0.0023852098779570297,2.681643e-07,0.0037799494,-6.3773277e-06,0.0019449554,129.19921875,country,-126.18547,2083.1304,77.63614,537.9038,3.1659162,349.1354,19.95085,106.44959,10.833182,173.016,0.7266967,103.88798,5.2176957,90.977745,-0.49295208,78.62636,-0.9993632,78.009766,5.3890133,87.13195,-3.735502,54.580605,-3.5004709,46.19344,-5.3318467,49.781384,0.28486127,48.716236,-2.0108876,44.873295,0.8345813,57.18695,0.3288452,69.292755,-1.114898,57.546345,-4.387004,57.29299,-2.6085505,92.03193
country.00005.wav,0.41735208,0.08277715,0.20384075,0.0014575089,2926.865766278933,277618.05280121736,2736.268564740949,73995.35364158216,6172.429342830882,1170841.8401163407,0.13645079999516255,0.0022453327902364614,-0.00011889819,0.028884811,-0.0012508103,0.0049521443,129.19921875,country,-24.692423,756.0686,62.388386,253.85445,-7.7689857,233.49554,28.530289,132.34769,10.947266,80.79886,5.6092887,86.286446,0.032920837,66.92443,13.834209,67.92384,3.0137305,65.35636,9.866081,95.01069,0.81874436,69.237885,5.8707213,57.308945,-1.2669297,61.29837,2.994797,60.395718,0.9407644,45.636417,2.08431,59.307144,3.0438795,46.166233,3.0530634,50.10191,-0.13393764,59.417274,3.6150692,68.15683
country.00011.wav,0.3009386,0.09455845,0.07848472,0.0018250063,2838.2033521252542,1279024.520564768,2798.4000706520005,201693.98873078142,6046.530104126355,4012644.5264727618,0.11010515431501548,0.009107485454543129,1.3158617e-06,0.0063780616,-4.5788497e-06,0.0007490615,112.34714673913044,country,-199.0945,5353.6426,61.186787,1408.0417,9.970173,549.4111,23.455229,240.23375,10.266042,229.91704,0.021369297,177.81088,8.005174,162.2145,1.1249682,131.78749,-4.8876796,120.29158,9.501938,126.73247,-6.344292,88.35601,3.8612268,109.359085,1.6283535,97.81477,-1.3461187,116.61394,2.6031919,92.08371,-3.5718608,118.81509,1.9763373,133.7109,2.5352304,129.50772,1.0390567,166.084,-0.98147744,160.42986
country.00039.wav,0.43781942,0.07515597,0.0963117,0.00076199067,3760.4244872923673,586785.6344236152,3053.0667721793766,127656.55368228197,7442.646662000532,1730144.6940263226,0.21237475510352166,0.0038977995884652843,1.5932696e-07,0.003962849,5.895449e-06,0.002726662,123.046875,country,-89.73638,1967.6858,36.2862,456.73355,11.469535,323.90982,37.49559,204.48222,9.199136,197.6473,3.7405186,66.04933,2.8403578,113.7411,6.811539,86.30716,1.4674554,59.880672,0.09733825,57.31965,1.0258602,55.234512,1.1755474,50.440784,-3.5642974,53.60525,-2.0911777,52.462185,1.7115148,47.42631,-1.3672682,45.771828,-4.3769636,42.14075,-2.6016088,64.6527,-3.5284464,59.700027,-4.2272496,69.68347
country.00038.wav,0.3671552,0.08580156,0.09092475,0.0009266988,2860.3399496357706,520098.00743537745,2919.8629475089024,147381.9240640797,6247.037225020559,2145114.5277017476,0.12115799753289473,0.002023509344371654,-0.00010039473,0.0046291547,-0.00074283814,0.0021376833,151.99908088235293,country,-118.028564,1851.8146,74.16701,576.7639,8.2881365,303.91916,15.462522,208.28717,6.1549687,96.04404,8.443999,108.864784,4.1188307,91.0533,5.738997,77.60214,-1.9503189,79.31416,3.1639109,84.02902,5.040857,65.085335,-1.1298938,56.96939,2.4367032,55.702507,-1.4256318,70.55081,-4.7408276,49.550495,-6.3695383,72.48366,-5.7475576,53.60217,-6.266189,49.08716,-4.5168686,42.115803,-1.0093791,64.17125
country.00010.wav,0.29136452,0.09192655,0.07468149,0.0011198259,1861.184983990783,557770.7964652414,2127.1802137761574,137375.71929776398,3768.960542944563,2003795.0279668323,0.07651125314434984,0.0024416258180653,7.2884184e-08,0.0049703675,-4.7943563e-06,0.000676323,80.74951171875,country,-197.73265,4253.0215,106.509026,936.90265,-4.4345407,578.2209,37.64394,319.48483,-0.86065483,299.17963,-0.95550233,161.30502,-3.4480147,145.72734,-0.05124232,90.334465,-9.299326,152.17616,-5.1646576,154.20837,-4.2450776,98.649,-3.5471108,95.44637,-1.3499807,75.2371,-7.1235623,51.460213,-1.6197429,52.88187,-2.4868116,47.86697,-5.0532327,61.247646,0.30241525,35.600334,1.0691494,42.243645,-1.6592697,46.978497
country.00004.wav,0.3827643,0.08182912,0.2093933,0.00080522,2966.1571589936843,192924.1702591444,2848.1234947138532,74499.59200936374,6349.4199392596265,1179561.1770973017,0.12416100280572756,0.0012625676280788609,-0.00010747833,0.03251852,-0.0013913315,0.0040172306,117.45383522727273,country,-20.78135,381.67404,62.950428,156.56827,2.3044403,161.45715,30.773718,93.19163,6.973462,62.151752,6.5058117,115.17589,6.3236365,69.03253,9.873086,72.264435,3.4352968,52.189114,9.372202,55.307903,-0.404158,52.405174,7.5194154,41.743786,-0.9842738,43.462444,4.0191503,36.692596,-0.6624488,33.740776,-0.06125192,39.290096,-0.16676487,43.14302,0.24374022,48.175987,-5.4381933,33.76489,1.8272818,44.119907
country.00009.wav,0.42975277,0.07383339,0.23653284,0.0013450653,3191.4845774083215,178081.14950876473,2948.097882896547,68736.08827497206,6926.349783977119,867729.2083192106,0.15687886996904024,0.0016092838686761598,-8.6152395e-05,0.03384454,-0.0015740667,0.0073937243,95.703125,country,12.1632,190.95026,58.97738,144.17577,0.9188625,182.74976,26.749123,118.4964,9.2547035,75.630615,3.5763056,86.30579,1.583151,68.64128,8.648173,51.14292,0.97104156,61.401993,11.62741,45.165672,-2.1597261,44.18353,1.1948515,39.914753,0.4723694,39.238976,4.408359,39.14267,-0.17110053,47.349438,3.0999486,42.75176,-1.1844648,34.34652,4.545524,28.028929,0.8650014,36.131855,1.2720963,35.547382
country.00021.wav,0.28894132,0.09117184,0.1098368,0.0016749167,1043.9737111043523,103117.41601784097,1393.023731509997,51528.155157490975,1945.0382386198723,557030.6331257926,0.04559534031540248,0.0003850737157042712,-1.6557208e-06,0.009393264,-7.089176e-06,0.0015073392,107.666015625,country,-209.38939,2704.744,167.1398,467.10605,-20.865452,340.3988,36.817654,321.82736,10.305034,299.16394,3.9740636,124.88166,-5.6623545,154.60732,-4.6380916,104.60634,-6.2379713,104.9655,-4.1778646,85.54925,-6.688474,87.324814,-3.2634773,52.58358,-7.9670053,55.59584,-4.053322,42.834938,-4.987053,40.87041,-4.496617,43.17381,-4.010354,49.81389,-6.3978004,47.465958,-5.91674,46.150417,-8.175597,64.32673
country.00035.wav,0.37593812,0.08157349,0.0999719,0.0011466985,2322.0772479079756,543727.9187330698,2545.6257559133423,155922.04144466083,4581.230631258465,2652808.4572161604,0.10437125096749227,0.002557977571397753,1.6381247e-06,0.0050867833,8.8015004e-05,0.003021672,99.38401442307692,country,-120.383224,1672.2651,95.348915,716.9787,-6.0082717,317.56012,25.16893,298.43326,20.961815,226.0296,-7.1399155,187.81596,8.552629,80.715034,2.4400122,97.76508,-14.6636305,89.48028,9.296396,140.6297,-2.3618505,88.07348,-3.1564727,69.29336,0.6094835,51.319344,-4.4258304,66.22138,-7.452153,58.28596,-0.44424567,51.789692,-3.587983,51.100258,-5.0256357,47.00638,-2.523358,35.88456,-4.7514105,33.28738
country.00034.wav,0.3592578,0.091188475,0.07824791,0.0015914645,2614.1281512828127,792104.6352245172,2655.9181746441463,277275.2782492203,5435.150467722039,4005751.272893693,0.11928688261900154,0.003373228927832521,2.9736887e-07,0.0025929932,-7.6101483e-06,0.0029598188,135.99917763157896,country,-153.86736,2853.1257,83.68425,839.0577,-8.418768,628.69794,13.969093,167.75964,13.551848,148.01158,3.773254,212.55664,3.0063746,107.31808,6.347874,76.571495,2.0667963,88.32965,2.0754557,86.847984,3.1952746,96.74359,-0.47532395,75.11107,-3.0259306,79.90679,-4.5377707,80.65199,-5.0488076,66.27648,-4.925893,69.920395,-6.1356635,54.585598,-1.6660153,63.514366,0.46549755,74.216896,-1.5515391,112.79685
country.00020.wav,0.36554465,0.08590857,0.10520261,0.0009901244,2409.267879260446,1069856.437461656,2533.230941226111,153608.01936541754,5215.735127829915,3286878.0348317767,0.08685812935371517,0.0054206875910403985,-8.823973e-06,0.008810179,-3.9112324e-06,0.0013816087,103.359375,country,-161.09123,5323.4785,74.70691,1365.1587,22.421598,258.49792,46.011986,393.12372,5.2690363,230.76408,25.112387,111.91912,-0.5864293,128.86407,10.375498,77.0398,-6.830219,123.77433,5.0498123,132.90053,-0.76978654,50.42174,1.4022417,73.80363,-6.0112886,67.9876,-4.0060997,66.2694,-4.7936296,84.31488,-2.8669362,68.55019,-4.986899,51.389202,-3.6081994,52.133327,-7.5884213,81.547264,-3.2281837,55.952606
country.00008.wav,0.35535052,0.08301552,0.27419725,0.0010276156,2506.169376457896,283110.5135908604,2573.5151280626237,119219.93145912152,5478.791870495114,1423561.7589898838,0.10473972946497678,0.0011869165065684375,-5.4712516e-05,0.0623185,-0.0012972575,0.0043075457,66.25600961538461,country,-19.72382,524.5238,76.66849,369.38086,-4.84972,158.29825,32.24758,153.5803,7.6701546,120.22071,17.224527,125.53433,-1.4669178,60.55662,9.14332,55.273197,2.7177043,94.42163,9.111842,81.84391,-2.6976073,62.59008,7.5035057,85.20269,0.33303133,57.889477,4.9300003,75.921074,2.801467,79.256836,1.8928756,75.953545,2.4545383,77.01719,6.401708,113.24454,-3.3361027,72.82321,6.319224,73.6528
country.00036.wav,0.34464782,0.08631593,0.022713259,0.00025340388,1827.093958381686,574080.392532301,2050.585534980529,136403.44860366956,3647.25294556042,2284232.879126273,0.0848248839009288,0.0037373909068924125,1.8476553e-06,0.00050579716,4.3710184e-05,0.00013030866,112.34714673913044,country,-339.7991,6936.893,97.78101,1132.6304,-9.6959095,688.659,50.986897,294.6834,7.8249445,304.88507,11.747368,291.03156,0.6847606,133.02097,2.4938345,101.549545,-4.7754116,84.72075,0.19351895,77.19522,-5.9746647,74.42374,-2.8948967,82.75572,-6.1570086,54.9823,-1.8445805,58.92716,-5.355182,69.66441,-8.306349,64.58338,-10.728061,55.844692,-7.740845,60.420322,-3.443732,70.39399,-6.962086,109.80917
country.00022.wav,0.32141724,0.09030612,0.07503542,0.0010261625,1719.3372066856614,176345.00145832406,2141.9342898901655,107278.14057351495,3448.595813479586,1172891.0361671827,0.06805325440208979,0.0006836546062800423,-4.525808e-08,0.0039406423,-5.384731e-06,0.0011311368,184.5703125,country,-195.12416,3122.9814,114.29301,438.6679,0.001429602,445.4494,38.17855,252.8095,11.291478,285.9639,-6.075158,229.60013,1.2188286,161.35591,-0.0041929074,90.91466,-15.420767,153.53215,-3.5708997,97.32881,-6.125418,91.924934,-4.500051,88.92889,-0.12475661,64.24037,-4.386221,70.262566,-9.412581,66.88794,-10.716871,61.106743,-6.5419583,42.90849,-10.051359,46.75037,-7.2627316,46.782993,-4.007446,44.457855
country.00023.wav,0.30551112,0.098847486,0.038845718,0.00046839812,1496.56913504939,624616.8247525844,2333.0838753541902,246056.501377761,3056.189852971411,4402014.80661812,0.03548126693111455,0.0018992928813078764,-3.1494264e-06,0.0017020185,-7.9043e-06,0.00012924678,83.35433467741936,country,-353.05423,6474.7285,110.632095,797.7261,32.743378,697.7041,24.164183,275.26514,18.746185,231.45496,5.9248896,124.080376,-1.7401656,113.29756,3.8813748,87.01952,-2.987254,103.91431,-1.9034864,59.58797,-2.8664544,85.15303,-0.97887456,96.939674,-6.4891205,66.107994,-4.2524424,53.945873,-3.7505188,64.72909,-6.0119343,65.91597,-7.199875,72.68471,-2.5195587,41.39167,-4.032561,66.001305,-3.4128342,60.438076
country.00037.wav,0.37397298,0.08423618,0.07204185,0.0008107793,2069.180155621707,679020.4232933156,2437.8452686900728,229475.50149309423,4234.307729053792,3544256.18493922,0.08500288735971362,0.0025842052243483494,9.699813e-06,0.003555213,8.219742e-05,0.0010444268,99.38401442307692,country,-173.4441,2591.2495,105.05278,1032.2523,1.155317,449.32126,24.114843,212.93741,22.12515,269.62494,2.542493,197.09355,-1.5812404,96.6634,0.17491437,68.56521,-5.3230443,94.53099,3.8141825,74.27462,-4.5238996,75.89029,-4.5872827,61.534565,-1.5664963,47.537502,-2.2571905,47.059,-3.857909,38.7113,-6.458283,48.66714,-7.4685717,49.717983,-5.533387,43.25705,-2.1898675,54.296772,-2.4518628,39.21524
country.00033.wav,0.31676006,0.09002314,0.10454683,0.002306957,2456.555660328369,456823.10652261245,2387.529908663703,153430.82862039295,4914.728614641786,1599201.4309564389,0.12361565462945047,0.003210561911143556,1.6491267e-06,0.0072618686,-1.1983135e-05,0.0028400416,92.28515625,country,-133.3365,4159.581,78.990364,743.6337,-5.650647,474.78058,35.522865,373.42593,-7.5477085,163.94884,7.9280396,131.05646,2.7298074,119.61041,0.39645377,109.30616,-1.13313,88.73561,-1.1071386,72.982185,-7.8454437,88.753105,-1.1711785,71.84448,-4.814018,63.88543,-3.1399326,63.13454,-5.0448146,85.12793,-1.0937083,91.23599,-0.96363306,70.90256,-2.4559503,88.19891,1.1548452,98.97818,-1.8392485,79.34508
country.00027.wav,0.3917749,0.081998214,0.116559245,0.0010276346,2012.1998825497253,180929.4290009678,2140.5495163521114,168422.69048138824,3908.3263668851587,1104092.1615377967,0.0973951026751161,0.00093394046092966,-1.5020844e-06,0.007813069,4.1757972e-05,0.0027989151,92.28515625,country,-100.73443,1935.9308,106.97025,447.271,-27.180391,571.8707,29.091337,236.11784,5.039497,221.9742,-5.4290433,128.5821,3.2457461,118.146675,-5.1666436,46.83232,-5.1038213,68.95676,-0.8067117,58.758476,-3.8309824,44.86118,-2.7171006,51.524586,-6.651432,42.603786,-4.670355,33.1763,-5.6970487,39.740513,-5.991532,38.026497,-10.221571,42.293068,-10.535934,40.99966,-5.7311044,37.147354,-7.2916656,42.411263
country.00026.wav,0.32973626,0.084045865,0.10049913,0.0013088649,1270.4148783967134,272617.39890927234,1702.296029495803,133986.417494064,2498.2598933642125,1596281.2507168506,0.05483186798568111,0.0008971397824567085,4.8890765e-06,0.007788406,-5.9663603e-06,0.0013394437,107.666015625,country,-194.26962,3125.186,151.78432,972.3157,-3.0342524,405.30988,29.480589,330.3634,9.101757,290.84344,5.9855814,148.0229,3.784445,149.19354,3.7657218,147.64597,-5.8694096,111.01641,1.5940248,98.20223,-3.7664156,96.12899,0.9295919,66.99873,1.972304,71.69253,-2.2319498,96.96506,3.3600001,54.035217,3.75466,51.80609,-1.1347995,53.6526,2.2319846,43.019867,3.3677235,50.63412,-4.13741,54.14821
country.00032.wav,0.33104125,0.091276474,0.06050447,0.0012177579,1823.4330215874613,549441.2689957807,2206.257974253683,213388.53482918465,4016.8007109556406,2243481.053080308,0.0676016320385062,0.002032092762720806,8.403038e-09,0.0037044846,2.614668e-05,0.00045276515,99.38401442307692,country,-237.99352,4659.7188,97.70346,982.8914,6.526743,357.18027,45.977615,215.86028,2.1547685,208.45706,16.221973,76.1007,8.825113,92.91699,7.7670083,86.99613,-0.59379184,89.79097,4.4802604,70.72469,0.14091581,56.19148,3.021077,47.612053,-1.6638006,94.648705,-5.4229407,152.31897,-2.8296824,115.18769,-3.0536504,67.0926,-0.4980622,84.486664,-0.11182406,53.742466,-3.8595042,53.008198,-2.650805,54.00677
country.00024.wav,0.2704443,0.09073112,0.09660107,0.0016766392,1739.321196159185,572322.6060204655,1907.39364810552,159390.38730784683,3425.5292862930532,2346428.438684031,0.0824598188370743,0.00227836017601604,-1.1625528e-06,0.007913126,-9.396454e-06,0.0014140691,129.19921875,country,-199.98285,5583.5054,109.121544,1614.9583,-5.5460243,318.24982,48.132893,236.78734,1.2039802,384.13632,4.5974913,201.23398,-9.152174,148.80693,-1.4712749,93.45658,-11.66506,72.01048,-5.204099,119.9203,-11.550537,65.51265,4.9783483,106.92175,-4.9808197,71.59419,-6.0473065,55.06533,-0.6872891,63.35556,-8.536201,54.16581,-8.461552,42.294064,-7.943485,57.44646,-7.613288,53.137287,-0.38595313,55.40626
country.00030.wav,0.22133958,0.08618787,0.079619266,0.002166164,1240.589517425619,336832.4053289778,1996.8404273431743,285677.94243840885,2412.9187427438083,3643218.1058949847,0.042844034200851394,0.0002306186215564384,-1.5118297e-06,0.007500852,4.978308e-05,0.00019390832,161.4990234375,country,-277.1022,3854.5232,128.25644,884.01434,42.42859,286.89813,37.69783,99.69821,12.780972,121.853355,9.599223,104.34479,-5.9831166,103.16326,-7.538272,75.364845,-8.034319,87.78602,-4.942379,89.767395,-6.5300484,105.4569,-3.6279535,118.794846,-7.2284265,115.62979,-7.452904,77.40161,-1.5747141,88.53431,1.3907409,118.2139,3.0805378,95.82285,2.5106266,62.55414,-1.0542907,78.706024,-2.7523239,85.533775
country.00018.wav,0.36993918,0.08259723,0.09677969,0.0010112847,2068.772763718777,342603.46721591486,2370.0194416842432,143945.34990286033,4098.033553085091,2055683.0625980196,0.09561053296729877,0.001627456761923676,-4.6559126e-06,0.0062687895,-2.0469254e-06,0.0016503839,86.1328125,country,-131.14856,1983.721,102.99637,535.771,-11.533305,333.41138,17.73964,163.30585,16.962389,160.40407,4.435607,139.56122,1.2965345,118.6741,3.4184597,79.316216,-1.4990544,65.84505,1.6171722,89.73054,-7.983499,56.749825,-0.8249754,67.217384,-8.876751,56.21899,-3.842363,46.9198,-4.487587,44.94589,-8.93866,48.52339,-6.380394,42.344433,-1.5118132,36.831795,-5.409956,45.160072,-8.043467,42.94946
country.00019.wav,0.31574336,0.093307324,0.08205686,0.0031893814,1138.6702901800775,161816.1633176541,1462.0454419306657,75154.51595945463,2117.4705292787344,687379.9683784988,0.050959631385448914,0.0010114759790940677,2.4371573e-06,0.007749002,-3.3009285e-06,0.0008243172,83.35433467741936,country,-256.06357,5265.5903,163.10161,873.96094,-22.872879,726.32263,26.93337,378.63565,15.301942,244.1856,-3.50522,160.89302,4.2170873,162.49654,-0.7930169,99.26391,-9.463185,86.38234,1.7569615,60.95422,-4.4230623,61.125713,-3.6401737,49.28833,-4.2523346,51.139175,-8.109075,81.156746,-2.376017,51.897205,-5.1455927,48.770355,-11.161296,74.136925,-2.412988,40.118668,-0.5396905,44.224632,-4.7787414,64.77387
country.00031.wav,0.31330618,0.08187723,0.10080858,0.0012391604,2052.937539079165,517244.7165882584,2187.74961377564,208160.13140277256,4094.358575307179,2033698.4574329564,0.09529609798277863,0.0024428281293447218,-0.00030518885,0.008326457,-0.0007327133,0.0012446395,112.34714673913044,country,-130.4947,2165.244,104.13707,840.7933,-19.261398,308.81473,34.153618,144.75557,5.4139214,143.49629,-2.1668837,89.74477,-0.7268799,111.504776,-2.8929856,99.846886,-5.459535,67.61222,4.0802116,83.18217,-4.4622407,58.873272,3.523582,67.99371,2.1470132,59.229164,0.18757638,60.85917,2.6818895,53.749016,-3.0753498,41.954098,-3.1991117,40.361423,1.6599616,42.866215,-0.6806539,47.651962,-4.3735867,61.305794
country.00025.wav,0.347311,0.08915447,0.07990662,0.001133358,1565.7683179567373,412510.39133972477,2016.5056375841798,149470.30112793265,3190.1057098672118,1994427.2595222918,0.05730313044214396,0.001580572443861326,-2.914877e-07,0.0054591447,-7.746205e-06,0.0007381595,73.828125,country,-200.55318,4030.9502,119.65538,999.1067,-3.604682,306.50693,31.952965,271.9836,9.957966,203.96957,15.293297,175.02464,0.6486003,99.19419,0.23646206,95.6581,-4.4767165,73.69021,-2.3108823,82.3893,-5.255605,64.26409,-2.4737477,53.472645,-6.048022,68.51665,-0.8033076,66.969925,-4.706508,42.36186,-11.29183,47.375847,-8.867358,53.478638,-8.068558,47.31564,-3.1603549,58.48325,0.33031377,68.17943
country.00081.wav,0.37873682,0.084248036,0.16790287,0.0032870504,2101.538599563589,395637.646716435,2152.183984058375,111657.18045017731,4416.156629438371,1763815.4407786268,0.10102962340363777,0.002333535724178966,-2.6419643e-06,0.014228903,-2.8347826e-05,0.008281479,89.10290948275862,country,-74.1483,2214.0066,107.63805,574.67706,-21.198166,304.17764,47.234455,255.45172,-5.976316,224.84477,17.812092,117.05989,-20.399551,146.66728,14.992423,83.55715,-15.965242,117.02978,15.734073,81.02709,-14.664024,89.63198,10.681491,62.4288,-10.128547,73.456924,4.4502964,53.22525,-7.654799,48.88524,6.9238205,51.78398,-9.014679,49.107548,4.1666946,50.107967,-3.7480404,51.351044,-3.592913,33.95058
country.00095.wav,0.32867116,0.09122943,0.17533581,0.0049517713,1555.953044445339,410149.00740430946,1761.5697042735765,118044.96960015516,3218.1472069707816,1378305.0199947124,0.0672293742743808,0.003417615997155875,1.595606e-07,0.024640018,-1.8700312e-05,0.0048008785,89.10290948275862,country,-124.83957,2614.477,127.38223,724.3952,-23.381811,313.48346,47.360462,208.29431,0.5631107,232.66708,15.991255,210.8977,-9.954187,127.15197,16.180136,89.708565,-16.72955,179.07619,6.785199,105.20072,-8.187069,106.76879,3.2049856,73.53462,-1.5920391,66.28483,-2.1546216,61.67676,-3.5263731,66.878815,2.2071302,50.901703,-1.4075699,54.78184,-1.6892778,56.481594,-1.0261395,49.404568,-2.6274633,43.44392
country.00042.wav,0.39160368,0.08535231,0.117697,0.00049583404,2386.8223453587584,344424.0399917726,2715.9968533779856,118766.18638909276,5389.550743457334,1639754.3255887888,0.08702592879256967,0.0012749935794095348,4.1040844e-06,0.007825679,-2.0005957e-05,0.0025186555,103.359375,country,-101.28809,1537.371,84.139015,350.03613,7.751808,210.22177,30.383917,144.07936,13.85436,114.19833,11.632601,83.235756,-0.11175929,54.250168,-4.9390707,78.799805,-2.3706596,54.086906,-1.974887,56.318546,-8.18772,51.178852,2.8250737,60.191605,0.5467092,61.028343,-6.795643,42.518867,-4.3111024,40.515896,-4.577833,30.96121,-9.847294,31.434362,-5.69036,37.418407,-10.405995,28.806877,-7.5132923,37.01308
country.00056.wav,0.31916454,0.08411913,0.13618691,0.0020293833,1468.7461596453236,290184.2902564777,1960.7336227819144,162417.26969712134,3213.230570034346,1972289.7823171383,0.054941088791602165,0.0010102641317227806,1.0757905e-05,0.016641635,0.0002203408,0.0012926538,80.74951171875,country,-164.79193,4759.296,123.42043,561.66583,4.2346554,483.60315,48.788734,123.94841,-5.151331,240.41225,22.844551,141.82666,-7.8052983,78.69829,19.294298,79.93911,-11.024413,107.7403,21.256271,151.76295,-9.740571,65.10185,5.1541314,105.520584,-6.1411095,52.801735,5.4141016,118.13193,-9.923706,62.25312,3.9135349,96.83904,-7.3264365,134.96439,1.3926399,77.87725,-8.839242,79.00878,-3.7414536,50.464005
country.00057.wav,0.31502816,0.08674943,0.13006444,0.0023573267,1741.8149971403939,328189.4896420848,1985.7625460094796,159567.44375259767,3791.6270725498257,1735505.7931487944,0.07543756349167957,0.0013847578015951465,3.150243e-06,0.013281262,-2.9151504e-05,0.0020804352,67.99958881578948,country,-137.88376,4390.565,121.523895,510.77805,-13.26719,266.2447,43.318726,179.96416,-10.709389,161.61383,17.858776,201.54669,-7.9495454,104.05995,9.089492,109.601295,-19.792675,64.82878,9.440965,123.15521,-19.59838,105.777245,6.907874,60.09189,-12.543895,77.00913,-0.75563157,90.66565,-9.14944,60.669094,1.4457074,80.53966,-8.303117,58.538166,-3.7529554,94.689804,-6.868935,49.603436,-0.48034763,69.36927
country.00043.wav,0.40328202,0.08225805,0.09496325,0.0014666965,2530.853994149147,392612.11181476724,2491.487169319094,133520.2239863033,5071.785998270608,1823472.3187469307,0.1343000193498452,0.0022212586560895736,-8.703013e-06,0.004691655,-0.00032801306,0.002720864,135.99917763157896,country,-101.19902,2674.8982,85.43055,606.5581,-19.69571,314.7049,20.584856,162.27588,9.973623,169.51874,7.594193,81.64943,0.104056016,130.1227,3.405438,62.53534,0.046411615,72.40463,1.577752,73.50631,-1.4500952,48.694477,-1.2814347,44.27218,2.1464107,54.451813,-4.7943425,47.135178,-0.31705368,33.639404,-0.42996427,32.042675,-4.8876414,33.705975,-3.0000095,29.745743,1.077075,36.7998,-1.4569033,37.053326
country.00094.wav,0.3667726,0.08403766,0.20664184,0.0030226258,1474.927396796844,343384.4737434627,1745.8524867489689,151977.40037253936,3108.406203892947,1534201.3881626588,0.06299281636996903,0.000971681172734239,4.570199e-06,0.02993581,-4.234374e-05,0.0064654336,112.34714673913044,country,-104.37176,2098.28,136.39383,881.26587,-20.940239,377.94504,52.861176,212.06018,2.025889,197.22208,20.42771,169.09825,-11.619367,109.19368,17.663803,79.17437,-15.735388,77.19077,11.049825,99.70439,-11.3204365,63.802704,3.6714113,80.185005,-6.4964943,65.1695,0.03771139,69.354065,-2.041168,60.06586,2.1937985,70.794266,-7.11224,64.6573,1.8450243,54.102894,1.6776917,55.595848,-1.4936905,64.80978
country.00080.wav,0.3873131,0.08418134,0.15323907,0.0021481435,2049.894019739639,578552.9313308777,2188.355870987396,216402.8642414745,4435.848177032943,2860874.647024095,0.08940724470297988,0.002112166149496334,7.179585e-07,0.012808316,1.5512172e-06,0.005774268,99.38401442307692,country,-100.955956,2957.084,111.60762,817.8748,-13.152134,460.2619,44.59755,176.61862,-5.9610386,200.66412,29.337101,135.20857,-7.956897,211.41199,19.591026,110.19719,-22.446842,86.40402,17.270527,97.27172,-17.831654,72.54086,11.408343,44.44313,-12.451892,54.97505,1.6513623,48.708946,-8.525837,69.57411,2.7190504,50.84689,-7.307457,59.77377,4.868775,45.54204,-1.2129419,46.68716,-1.2930739,41.668633
country.00096.wav,0.32571617,0.08594094,0.2179833,0.0034569756,1754.1360136048581,325174.11461615463,1861.9987406181872,118603.0783058451,3504.895473043247,1322735.1734321525,0.09739925986842106,0.0020885689164948456,-2.8052477e-06,0.03416193,-1.8786755e-05,0.00657217,117.45383522727273,country,-69.88548,2339.7607,124.21146,580.87384,-32.470196,329.8295,47.694706,167.01302,1.3983786,125.16183,22.617672,105.8194,-8.754297,151.00298,21.44351,82.04205,-15.66597,89.30351,15.7432,87.24451,-12.427222,66.16341,9.581969,76.70795,-9.056125,53.76422,2.8903325,66.05936,-3.1964307,65.40538,5.8301554,50.240505,-5.6160216,50.981884,4.165293,52.940178,0.12036076,55.19564,-1.7134392,52.45233
country.00082.wav,0.38583264,0.0842685,0.1664755,0.002356631,2253.250681954206,316471.5274634792,2261.407343786667,87652.41816689077,4798.970981279025,1308860.0326237055,0.10609270692240712,0.002184309318505578,-2.9333803e-06,0.011423246,-5.058352e-05,0.009342942,117.45383522727273,country,-68.62351,1460.0497,101.354126,491.72696,-16.908741,301.76077,51.526352,289.87646,-10.228339,184.55968,20.050034,151.3539,-21.784996,120.45288,15.524762,96.08673,-18.795238,98.015945,16.359055,100.71955,-17.893854,95.200195,12.126649,58.351078,-13.205329,63.024605,3.8833323,65.07233,-8.886962,42.921677,5.021149,42.170326,-9.8277445,52.450832,6.536147,40.11396,-4.5069447,45.585403,-1.8084127,29.59903
country.00069.wav,0.35215807,0.086225785,0.0871251,0.0022046578,1327.8240961067797,174795.31668896924,1632.8005227389567,68469.52801381005,2755.9750016628773,720168.6134376205,0.06108731012964396,0.0010124067145718728,2.7999956e-06,0.0058670016,-1.4393399e-05,0.0020269519,112.34714673913044,country,-217.16394,2647.904,136.1694,698.022,-10.362346,228.87364,51.38904,249.5237,2.612237,212.9724,15.127788,112.52898,-0.6809201,163.87186,12.287426,125.36601,-6.2264233,95.46247,7.8023224,90.84508,-5.4090786,98.15495,3.6247036,97.416084,-2.807217,99.5168,-0.36028755,85.41023,-0.559721,91.39784,0.3629966,103.55511,-2.252891,51.030075,-2.4962318,99.748,4.193677,79.2517,0.3514585,80.97085
country.00055.wav,0.35707697,0.08416298,0.15497614,0.0014872167,1881.161817758554,161310.74852552594,2116.2376572328676,85165.8285118364,4111.466805189387,1125894.2144661592,0.08110419589299536,0.0005435511271452128,5.5636418e-05,0.014526672,0.0007308133,0.0050223023,129.19921875,country,-82.962616,1523.6538,122.53281,367.03366,-16.658556,118.92874,40.015907,93.06619,-15.007229,137.1123,21.670378,80.38317,-18.256283,46.37496,18.361864,41.115597,-17.988773,65.49145,16.991613,47.087097,-16.039673,39.873405,8.533731,59.333725,-8.706783,46.45584,10.766552,46.787155,-4.624802,45.676445,7.2375846,46.00979,-7.6094975,66.65566,5.2948713,44.49691,-5.5172386,57.20937,-0.17936283,49.15354
country.00041.wav,0.39776525,0.08231899,0.11318445,0.0005838062,2634.0466588107224,821202.0864897581,2898.654345079428,233707.0676696366,5807.6232154302925,4560449.027774428,0.09585618529895511,0.0028715491748198697,6.6934986e-06,0.0076844986,0.00017566195,0.0022901418,129.19921875,country,-111.69471,2633.422,82.26009,806.7477,13.068496,390.6962,31.930077,173.73247,23.68303,141.20917,-0.53237945,135.59717,12.029794,82.78134,3.6602066,93.40511,-5.7385206,154.78952,3.333035,57.779495,1.4207492,58.79824,0.77258307,49.32803,0.5596443,52.277367,-1.1348552,32.06949,-1.7467116,30.2816,0.5584442,43.03618,-2.3236961,41.71283,-4.612612,41.23734,-0.620067,29.198923,-4.944747,29.794886
country.00040.wav,0.3733921,0.086077005,0.10899377,0.0015167462,2449.9415972837987,298962.9663654068,2560.4616825468997,123073.15234073465,5043.0028389851,1606753.4227494404,0.10633306828076626,0.0012843787350485174,-2.6485452e-06,0.0058629788,-7.5798016e-05,0.0040494557,143.5546875,country,-102.8967,3305.269,85.32916,421.71603,-4.324985,347.86688,30.583778,206.87914,3.0101564,209.54576,-1.9592187,132.21475,4.4452953,106.740395,3.4205205,65.832214,-4.253563,80.95583,-1.7713999,64.231514,-3.970628,59.90469,-1.3591874,57.00594,-3.7630885,59.047947,-5.1772523,58.20454,-2.8950467,43.155163,-0.2696505,39.329376,-7.421149,41.551624,-4.0963783,39.1186,-3.4501848,40.99019,-10.1142845,89.536575
country.00054.wav,0.31276882,0.089023635,0.104260966,0.0008994896,1654.6143319062887,308924.3616848249,2105.525008312031,135636.55669510236,3908.434699563419,1775431.714113615,0.06020787478231424,0.0006232435558632246,2.0086278e-05,0.008982901,0.00044319555,0.00086019764,75.99954044117646,country,-175.0163,1581.3663,115.70678,564.01294,5.106449,164.33643,58.160652,123.9753,-3.3279543,110.186966,29.664286,89.25965,-10.028762,80.54561,19.65578,98.54782,-16.30351,101.86072,13.737743,109.60489,-8.81984,55.10201,7.2240396,92.32627,-8.89276,77.74949,4.749918,45.36054,-11.4932785,64.89581,0.91233087,46.40515,-8.153264,72.04587,1.1864227,100.58488,-7.9808745,82.21731,-5.64686,80.97544
country.00068.wav,0.34938735,0.08988756,0.08349272,0.0016116415,1130.9407637739448,193684.06053597672,1458.3870780464247,160819.98930203938,2216.5365969064437,1322112.254854471,0.050243082430340556,0.0005218393134502228,5.4227775e-07,0.0052402336,-1.4246164e-05,0.0014612515,172.265625,country,-229.4689,2328.8425,157.31282,879.73346,-16.762049,300.54752,31.879862,232.67957,-0.11036961,188.65884,16.656443,146.29115,1.355172,111.593544,12.223306,74.82037,-3.862505,134.92809,6.8392315,106.14999,-4.263227,70.08753,1.337568,47.251625,-5.8956637,43.4722,-4.034212,40.76986,-5.2549577,48.192474,-4.548437,48.46601,-6.8075137,47.187656,-4.4060035,43.161148,-4.17981,40.981525,-6.349776,44.729557
country.00083.wav,0.31836504,0.08458224,0.13104534,0.0018252264,1436.0348088902906,299545.7034608985,1729.5975020613137,160001.19436320857,2924.248984133127,1655412.321502476,0.05955141616679566,0.0008214195566309273,4.4497147e-06,0.012152074,-1.6554213e-05,0.0028801016,143.5546875,country,-148.55994,3858.4683,141.2805,731.2439,-15.883042,484.08365,44.655067,279.71924,0.9918706,236.515,13.662192,111.464966,-13.240343,144.209,12.651497,88.45468,-11.702235,112.13843,12.159911,106.95521,-10.476022,105.69434,9.908223,72.361786,-5.0558124,64.38542,1.3398415,73.84154,-0.5577617,86.996574,2.856684,68.46171,-8.09752,66.21792,2.1134844,47.7768,-2.4832213,46.044846,-4.4316597,54.363983
country.00097.wav,0.34799954,0.08951255,0.15299171,0.0028384894,1560.8796813263718,582085.2843715951,1782.7974966049746,167530.67713501325,3175.26413294553,1933788.137946898,0.06718742441466719,0.0027208158696710952,5.971734e-06,0.019347636,-1.3790592e-05,0.0031068507,112.34714673913044,country,-148.44179,3756.3394,126.859146,991.9747,-19.540855,534.8792,52.85061,184.42038,8.579708,215.31415,17.89102,173.24123,-8.081844,142.71727,17.78146,98.254135,-15.505314,85.3428,13.504544,114.12239,-10.957894,102.39319,9.476343,92.02342,-1.924605,64.9207,1.8717726,87.66257,-2.6637006,87.61373,3.3802795,60.295956,-3.5191011,75.6446,2.1003568,65.7548,2.08825,58.690773,-0.10796241,62.945694
country.00093.wav,0.25082582,0.09086665,0.092549935,0.0017512662,1537.7642290059302,339419.50346937345,1716.1980066788396,95834.04257593796,3055.1981923011804,1178921.5132360226,0.068123926688274,0.0018866613166910347,9.745182e-07,0.008078957,-1.4285609e-05,0.0010226391,86.1328125,country,-213.60236,4190.6055,117.2127,626.25037,-21.871769,512.54034,45.657654,290.9366,-10.274458,299.65576,5.0603156,171.68677,-11.910965,202.6956,5.567856,100.31302,-17.804632,164.59093,0.18699962,127.75357,-14.165857,120.19236,-1.1532573,108.05158,-10.306384,79.41067,-4.047061,94.157906,-6.6340666,72.21198,-5.4173846,93.95776,-9.716231,83.63612,-3.202914,71.18194,-4.448395,59.172165,-9.152062,69.48741
country.00087.wav,0.32843277,0.08632587,0.10860429,0.002742136,1589.6339834802304,328741.51717362896,1805.8872708820068,125352.42967296444,3159.789226520172,1548111.1721632506,0.07391451903541021,0.0013513482821361454,2.5489248e-06,0.009383479,-2.4133906e-05,0.002497472,143.5546875,country,-170.90068,5722.3784,124.81326,714.0069,-19.262192,584.815,39.2072,373.7933,-3.7551057,251.76694,15.289897,154.36555,-12.972992,125.09538,8.530164,85.02185,-11.833667,129.5006,11.321371,146.9912,-13.773081,70.29806,3.102464,114.60049,-10.078784,77.229385,2.897005,98.13913,-5.4846826,54.09519,2.5281568,93.3063,-9.198529,96.149864,1.073037,80.5998,-3.5728164,66.37564,-6.7214923,68.49646
country.00050.wav,0.3509873,0.08546333,0.10938402,0.0009919883,1779.4961449189584,393146.829155944,2035.9825105917735,160102.82561157376,3873.6182434270995,1863166.4514038337,0.07890693026799536,0.002108599696272346,3.308103e-05,0.008662432,0.00021803078,0.0016939857,117.45383522727273,country,-143.12674,2549.1472,121.898,602.3668,-13.34437,367.13904,47.777847,195.20847,-12.660497,197.2595,23.372252,112.094086,-10.994922,140.62222,18.8561,98.72114,-13.706635,145.10828,15.950975,121.78109,-11.356477,76.51301,10.2887,63.249073,-6.002485,85.79321,2.7361472,66.58179,-9.2863245,70.13444,4.504716,76.700386,-8.325129,82.22565,4.5223846,63.52865,-6.035288,96.15528,-2.352378,57.967613
country.00044.wav,0.3600382,0.08535375,0.11366553,0.0014149118,1730.559357956436,561139.1573151947,2248.639954888259,302651.64513636346,3360.9380102009964,2989130.9714780664,0.0665200059258901,0.0015382244261032652,-5.175312e-05,0.0105384635,-0.000565435,0.0016751031,78.30255681818181,country,-162.72116,5077.988,119.81048,1141.3177,-2.879953,414.6803,20.506134,315.4255,27.808872,258.0988,5.4853673,382.1352,6.040956,125.47175,1.204544,85.73523,-3.6995325,75.61993,0.3423853,74.29667,4.411625,91.25753,-0.4080612,55.15503,2.4593601,74.13982,2.1353855,62.246395,-1.6038624,97.63273,3.629129,56.98645,-3.4621623,84.090836,-2.5598269,65.31368,5.6417904,75.10991,-3.6547265,72.0273
country.00078.wav,0.3762945,0.092806354,0.043252815,0.0010801028,1143.9439902896277,326620.47978053585,1443.3419749611567,163403.22948958632,2222.2448957224747,1692605.6280148881,0.04985797515963622,0.0014528422924440902,1.5404428e-06,0.0020859996,-1.3642168e-05,0.0003476929,66.25600961538461,country,-302.58182,7619.7725,150.15967,841.29956,-3.7027955,770.8227,26.923807,288.42508,-0.26331598,323.53305,13.522552,163.20853,7.2485633,152.439,4.2178683,113.38723,1.7668283,120.14066,6.563311,118.75019,-0.4889708,81.89238,7.8965797,80.78759,1.32933,65.619415,0.4770671,71.19588,0.07484705,61.635956,-3.2051349,48.51748,-1.8265169,47.167347,0.874435,48.11055,0.5740032,63.040684,-3.1530657,55.010994
country.00079.wav,0.31024566,0.08517028,0.11523083,0.0015871368,963.195880592238,284169.96764980647,1234.8596843387652,259187.16455030223,1752.8894005176085,1653656.5949580385,0.04576843072755418,0.0006037659705365646,1.9404727e-06,0.011171433,-1.6038373e-05,0.0012002154,80.74951171875,country,-229.1472,5075.5967,180.35635,1434.738,4.5209055,724.1395,24.184402,302.21692,1.1109341,450.2828,3.9924355,173.46767,-5.9960327,198.94948,1.8722159,161.97157,-13.136269,114.626854,0.004707171,209.14621,-13.499958,110.032845,1.5836843,147.11012,-13.435797,93.62519,-5.6945286,73.55139,-7.6074038,61.088947,-9.802795,75.938095,-3.7803762,81.06684,-4.796636,64.290565,-4.7147093,59.320145,-2.9630823,86.520195
country.00045.wav,0.34554547,0.09267274,0.14661238,0.0017826478,2777.1145172614247,530743.0672480995,2647.662214458651,118876.3995739863,5621.632673422988,1954754.7763257879,0.13296442651896284,0.0034983554712214046,-2.496586e-06,0.0118567925,-2.1116426e-05,0.0049472935,78.30255681818181,country,-61.2354,2348.0925,71.26333,651.5709,-17.042137,468.3613,17.118322,398.43356,5.0581465,192.9967,-4.2047887,167.06482,-1.667631,140.5964,1.1733668,97.47535,-0.8542968,121.06013,4.976347,84.633766,-1.6956693,88.017944,4.845419,102.28011,-0.15781678,61.999557,-2.079404,58.18496,-0.27295634,53.612072,-5.3116016,71.28958,0.23376086,59.722984,-0.100881144,53.132267,-3.937658,62.41614,-0.92281747,53.582653
country.00051.wav,0.27467206,0.095735244,0.09027794,0.00082769047,1552.7721617035634,374508.6056964381,1848.601939753092,135694.81449341777,3166.9225167194754,1447141.516044114,0.0592494527621904,0.0018995127634531877,7.302444e-05,0.0075199795,0.0002877906,0.0005321788,64.599609375,country,-204.71436,2650.4802,121.91577,705.4103,-17.742798,286.68924,46.3246,163.50797,-1.7955846,229.4008,17.031994,144.29785,-14.699761,138.01729,14.667406,106.60969,-19.3929,145.40451,10.903636,171.80014,-13.474712,87.50074,1.2002156,91.599396,-6.213006,86.90017,-1.6907123,69.67825,-8.696857,63.33197,-2.5127742,68.57942,-11.3285055,97.85018,0.16912653,89.666824,-7.287028,77.558,-7.5118117,79.803894
country.00086.wav,0.3718834,0.08782361,0.1335073,0.0017389118,1879.9377906980571,280491.96571495564,2085.606346373194,116564.53418669764,4031.9756191950464,1396739.800382182,0.07831736467202012,0.0009039220560649261,6.441973e-06,0.009006397,-6.77422e-05,0.0049014837,117.45383522727273,country,-122.427414,3967.6685,111.48314,717.5717,-13.694294,397.5159,53.828403,277.21317,-2.6777658,222.5578,19.67755,194.34512,-14.138923,169.47363,13.743675,125.279076,-14.016459,112.64021,14.626713,97.63499,-13.993218,83.11487,9.218205,80.42111,-10.559242,74.561134,3.0057266,80.94071,-8.314941,58.90506,5.0736394,65.250656,-9.64663,71.60884,4.3217463,66.69842,-5.6819005,76.9334,-1.6688946,69.879524
country.00092.wav,0.3705238,0.08065216,0.17646493,0.00089821,2334.8728689120853,180824.05922845006,2212.472815214581,58768.15492520141,4838.912406425358,623085.4769825031,0.12121959957914087,0.0013176422688615248,-1.8682156e-06,0.015976595,-7.226358e-05,0.0069535538,161.4990234375,country,-50.77633,734.84576,96.71716,238.14517,-24.326113,185.40167,66.076126,141.08896,-14.680636,73.84356,24.391264,59.79832,-21.017485,85.70229,12.469586,67.43151,-18.131815,71.977806,13.267167,55.19177,-12.802163,45.072975,9.798451,44.095848,-11.344082,39.907845,4.9236474,40.237614,-7.846176,45.25212,5.73902,37.6727,-10.303221,31.98698,3.7310996,28.00667,-3.2382276,34.148853,0.38193187,30.329964
country.00084.wav,0.31973168,0.08481095,0.18059872,0.0034374553,1965.2766137464205,273196.36022222904,2036.695092015282,86618.25211115753,4060.050449430389,1096497.7099805158,0.09301795605166409,0.0015286282856815012,-4.6486193e-06,0.019886052,-7.632252e-05,0.007184786,86.1328125,country,-80.23639,2350.3396,108.186485,516.3707,-23.827435,276.89923,52.60141,263.99792,-6.424085,195.94026,15.064198,136.1281,-17.635906,132.4513,9.739016,102.68477,-16.176489,100.36944,8.906126,121.81239,-15.964033,91.42306,8.001827,79.35563,-10.704085,72.339424,4.5692387,82.76551,-4.96035,57.113228,3.9968157,65.10258,-9.807707,68.3478,2.6804268,53.486977,-8.185659,57.236927,-5.239688,42.830563
country.00090.wav,0.37119007,0.08124946,0.14735453,0.0023853825,1927.4404450221414,271057.2934939642,1972.130487815911,83148.19006521656,3883.326518055824,1040354.6173645465,0.0990303913506192,0.0017454892522330357,1.4579089e-06,0.012153262,5.3120643e-06,0.00541313,135.99917763157896,country,-91.68523,1764.3448,115.86115,578.0764,-30.200949,220.19978,52.273148,220.28033,-5.025164,239.39183,16.953514,100.863686,-15.656589,123.74124,13.539407,87.10123,-12.762941,96.935356,15.969127,91.43133,-11.969895,69.05521,11.058928,64.4365,-9.962004,61.35114,2.0955365,61.13647,-7.8270206,77.85045,5.0337253,41.500828,-7.3030434,62.702568,3.050468,49.70787,-4.442384,47.24253,-2.2333906,41.14093
country.00047.wav,0.3102344,0.08304814,0.09065509,0.0009782796,1784.3451875096134,199707.47231649235,1840.1470652453863,74589.66359122326,3556.786825930002,880488.190681769,0.09412943837074303,0.0016104454968104026,-3.3272917e-07,0.006358242,5.843149e-05,0.00119515,151.99908088235293,country,-165.51901,1775.0348,117.87926,624.9213,-33.606743,242.48317,42.62332,272.38852,-1.384882,122.37713,3.8313904,77.15644,7.1698027,78.65544,-7.170014,61.691532,-1.6314924,66.284004,0.87545484,66.980286,-12.514056,75.28275,2.894263,55.96023,-12.372037,73.87624,-1.3238245,82.258385,-6.636533,65.22289,-8.864955,61.223732,-5.1069417,89.183716,-8.079848,99.35683,-4.2646637,76.927864,-0.15898123,69.58021
country.00053.wav,0.37335324,0.08466077,0.13353112,0.0011289924,2271.289325143811,240861.91513577732,2297.1096206412194,60664.03433219923,4956.728360675068,919172.9889481005,0.10825444744098298,0.0012332061950423823,6.321077e-05,0.00957648,0.0007102582,0.0044613653,89.10290948275862,country,-84.74407,1398.9712,100.98661,315.2833,-16.020493,153.11519,51.761948,175.6241,-17.082294,125.82312,22.577103,56.060246,-20.299927,85.918884,18.914927,60.10183,-19.492683,71.09988,15.328484,84.3995,-17.741413,58.337776,8.5831175,45.416107,-15.000552,58.775494,6.4369044,34.80205,-10.276651,45.95631,3.2850337,39.838867,-9.550154,47.849663,4.0466037,47.39197,-5.595068,50.46753,-0.7083238,59.121056
country.00052.wav,0.328754,0.08772281,0.069503844,0.0003925439,1115.7881616130562,229918.90204731483,1662.9965162936767,140680.47395243667,2348.0441350316855,1466486.9143076758,0.03547446425116099,0.0006243173674263581,9.669569e-05,0.004307491,0.00049693964,0.00025748953,71.77734375,country,-265.27585,3308.5686,138.8598,636.92114,6.1417327,288.61444,47.495922,271.81357,-2.3968024,373.56973,21.038162,110.00133,4.0860734,106.03348,17.653969,126.268974,-12.02991,138.31317,15.491059,182.82735,-1.1331515,85.04406,7.8893595,107.91446,0.49858156,89.78542,-0.23055425,70.779755,-3.869981,58.37874,4.0625024,60.25745,-3.1115553,90.187996,3.003197,79.5301,-1.4015296,53.656425,-1.4950988,65.330124
country.00046.wav,0.37411577,0.085695736,0.10333062,0.0011054977,2109.4728877007824,299239.40992743545,1933.8739158319513,86267.03942770015,3843.9517561496227,820129.2650927512,0.11589196739551083,0.002266838206659299,5.9875936e-07,0.0056017814,6.0539878e-05,0.0030369726,78.30255681818181,country,-126.891594,2306.2915,103.492065,663.9015,-31.892567,365.4196,58.719326,277.6327,-1.9583547,259.3884,-3.1306338,150.7535,-2.9370546,98.66391,0.3657523,90.090294,-3.0380836,138.36806,-0.82976234,57.550163,5.5851655,127.20769,-10.142879,108.35601,0.7323166,87.49415,-1.6198152,57.519974,-10.050463,53.869835,-5.2108836,58.188225,-9.042455,46.632763,-4.7387824,43.31039,-1.0380155,47.94469,-2.8514986,49.524418
country.00091.wav,0.35334733,0.08849254,0.08943178,0.0017680576,1563.418330602126,374996.0689230524,1779.217568981513,142513.16564610825,3233.9637779968075,1545000.9565135727,0.06475622218459752,0.0013318763362524838,-2.9463617e-06,0.006366751,-1.5146707e-05,0.0016769165,117.45383522727273,country,-193.78868,5065.5435,125.56074,732.17145,-20.924122,587.1704,46.338005,321.06,-2.6854317,364.35846,12.833369,277.3449,-6.6019344,165.03436,10.727056,140.83543,-10.907483,118.00564,6.109273,131.9942,-9.442732,142.81218,5.163946,160.66414,-3.6584976,82.84693,0.32129642,108.46476,-8.018199,90.61928,0.3979222,102.72985,-6.5234585,97.744576,1.1838379,83.51625,0.72002095,68.25786,-5.210151,68.51045
country.00085.wav,0.33794,0.08726569,0.13540749,0.0018816723,1596.2209122528527,278832.54247938155,1853.2491399296682,101924.25315256964,3291.4800968701625,1182450.378614317,0.06926526521381579,0.0012549482879643332,-2.195622e-06,0.014327846,-1.4265603e-05,0.002668631,73.828125,country,-146.04881,3173.49,124.6481,630.0901,-17.922836,536.76886,49.225044,265.97452,-0.17947567,231.01437,22.789757,149.37218,-7.1734576,157.38953,16.74798,83.61843,-9.723663,179.8695,15.444623,97.95089,-7.621331,82.33736,10.908756,84.306274,-3.4551363,79.71033,5.422265,74.18713,-4.9359694,56.14164,5.122743,66.98042,-8.049169,75.081726,2.6350684,53.871197,-1.8498029,54.510864,-3.4177577,77.80986
jazz.00016.wav,0.2494863,0.087594986,0.060589816,0.0012755013,1465.5161216965353,143263.7452340208,1738.2788798895724,58493.953943171,2820.98294190209,737162.123824912,0.06986427897639319,0.0012250565344714478,4.161391e-05,0.0043894006,0.000111657086,0.00015127077,73.828125,jazz,-259.8296,2788.9148,123.20836,669.0639,-6.4112997,366.0581,37.575974,183.99881,-2.9846904,82.2543,13.062033,108.753654,-14.09377,86.150986,5.3069134,72.86675,-11.979528,75.66898,3.5143046,52.55684,-9.639545,53.18312,5.340487,67.66803,-7.8407803,60.316284,3.2650988,63.69647,-0.5539106,124.73626,2.8862455,109.86911,-0.02954092,113.67857,2.1029868,160.14719,1.1109307,136.92874,2.9338827,95.93918
jazz.00002.wav,0.26762772,0.083955005,0.080827355,0.000992873,1064.8215157992533,161182.77945479832,1050.3378104695155,62132.89460001309,1896.0802013290925,488862.3080234679,0.0578726659249226,0.0009275250950475177,1.6432897e-06,0.006335101,1.5619713e-06,0.0004117064,151.99908088235293,jazz,-257.01797,6375.6836,175.31583,1216.3369,-44.815468,1082.9723,25.663235,404.47272,-4.2567406,234.99496,-0.22128825,112.56045,-11.323123,94.25272,-9.186279,73.76773,-4.099932,86.105576,-8.300055,106.36535,-22.553421,99.11311,-7.608669,71.12792,-7.6533217,57.61143,-11.745615,80.39571,-8.175761,70.20234,-7.5016975,39.935993,-12.297941,54.745285,-6.7714224,45.721313,-3.4978836,41.45051,-8.646908,73.43597
jazz.00003.wav,0.31936443,0.08103061,0.05947569,0.0012984405,813.4386379736895,92879.16929599713,1059.1794282123176,219727.92836997198,1417.2080970031927,437878.01246267447,0.04467433303502322,0.00020851309035704632,-3.1617965e-06,0.003674171,-3.9021394e-05,0.00030780688,92.28515625,jazz,-297.2327,9863.068,193.09448,874.3659,10.135854,1127.6357,-1.6042594,254.99664,3.4037557,145.81758,9.997605,103.462845,-7.269057,144.37323,4.690434,78.3825,-5.398844,88.35462,-2.866193,89.9453,-10.235335,51.063206,0.3849236,100.89778,-4.966055,72.71174,3.242382,51.65897,-4.478282,41.19102,-1.8856789,47.394253,-2.2746387,54.654278,3.8804512,38.869095,0.34528282,50.082455,-2.213221,56.31494
jazz.00017.wav,0.3453314,0.09213136,0.049848225,0.00094018143,1934.5171207773403,278884.65631550894,2187.091434344432,115018.48573856175,4327.598831601926,1654129.5077804101,0.08418656576528638,0.0016357148512270226,2.395076e-05,0.0016682048,0.00010026673,0.00081776665,215.33203125,jazz,-233.09598,3331.5667,105.91778,522.2473,-2.676614,394.16083,37.433624,78.7012,-8.178378,60.646038,15.727415,50.172935,-15.066482,73.027824,8.377423,52.90649,-16.38041,76.01856,8.630883,53.37014,-9.384078,47.19593,7.0930862,65.209816,-5.9991117,67.32662,1.9920868,42.014523,-5.7264166,54.38049,-0.94129616,62.183544,-6.9125566,62.903637,-3.772015,56.320686,-1.6410494,52.5412,-2.4500198,61.655247
jazz.00001.wav,0.32815516,0.08655303,0.022791114,0.00023909054,1266.346201396591,302093.5634050372,1691.3184537804075,217494.7871958427,2410.285425333785,1780697.1230044528,0.0592777972619969,0.0010747168305646245,6.515412e-05,0.00042544852,0.00022375282,0.00010869878,135.99917763157896,jazz,-345.7682,10120.886,146.9814,1289.5781,-0.49109605,521.8744,22.638971,134.73058,5.8185916,96.75482,10.342899,54.682842,-0.17026815,53.75064,-1.7211475,57.06178,-6.119701,46.97342,-0.5134584,48.27808,1.0318328,52.074097,1.2220972,46.267048,-1.9446281,64.42584,-5.553698,62.361256,-4.4034724,53.61941,-2.5995615,44.031143,-5.1962686,43.21923,-5.426081,45.702713,-3.1292613,52.52098,-0.79394495,98.30969
jazz.00015.wav,0.3329557,0.090895474,0.062368374,0.0006233957,1782.477244864162,101429.75934486366,2061.9944761135116,90521.95706118931,3812.5852791517514,948071.2989032348,0.07357060577109133,0.0006413519770113529,1.1191746e-05,0.0025965457,0.00013520822,0.0006812067,117.45383522727273,jazz,-200.01402,1826.8862,117.22407,327.3812,-12.376733,481.66394,39.106846,95.025826,-6.360409,58.227543,16.528856,57.85125,-17.306795,63.439907,13.629066,50.745518,-17.661602,36.412823,14.0300255,51.385593,-10.206365,38.23966,12.1770115,46.89852,-6.719636,35.536995,7.73678,44.939476,-8.080098,42.312332,2.6364028,58.357338,-6.6478405,84.514565,4.868258,97.0382,0.7024584,72.767914,0.46183488,80.53745
jazz.00029.wav,0.3043397,0.09126759,0.036303554,0.00017256841,2235.3440263233524,164848.72283191574,2259.025353378826,67328.90010473455,4683.438346555728,928652.527985358,0.09940416082140092,0.001020455653582507,-5.049034e-06,0.0006995906,-4.756797e-05,0.00031572758,112.34714673913044,jazz,-232.99846,1297.8762,93.82679,334.68387,-16.198395,273.00168,49.573948,101.44011,-13.947246,86.061745,13.494128,69.65673,-11.8284,45.40379,13.29052,34.18469,-25.828712,45.63935,17.37681,32.7193,-13.317585,24.503162,9.2779255,36.57108,-5.4937844,45.497913,1.9250959,50.899357,-14.404328,48.02107,2.5919952,39.296913,-11.481818,48.95449,-1.2296811,84.04883,-5.2042394,71.68576,-3.8765178,75.171745
jazz.00028.wav,0.27644312,0.0875439,0.048769686,0.0006088097,1853.5659404817288,111139.9308787966,2095.7222669217967,98531.64913412166,4029.633966688032,1021424.1529023184,0.07490468689531733,0.0005660760679938251,1.606861e-07,0.001958429,-3.6535115e-05,0.000342763,99.38401442307692,jazz,-233.75851,2072.6514,108.46989,258.5696,-10.714609,457.75735,38.69959,148.5085,-10.764275,56.61466,14.162392,78.186554,-16.258524,38.425743,10.3716345,34.521435,-20.816319,34.51539,10.0704975,38.919662,-12.024098,54.974476,7.7657723,56.680595,-12.021537,61.82252,3.3820167,62.874775,-6.3585634,105.68438,3.9780886,114.440575,-1.2818811,96.066574,-3.8250744,117.13383,-6.228565,112.95033,-4.948927,96.22018
jazz.00014.wav,0.19868675,0.08460939,0.039293658,0.0010223156,1171.777849469535,167271.41876102914,1277.7354152116584,67994.08196915695,2018.9377917593847,624163.6229019953,0.06494254002999227,0.0011582291519372557,8.809766e-05,0.0024087396,5.91598e-05,4.5568446e-05,129.19921875,jazz,-358.30573,5182.2603,137.95894,1002.2664,-11.000713,561.1706,20.85169,345.21362,1.947358,138.64136,-3.4139953,131.1459,-11.520309,113.292015,-3.2774692,63.924984,-11.020816,72.51444,-8.386407,49.92384,-7.478809,81.33187,-1.001849,71.53412,-6.738014,97.82228,2.3913643,156.0867,-2.6258183,141.26947,-0.2781389,175.72856,-1.4365344,138.62573,-1.6825632,148.23972,0.9089205,143.8485,4.435913,178.25224
jazz.00000.wav,0.34449327,0.084989205,0.046762493,0.0015434178,1504.4850155324564,554624.7448712402,1754.5156757138323,283727.60283022694,2800.499732427922,2686122.5805036062,0.07846437814434984,0.0024447688097365525,-0.00044461846,0.001813843,-0.00050279265,0.00075441966,123.046875,jazz,-251.99103,12151.3955,137.88876,1466.3333,-11.156676,731.3878,8.355846,120.01318,0.7175982,117.38846,1.5888838,53.250835,-3.736992,56.286686,-4.138826,38.27729,-5.510426,43.553036,-2.6428099,37.512867,-3.535575,43.08078,-3.1450665,59.140377,-1.8456105,43.81243,-0.99968755,41.209225,-2.588094,48.90582,-1.9635668,50.301662,-1.5052294,41.115856,0.21605936,55.664974,-1.9949425,50.034275,-3.3498683,49.890846
jazz.00038.wav,0.2856102,0.0883085,0.097780414,0.0011421783,1554.3796467342138,78788.18832686414,1774.9284673984305,61438.4348180131,3216.538883362761,489463.36797661346,0.0664005811000387,0.000564945523925498,-0.0007379994,0.008021651,-0.0011227268,0.0008356876,151.99908088235293,jazz,-179.59479,2775.478,124.327644,301.08624,-29.741776,532.024,45.383682,248.1176,-10.188967,84.924706,17.7808,74.90933,-8.817682,48.392673,12.764228,61.145412,-10.756725,48.689316,8.615612,44.262833,-12.390897,41.71405,3.3914454,47.522373,-12.018151,42.4072,6.511954,75.34029,-9.865381,53.293484,-2.8092818,39.267754,-5.114865,52.76935,-1.1965955,54.010895,-1.8772842,45.86074,-5.6373334,50.44838
jazz.00004.wav,0.1717699,0.08260872,0.1087248,0.002177666,1039.7104745190284,122415.8681789024,1422.1939175608406,76932.5631869507,1838.4972161921924,915442.001292003,0.04776879656056501,0.0005221403564984164,-3.8084926e-07,0.013120121,-2.9841229e-05,0.0003060454,64.599609375,jazz,-270.312,2918.9827,137.55493,545.5501,5.622032,344.9474,42.5081,220.23796,-7.959412,176.03232,9.935899,103.75173,-6.8239927,81.72637,8.244322,55.444798,-6.188955,50.984394,5.469562,52.842182,-5.445732,56.809193,-5.178623,82.3908,-6.994632,77.526436,-3.2311838,78.798195,-2.0175724,98.84288,4.4062123,162.90039,1.99304,181.15994,4.9886174,162.40843,6.586949,393.67648,-2.4186287,473.5088
jazz.00010.wav,0.32977176,0.09143235,0.064137496,0.0016518491,829.2976290034491,171124.14546751615,1037.7963033485587,64759.5777996551,1553.5656058013255,721534.0335912196,0.033065559694272446,0.000456392109747717,-1.3610726e-06,0.0049463413,-2.8490951e-05,0.00034525178,112.34714673913044,jazz,-318.80017,11653.674,162.65161,557.1908,-16.452929,2924.7393,39.116074,268.9419,31.457945,199.51285,15.257577,132.41531,-0.6891271,85.66635,5.7950263,79.13971,-8.640236,174.94308,-4.003876,98.811676,1.3734984,49.287197,0.09258093,40.869473,-3.086943,47.059326,-1.5318716,39.134968,-1.5808209,42.11658,-4.881458,35.587227,-4.259913,29.560614,-1.2951262,33.694736,-0.7533664,35.2656,-4.4288716,26.606237
jazz.00011.wav,0.3002093,0.08827942,0.07116985,0.0010236781,1825.9751750083576,130117.29682169479,2107.9239766328146,99322.98833519444,4011.4924097208786,1187821.3011596529,0.07692054772155572,0.0007199169993189187,1.995625e-05,0.0043631596,0.000121663135,0.00059117435,99.38401442307692,jazz,-192.5174,1730.3615,113.18369,307.96173,-6.3730583,365.32446,39.593094,79.88503,-9.189579,47.323963,17.204056,49.861702,-19.1146,54.333076,12.203582,41.12747,-15.475888,39.40875,9.702117,34.44587,-10.9617405,34.639282,12.922776,47.183743,-7.292179,38.454075,8.494464,31.9404,-4.1659617,37.1483,0.97554296,60.32295,-7.133422,59.09586,1.1970458,54.225136,-1.1769778,65.2347,-1.2938058,67.69517
jazz.00005.wav,0.24827774,0.09641479,0.1074972,0.0022343562,1267.989918534133,286562.02747056313,1546.1054636800202,236632.28269666032,2486.184966379644,1863323.639294507,0.057861328125,0.0009070046176851349,-1.5009435e-06,0.01031577,-1.8610453e-05,0.0013401017,107.666015625,jazz,-246.32089,9182.386,120.2031,770.9582,-0.9341652,890.4763,30.689386,202.1937,0.19115417,297.30002,23.146517,104.843895,0.42938477,168.91986,9.172055,81.36481,-0.57383287,153.28513,5.7225223,185.7899,-3.756935,131.93526,4.2316704,184.74965,-0.27937397,207.68051,7.4462867,221.93204,0.71138495,261.22977,7.070837,229.21986,0.8656312,405.85837,0.9513321,332.27777,1.73385,193.1364,-1.3477298,212.9583
jazz.00039.wav,0.24768116,0.09019579,0.082262956,0.0015971325,1311.60693224442,144746.09477892672,1446.3946566783532,37223.39950789795,2724.9668558315598,711047.7710345931,0.0765237247242647,0.0011421789200964617,-0.00016088231,0.0058489684,-0.0010561522,0.00094606983,99.38401442307692,jazz,-237.23965,5120.836,146.82582,240.80734,-24.444063,550.2336,64.27367,197.90211,-10.833981,330.44635,3.2591314,147.72194,-1.3375038,211.71548,2.7255344,176.68791,5.168943,79.28931,0.3977406,113.29008,9.61138,136.75513,2.5067873,155.5076,3.1193674,94.1149,7.759572,74.53472,-1.5198306,112.94478,1.7340521,95.244576,0.7672745,92.732056,-2.4550922,95.34543,4.0099955,76.894516,-2.0024922,91.16084
jazz.00013.wav,0.31439632,0.08892394,0.055481903,0.00031071465,1790.0061495977252,87966.17348683135,2312.9005895875734,49029.3115824103,4398.04840560299,942636.9024033158,0.061073326843072755,0.0003194176199430954,6.465031e-05,0.0019417342,0.0004586951,0.00047915507,99.38401442307692,jazz,-217.64452,890.89777,112.63787,138.56209,12.686544,121.9785,39.541504,61.091736,-9.824912,51.47498,17.383015,51.437233,-12.365174,53.058758,20.71796,80.49122,-18.302826,71.21116,16.35581,51.526,-10.025548,59.089897,9.036939,87.06589,-6.8994865,75.68582,7.310711,65.01497,-4.7856507,86.05715,8.571133,84.68919,-2.774218,80.866585,1.2789533,59.775578,-0.36045957,60.709927,0.34737903,72.83969
jazz.00007.wav,0.19719191,0.09173958,0.093731664,0.0022380312,1170.1567961600012,119959.30886201868,1355.8759398892685,60336.115836491896,1958.7548223442338,696548.9222135671,0.06483445300406347,0.0007074431021534451,-3.0348513e-06,0.009690842,-2.1957887e-05,0.00051217084,61.5234375,jazz,-291.9665,2542.2986,137.64107,908.36975,2.670107,588.0547,35.637436,147.46098,-12.310618,120.61835,15.607241,85.064156,-6.7985826,93.7766,-2.8389623,64.20072,-3.790433,62.87656,-3.4771762,129.81502,-1.7255414,176.4177,10.397663,254.71411,8.31119,197.5314,5.228631,278.98495,0.33438346,426.52185,0.3818246,393.22427,-1.4846002,187.92947,-0.7641721,215.71036,-6.311322,230.95177,-5.534649,209.5758
jazz.00006.wav,0.27487183,0.09212876,0.098557666,0.0013584517,1220.029520943009,265346.7169388674,1459.498805103533,139495.67422827115,2416.877052141786,1253974.5927146492,0.04806244557856037,0.0006947855104588042,-1.5086993e-06,0.008515921,-1.8397417e-05,0.0010123693,135.99917763157896,jazz,-234.3426,6417.54,142.72238,1388.9406,-14.277185,607.52155,51.923065,372.1996,-8.200179,197.43912,12.773935,126.38078,-4.295218,197.86055,12.082512,119.18663,-13.723852,105.47198,-1.5506785,66.83936,-3.9817665,103.585526,4.937514,65.80492,-3.9372153,55.170883,2.1901507,56.40446,-6.6842165,57.20462,-9.763288,56.50855,-4.473258,59.243652,-5.533499,105.087296,-1.1700695,149.65175,-1.1021105,132.99727
jazz.00012.wav,0.36379892,0.08264431,0.0375109,0.00027379094,1651.0000253804194,119852.74141592268,2040.7692527060574,105007.41144024325,3659.5112047697367,1200714.6227308782,0.06369991715847523,0.000469467709800542,2.1395743e-05,0.0009700531,0.00012331521,0.0002718692,112.34714673913044,jazz,-253.22859,2348.6333,122.683266,361.562,-5.6540437,520.9971,40.59252,96.3069,-5.8463955,65.80299,18.42774,63.90776,-16.653337,49.55379,14.598945,55.472244,-15.162859,40.644688,8.216918,42.39035,-13.890627,39.613243,8.282561,51.5751,-7.312089,34.744915,5.423102,42.142628,-6.3090177,44.23952,2.789326,41.38318,-4.23507,31.44065,0.53748345,38.8237,-1.4851407,37.97593,-2.5387597,31.64073
jazz.00075.wav,0.29375893,0.08614199,0.14682163,0.004135387,2902.8282153333053,335489.0257504534,2855.1189518850565,152984.10774972875,6198.312519652187,2074281.297744817,0.12654912139609134,0.001972554732044769,-1.4541284e-05,0.019119177,-3.678125e-05,0.0019744257,103.359375,jazz,-78.2242,1644.3855,63.21851,286.21652,-1.6562833,410.3961,21.022593,71.645546,4.4701853,76.56959,-3.5898204,52.351513,-1.5619467,44.22466,-3.0696394,56.782894,-6.07829,37.49418,-1.9560667,34.917713,1.7820154,34.890022,-1.2156535,43.36275,0.9424572,30.259605,-2.5629067,24.20695,-7.7692623,32.174755,-5.9337397,55.48928,-3.0165126,58.26352,-2.46196,43.55643,-1.0239958,77.0429,-5.111242,93.59283
jazz.00061.wav,0.37021154,0.084616825,0.23234327,0.0014142927,2456.2698596396212,218375.82061649283,2654.9023182833403,84422.7996152378,5466.591944266399,1305287.9560318862,0.09449413760158669,0.001130469121466471,-0.00024269691,0.038350902,-0.0020767855,0.005331044,172.265625,jazz,-23.235779,1366.6754,82.91702,281.49713,2.0489414,226.7098,29.505756,95.252815,6.599293,50.98325,6.4949236,53.49382,-0.69669986,47.394756,6.1728396,46.43779,-3.422003,44.07401,5.594521,42.432476,-0.37699124,37.023357,3.266179,39.31827,-0.20612179,49.59335,0.3198188,50.52966,-1.6405317,41.761814,1.4783798,37.866074,-5.3323555,42.581146,-0.037779037,36.18231,-1.0947468,43.25132,-0.042596113,54.761696
jazz.00049.wav,0.20990238,0.09469051,0.18441704,0.008208817,2050.136011182281,524800.6338979017,2467.178066274356,139795.80620526677,4564.072401678599,3128339.689934715,0.06479514863099846,0.0019386392406858827,-0.00083383895,0.035457324,-0.00078138785,0.0026825226,184.5703125,jazz,-165.46796,3310.7925,87.24911,926.66406,24.815533,573.64655,28.417309,284.3258,-2.7805505,145.68112,-1.3317888,194.70808,-14.06644,149.64124,-4.747462,123.40172,-19.206074,96.92142,-0.59286386,239.55553,-11.947256,92.366,-8.335517,83.75491,-8.235879,62.681328,-0.42448318,97.155945,-6.424987,118.57753,-1.5306296,163.58994,2.0240119,190.58347,-0.4465538,131.89761,-0.9040556,138.6192,1.5472667,213.39774
jazz.00048.wav,0.28263187,0.087155305,0.05864249,0.00039937743,1748.0333593267524,132251.3913516454,1947.6675290439239,68535.68503545343,3684.56105329673,777832.9744612857,0.0792973285119969,0.0006547030130933773,-0.0012906608,0.0027484286,-0.0009302849,0.00038570387,129.19921875,jazz,-204.8289,1648.5999,117.45068,328.48547,-20.939705,139.1164,42.00593,81.13448,-10.364102,89.49302,19.208967,77.75352,-11.633759,65.78612,7.984112,42.270817,-20.264105,48.246174,8.785672,52.67359,-11.69737,71.06517,5.1714864,80.91377,-11.238976,64.98518,6.061274,100.302635,-5.141876,109.697586,7.8284683,92.87719,-1.191826,75.74744,-1.0728695,82.06981,-3.1602397,76.76596,-1.5336096,72.57563
jazz.00060.wav,0.28497162,0.092226036,0.106615424,0.0020729033,1428.0387423978177,177808.01963849415,1887.5348651112279,152511.4508843154,2730.5418221205014,1410209.623800775,0.052423719282120744,0.00043309455035415637,-0.003973101,0.010787661,-0.0018081851,0.00077912386,95.703125,jazz,-190.39607,2347.3125,129.50664,556.4923,-7.83752,439.7968,20.721296,198.7877,2.1918201,64.36902,7.7923746,65.28605,6.1902175,46.258785,1.3512999,56.09004,-1.59206,53.427536,2.0195136,48.5482,-1.9929141,42.403282,1.1642935,44.686947,-1.3514087,61.02467,6.4100657,58.517597,-0.2019435,63.77349,-1.5658294,90.22987,2.241673,85.65613,2.0431108,87.60453,0.1735425,114.2062,1.1741321,163.1938
jazz.00074.wav,0.29495355,0.091641136,0.112695016,0.004929422,2414.857050479083,510950.2353357564,2552.5429673290614,275565.7057964458,5135.260614448288,2896731.173939314,0.09557311822755418,0.0018340763308811354,-5.5242112e-06,0.013261252,-4.332246e-05,0.0014015104,83.35433467741936,jazz,-149.19681,4075.2097,79.0861,753.8932,2.0091481,819.69806,27.607025,126.06035,0.31506643,108.754875,1.7276528,72.85466,-3.6130915,84.39589,-0.16500689,46.57971,-5.0356708,42.74116,1.2518125,39.179752,1.146215,40.155365,-0.6187954,35.584824,1.8201314,48.389526,-2.057341,33.022278,-5.999064,35.93433,-4.919182,50.94582,-3.9601035,68.575836,-3.5674086,63.979187,-0.85716903,83.79925,-2.1819913,90.371376
jazz.00062.wav,0.28565452,0.08830295,0.09780148,0.0011420681,1725.6345298073745,110028.90764459746,2091.1137406659923,103910.18334201143,3504.7121408184985,743516.0692040251,0.06752226743904799,0.0005779265641850772,-0.000733196,0.008022612,-0.0011199397,0.0008375205,151.99908088235293,jazz,-168.12323,2931.4119,108.27153,352.34912,-14.1499405,566.8884,30.457626,218.32709,3.894506,71.737015,4.6765637,58.090607,3.1879177,44.442574,1.9276346,49.043972,-1.1426724,45.90015,0.23471797,35.445377,-5.246889,38.41664,-2.5546734,37.739197,-7.2195997,37.648922,2.7779322,77.75744,-7.115771,46.467655,-4.6758766,36.354046,-4.034606,54.703613,-1.612677,50.433395,-2.0187654,46.004482,-5.0494366,49.566357
jazz.00076.wav,0.3031213,0.08700417,0.119166136,0.0030103973,1733.583196998827,147253.71116331173,2068.043895852972,174114.22676345176,3379.546231012964,1247887.4077899538,0.06871462606424149,0.0007674491256145514,-4.644609e-06,0.015187301,-4.477516e-05,0.0005257043,117.45383522727273,jazz,-154.29288,3352.646,110.68495,508.939,-22.299717,749.3982,21.146955,175.02727,4.267235,110.15603,4.7490644,84.00287,-4.0923247,71.7308,-1.0206659,51.55854,-6.4128003,89.85294,-9.245782,45.20153,-3.6310499,35.94401,-5.503034,34.33564,0.5368919,42.387463,-0.51163757,36.377823,-4.807277,29.6289,-11.2095585,42.60317,-3.9384496,30.072174,-1.4645187,47.14394,-4.413699,44.600536,-10.600423,46.908253
jazz.00089.wav,0.28040653,0.0972885,0.04502918,0.00081337936,1787.936479244805,465002.9557504728,2485.6819876272198,150100.3789994605,3905.668049626306,2995962.216084836,0.06275774598490712,0.003385108690310562,-2.5634256e-05,0.0026862551,-0.00016076588,3.097686e-05,117.45383522727273,jazz,-322.49924,2501.6748,90.65098,614.22626,27.027184,276.9246,37.856743,160.83421,19.709015,62.541473,4.6093187,75.08773,3.070613,67.28513,7.9708104,63.540405,1.9372374,75.92029,2.0878365,59.03956,0.44746554,80.71672,4.8929596,51.392586,13.060922,87.7074,0.41256228,142.23569,-0.72146434,105.60388,4.703701,87.96879,1.2312223,71.76684,-3.745362,82.93221,1.6888138,81.763336,0.3924471,81.984184
jazz.00088.wav,0.29106042,0.09583134,0.09153846,0.0015031153,2428.6412687077973,442159.54242605524,3007.4099703213597,230559.66583187145,5927.730822489358,3762092.0921500637,0.06904795738196594,0.0010474142617004426,-5.9938797e-05,0.008682704,-0.00012991746,0.0003579858,129.19921875,jazz,-192.50781,3037.5708,80.95126,449.67987,25.701668,460.80045,18.534098,114.05097,14.171379,79.59942,1.265469,81.57867,4.0929475,43.89037,-1.416841,69.622925,2.6607606,83.54514,5.2351847,72.43617,3.7162201,82.63419,0.2937416,138.46988,7.3394523,144.53387,0.8875506,122.31659,-1.222707,86.35253,-1.3455076,89.93766,1.1447128,57.974567,2.6570992,69.83941,3.2115808,130.0601,-3.0025358,137.1414
jazz.00077.wav,0.30749902,0.08787468,0.14569664,0.0030615497,2777.976524524572,266143.17555425595,2691.2404901834752,130064.90683221692,5813.648178998162,1510097.9741775226,0.13090245863970587,0.001439332582112154,5.465234e-06,0.017375888,-5.541332e-05,0.0023011689,184.5703125,jazz,-77.089676,1589.7177,64.52771,476.26743,-2.8485148,307.62616,28.53128,88.85865,4.684905,75.02206,-2.8145123,44.616657,-5.947363,60.596386,1.8981452,31.76932,-5.2051053,43.255795,-2.3232338,36.091145,-2.939537,70.19391,-6.148102,52.908184,-0.76354444,34.13918,-4.4824996,54.74275,-4.159946,49.64757,2.124515,98.940285,0.8419235,81.120346,-2.6640372,70.07659,-3.3218763,60.624245,-8.301835,72.505516
jazz.00063.wav,0.38054043,0.08795743,0.16229047,0.0015334488,2475.6009489427947,144224.2136203276,2687.0691133944065,77845.9695866832,5544.583139330979,876684.9228581442,0.09815057807662539,0.0009479142198358868,-0.00011589792,0.01551494,-0.0015358903,0.004347629,123.046875,jazz,-51.34779,1020.56793,85.20031,222.60387,3.6435585,243.56631,22.86177,63.76724,-1.5293605,57.55484,6.1102853,33.43325,2.4109144,28.99434,3.644935,30.517822,-1.863228,32.25277,4.3669353,36.127438,1.0871078,37.21402,0.7797648,47.00839,-0.73646325,33.752388,0.41210714,29.340763,-3.3764596,34.966812,1.4221644,45.768635,0.40555272,48.27613,3.6520278,56.365288,-1.3677119,46.931587,1.2190787,43.871758
jazz.00067.wav,0.2366899,0.095402956,0.1380443,0.0012988378,1354.091907708369,197343.27307319417,1566.788757468746,96424.08646114253,2830.5412174378384,1254679.0547506078,0.054945623911571206,0.0006188962371730356,-0.0025999704,0.015044733,-0.0015646161,0.0017392242,99.38401442307692,jazz,-177.27713,1320.7461,144.32156,711.3479,-17.265924,496.67474,55.686035,387.31937,-21.2419,150.54655,0.35280412,165.63406,-1.5769509,117.989235,-10.402746,83.25062,-5.1764717,76.81287,-0.5141812,71.67611,-8.736715,61.33081,3.868864,74.8557,-7.953766,68.893234,-3.0112581,60.38448,-2.7447696,56.341778,-2.610157,51.65757,-2.2276328,61.15987,-1.9513521,109.96658,-0.024020074,153.22955,0.76226693,172.79765
jazz.00073.wav,0.3323741,0.08935968,0.13311215,0.0032614192,2968.60250464515,359727.5659792382,2922.5207113909246,155568.67183448968,6416.76119872291,2041829.4788205335,0.1297546953608746,0.0018874510249592548,-3.5050566e-06,0.013556479,-4.88047e-05,0.002794392,112.34714673913044,jazz,-84.05435,1933.0403,63.061363,296.06842,5.6391883,461.88376,24.924852,98.12976,6.21167,68.357635,-2.904058,73.20731,-0.36405936,56.820942,-1.0757003,50.962456,-4.244647,52.099888,-2.3303053,36.363476,1.5680953,35.461487,1.9355129,35.04828,1.5438601,42.820103,-4.464496,27.716362,-5.300864,33.063263,-2.9940894,51.749702,-2.8913958,47.745823,-3.3203404,47.89894,0.32845318,51.715668,-3.9741752,60.674213
jazz.00098.wav,0.3279028,0.09111985,0.06013178,0.0004556089,1884.9439012894368,299817.84369393473,2230.243951822194,106168.04003520515,4355.8153276473,1694578.6519313825,0.05812512093653251,0.0012422807274072797,-5.082437e-06,0.0030970306,-3.0968175e-05,0.00032170973,80.74951171875,jazz,-223.0306,2176.7263,102.89912,460.38962,-1.669735,352.59473,45.199474,103.83548,-6.7459745,82.79995,25.354921,55.069298,-14.366872,51.430298,24.246717,37.44402,-10.414377,44.54524,11.146243,55.26473,-9.151457,39.255066,6.625129,40.670372,-7.828697,37.165874,9.370097,31.241755,-3.43028,36.872543,2.673875,36.078278,-6.2106004,33.555122,0.8636526,40.71303,-3.3903112,57.052147,-0.38150388,62.500145
jazz.00099.wav,0.29589707,0.09635401,0.039259337,0.0004231914,1492.5645306761603,269239.12391543825,2014.1643643596335,165955.62810627953,3376.7962476417374,2287547.610774806,0.04620040090460526,0.0005375908774818332,-1.8614109e-06,0.0016366015,-2.7136017e-05,0.00010582524,135.99917763157896,jazz,-315.01422,1948.7175,112.72768,530.04474,9.740749,281.4517,38.98918,93.1677,3.942611,84.369064,20.019875,79.91281,-7.2231927,63.128345,15.273513,58.329792,-13.67778,46.376488,10.151816,56.937923,-4.8844333,59.162163,4.7019944,84.29311,-2.6995628,66.43291,3.828492,90.561615,0.84135574,118.671364,3.3496346,74.87156,-2.1094282,88.68086,-1.2456765,92.263954,1.7837285,78.67706,-2.226573,88.09498
jazz.00072.wav,0.25022087,0.09041442,0.11051283,0.0034932226,1336.3698511878918,80142.35965115261,1554.5046777257078,37207.202255390264,2751.675027664232,487026.0457863436,0.05873471664570434,0.0004147596246715448,-0.0008608233,0.008705856,-0.0011212798,0.0028031373,107.666015625,jazz,-202.82193,4154.278,145.73984,283.22043,-23.568312,465.72766,47.84978,105.697075,-14.344828,124.08594,1.6427219,158.0842,-7.0651684,82.177895,-11.1300125,58.48788,-4.5997396,76.79307,-3.6073794,72.432495,-3.788098,56.337738,2.0468261,54.684814,0.8436292,105.57881,-2.019152,91.69307,-1.0314072,112.28849,-1.4507908,115.03413,0.78107613,65.22597,-0.39524212,65.72643,-2.3347764,74.94184,-2.0125751,70.812645
jazz.00066.wav,0.25898328,0.08444192,0.17267226,0.0015527951,1579.0127661124434,119548.55179116472,1853.546003786506,55372.438697732665,2967.2070577048667,570622.4547911901,0.08824663191756967,0.0009877218893361377,-0.00034202862,0.025736049,-0.0010998559,0.0015561418,129.19921875,jazz,-117.8876,1550.4116,122.55041,723.8756,-13.149182,214.07233,26.755905,61.618244,4.313922,79.40236,6.866731,74.50463,-6.8144403,43.621662,-0.33922073,54.817307,-8.199784,74.94541,-5.0079026,91.133224,-4.495015,100.27386,0.12167708,127.53829,-4.6518903,108.892006,2.8487961,92.25174,-4.971283,136.96388,5.5497994,199.81537,-1.2209275,130.48682,3.5765634,147.58574,-0.34301418,133.42737,0.49348426,154.154
jazz.00058.wav,0.32237762,0.08635528,0.08056084,0.0011667399,1546.508468476633,284913.7247247584,1581.2424965818198,56776.23849175419,2723.583530863003,795478.2341192539,0.09965699375967492,0.003182696061989527,0.00011979499,0.0031314658,0.00038660475,0.0018693185,123.046875,jazz,-190.51927,3077.3499,143.9857,948.6461,-28.421675,563.8975,33.79344,215.04564,-1.2972339,76.304726,-2.301527,53.793587,-5.643836,51.81646,-3.6400135,39.13369,-10.529327,50.805286,-2.8581393,44.499454,-7.707229,79.374725,-8.583432,46.571045,-5.3038983,56.581184,-4.025823,57.93653,-4.786987,52.352287,-5.7614465,56.504482,-3.8844845,65.00074,-3.6434102,61.15296,-7.224798,104.60079,-7.6945863,101.298996
jazz.00070.wav,0.27664104,0.08982977,0.08643475,0.0013431576,1117.5098786077247,161917.55210897123,1545.4654904671056,143591.55784963592,1957.1131656044408,867402.2733841954,0.05003635654508514,0.0005507546971679735,-0.01776507,0.006307056,-0.0013368771,0.00070201105,103.359375,jazz,-237.90088,3766.5596,155.81622,975.8133,-9.225844,600.8633,13.1981125,158.94516,6.609401,78.86268,8.891292,63.981453,3.9802098,51.23851,0.24934213,61.478844,1.7425677,52.577797,3.3538349,49.106133,1.1899072,46.016712,3.6303484,74.178276,1.1625512,95.9524,4.7921743,86.01728,3.4717696,73.07246,2.0584624,123.22344,6.528012,153.01181,5.6560874,138.29964,1.8122178,130.99652,-0.24609299,162.86552
jazz.00064.wav,0.37970966,0.08216308,0.21197514,0.0020873826,1575.4538722228804,72215.8127016849,2069.892648862584,94535.78256293306,3341.013130684017,686974.2613405793,0.0558798586251935,0.0002179619413936894,-0.0002554713,0.030166198,-0.0020895055,0.0055300407,99.38401442307692,jazz,-69.50922,1535.3519,125.97758,309.01547,-5.1732893,333.1932,30.769236,62.593235,8.304397,43.602066,5.081252,33.355965,-3.9214041,31.785109,5.376409,32.53401,-10.774684,29.19663,9.034488,26.49516,-8.263985,32.19488,4.7895856,32.927704,-5.1241627,37.019627,2.210665,36.019695,-4.779985,31.377008,0.62303174,23.70727,0.03162736,25.81845,1.2315758,35.97766,4.0309205,34.266434,5.085666,32.38626
jazz.00065.wav,0.24769275,0.09019596,0.08226342,0.0015971106,1338.236232909598,143237.5209838108,1518.9947756333786,33049.32923324511,2755.6916700428114,700786.6378386387,0.076529393624226,0.0011440942421338275,-0.00015922808,0.0058487337,-0.0010496824,0.0009462338,99.38401442307692,jazz,-235.67885,5284.1494,144.76765,292.31152,-22.600695,494.5628,62.560963,173.30292,-9.326273,294.1106,2.0168684,145.79103,-0.34364972,194.71243,2.0165107,165.59436,5.5604534,75.886635,0.30436003,109.924,9.439982,137.18121,2.892706,152.54393,2.5626411,94.19524,8.452764,74.049194,-2.310429,115.4754,2.5675397,94.902374,-0.07064004,94.22611,-1.6368351,93.41697,3.2509475,75.69566,-1.3214444,91.129456
jazz.00071.wav,0.27724737,0.092604674,0.10031754,0.0012476534,971.5475880069571,59187.92126113423,1301.6522166682134,24969.38234647125,1795.922473635836,401354.8427763417,0.04257495041602167,0.0002105349773568998,-0.0006788932,0.00876709,-0.00074253435,0.0007583178,151.99908088235293,jazz,-228.39198,3050.991,170.40265,438.43344,-16.07386,454.75446,43.96471,111.00573,1.1009046,55.211746,3.996799,47.618984,1.0781351,62.03426,-7.2046056,30.388977,-12.514963,47.048725,-4.4187326,40.162987,-6.0696063,41.019108,-1.3367635,34.45224,-3.1518419,33.30162,-6.473728,36.28648,-3.3002408,35.44015,2.1554031,62.979942,-2.3049686,42.145584,-7.364892,56.06997,-5.195212,44.436207,-2.8603556,48.663048
jazz.00059.wav,0.31734142,0.102067366,0.18266174,0.0049572936,1397.4044755755383,354443.0338143266,2136.074872989545,243125.87653630122,2932.4989342468075,3553669.1619342417,0.03827792424535604,0.0007327574067185758,-0.00016790052,0.032643355,-0.0012902146,0.0016889857,107.666015625,jazz,-179.3741,4200.6406,114.49272,838.08563,28.196646,519.4519,35.979305,106.757355,11.041098,88.909,12.684317,80.877815,3.8171387,69.601494,8.518316,69.88578,-0.014726858,113.422905,5.4623322,75.33645,1.0599641,69.71171,2.632229,52.463974,-3.7399514,69.21299,-0.29827717,78.36245,-0.7330726,81.134094,2.5585303,75.4778,0.18569829,81.43439,1.5453789,78.70021,-1.245805,102.83242,1.3971,93.443954
jazz.00040.wav,0.23667088,0.095398486,0.13803996,0.0012991438,1317.1069234804233,182147.0304535201,1475.3339718897473,95049.86098519007,2779.024862283524,1189751.78829891,0.0548605904121517,0.0006020053702542746,-0.0026056324,0.015045459,-0.0015655477,0.0017386922,99.38401442307692,jazz,-179.7903,1255.6859,147.7629,615.11224,-20.479698,507.32034,58.623974,388.02713,-23.80918,175.36209,2.4678254,181.1028,-3.195293,129.84685,-9.301368,87.68149,-5.7592354,74.36332,-0.4264562,79.32629,-8.36673,65.712585,3.102465,77.269165,-6.851183,71.0953,-4.3833656,61.34773,-1.1809789,54.984543,-4.269698,53.333076,-0.55573136,61.698505,-3.5810242,109.17098,1.5018764,155.81076,-0.6082082,166.7593
jazz.00068.wav,0.28527668,0.09072937,0.099523455,0.0039400756,1382.7307308073396,187045.5812112059,1642.9065020667172,36861.84627531973,2832.566205193015,1092447.970137665,0.061230544335332815,0.0008583353252176604,-0.0010303851,0.009041268,-0.0006780949,0.001634543,73.828125,jazz,-204.39252,4918.7144,138.57968,692.5789,-10.791186,443.7798,46.552383,123.921455,-22.306915,146.14026,9.692935,89.92947,-11.09484,69.319115,-17.79885,104.98892,-7.586271,60.51987,-1.6000779,40.878716,-7.650327,34.822277,-1.0194095,30.782381,-9.977279,44.746414,-6.6626024,48.225163,-3.8579152,45.715477,-5.062098,53.662045,-2.0349166,74.13832,-0.2698917,61.95355,-3.1960154,101.96067,-2.4486809,101.109795
jazz.00097.wav,0.22404481,0.09103713,0.021187648,0.00018388664,1176.0043625534854,246132.1677185906,1752.9370879143255,186811.31938974131,2343.769160881869,2333779.108884249,0.03991094536087461,0.00047482574167959926,-7.070773e-06,0.00059359294,-2.393662e-05,7.671188e-06,86.1328125,jazz,-413.5791,2117.5696,118.27575,534.6986,31.10331,807.6984,40.165215,168.75656,13.103847,148.38205,13.944954,109.12058,-3.7192216,71.076996,4.748372,65.5466,-9.8912525,45.42325,-3.0627759,66.68345,-6.282211,64.06374,-3.6105382,67.941475,-5.2636905,86.08953,1.1222537,78.19689,2.8341734,106.24019,6.5945344,170.77753,7.95137,171.0009,5.062708,136.00609,1.6020721,110.0855,-4.3780694,103.47302
jazz.00083.wav,0.42909393,0.0813142,0.074288204,0.00055236666,3393.857478271707,568984.5103672824,3147.780755442214,105588.67796947416,7235.039584038796,1546607.20653241,0.14970204261803405,0.0037137713936348294,7.641386e-07,0.0037150471,-2.0850874e-05,0.00089706306,107.666015625,jazz,-126.01213,1969.3115,56.60823,484.6937,23.495506,454.5979,23.700129,94.30456,-0.30365482,64.711266,7.1513724,61.084618,0.16874303,62.760582,-0.8434281,47.101067,-4.156273,46.239895,-1.8949323,43.14576,2.5230918,51.790146,0.52811265,35.342865,0.92665267,38.208294,0.042565692,38.00982,2.9119654,48.26731,0.1204047,43.043602,1.3131231,39.24095,0.37778202,39.164085,-6.133195,39.860493,-4.948555,40.105457
jazz.00082.wav,0.40154165,0.082353294,0.047840312,0.00036530744,3906.2972143441307,1217741.9344952654,3328.954589433915,136221.77526431615,8037.609731006917,2545036.38891934,0.20684871142124614,0.011124996289335632,-0.00022009,0.0012092574,-0.00077737105,0.0006446079,99.38401442307692,jazz,-158.2061,4359.587,49.602417,661.8009,21.594702,337.70004,16.516554,95.39032,11.422575,72.840614,6.259136,49.98397,5.633524,49.85747,-0.19963433,33.02354,-0.24266584,26.501245,-1.9968201,30.359787,2.022939,34.56522,2.6891398,32.135406,-1.4565204,28.882336,-1.8059658,36.34475,-1.8253206,34.292274,-3.3063495,28.987925,-1.5225009,33.761192,-1.1878133,37.898205,-2.9898033,33.74839,-1.8677343,25.675158
jazz.00096.wav,0.29865912,0.09314182,0.044368494,0.00046186725,1874.6280401896206,514032.1459678106,2084.0210215799957,178255.3963136566,4011.0507457248937,2659530.304257069,0.07777050478908669,0.0021125087439445426,1.910498e-06,0.0019678914,-3.308258e-05,0.000166172,135.99917763157896,jazz,-277.2356,4332.431,95.75203,906.5232,-2.9794936,514.53613,43.91987,221.93362,1.9414108,160.31866,22.24999,79.79371,-6.1406465,116.86956,22.460953,65.874954,-12.840875,95.18562,10.780396,67.28706,-7.533229,97.70519,3.5953238,67.47433,-5.0750594,45.146782,6.763929,57.810204,3.6364906,95.80136,6.7209134,167.12021,1.7745736,101.44342,-2.1269126,47.932865,-5.3855343,141.93217,-5.336741,129.36876
jazz.00069.wav,0.25388348,0.088891216,0.11175289,0.0014385916,2009.8139341354786,180617.44277117276,2227.04987536481,138227.62406107696,3910.6930192410023,1255638.0648886773,0.08743219995646284,0.0008397575077081695,-0.000437992,0.010105708,-0.00086784334,0.0014000426,151.99908088235293,jazz,-159.2706,3100.5615,92.04842,525.4761,-16.75185,535.60565,27.393675,222.51918,6.1041913,79.405136,3.2399652,99.4227,7.1759634,87.82654,4.0307016,96.46067,3.5977046,203.43614,3.544096,95.394684,-0.5867414,73.91946,-3.7236729,95.04616,-4.721016,88.58716,-2.58986,86.91569,-3.304094,70.215935,-3.5473342,44.995735,-0.8847746,68.33629,-2.310454,129.00856,-0.9463081,146.2903,-5.4530067,125.35613
jazz.00041.wav,0.3082287,0.08949673,0.07821867,0.0016654418,1617.8954526280595,159827.5207505194,1568.7957850534956,17787.124165715213,3104.056230196643,441781.9857350582,0.10063091077302631,0.002148684709705746,-0.00022888236,0.0042124116,-0.00084672775,0.0014398734,95.703125,jazz,-216.31119,7651.11,134.98277,383.9136,-35.480675,867.858,61.595497,153.47015,-14.545805,218.109,11.046171,94.93519,1.2093089,73.85933,10.962497,100.97503,-8.294633,106.67751,-1.4437149,113.86039,0.1224874,111.30407,8.281558,151.27533,-4.578641,111.83185,0.567787,143.6679,-6.10236,100.0468,0.20412974,81.49408,-0.59292084,77.3075,-5.035705,87.92289,-1.2523044,121.28725,-7.2209473,148.43391
jazz.00055.wav,0.26453978,0.089986295,0.09149874,0.0012323102,871.7686824803111,50331.86942663312,1205.5205436136878,27516.407695602924,1632.7901267414861,432128.9961565815,0.03778284031540248,0.00013132364094565292,-0.0018729583,0.007583638,-0.0009748277,0.00056695985,71.77734375,jazz,-260.35196,2639.4182,180.60806,492.4241,-15.362777,612.2594,48.56042,204.8757,-0.0743274,82.59503,5.4342794,67.84143,6.5999103,70.59458,-9.153326,51.280174,-10.28985,52.152428,-2.9884071,58.0391,-5.8230543,52.388386,-2.9312968,32.265705,-3.617783,38.291576,-6.6764126,37.24457,-1.3511277,29.890285,1.9006735,44.755444,-2.6857538,36.427044,-4.6111813,61.63031,-2.3806973,44.494793,-3.1107142,52.361515
jazz.00043.wav,0.2537832,0.08888663,0.11171224,0.001438871,1760.2398025931382,119988.89661316854,1792.5429665134232,83976.99548874889,3460.5457412200076,681854.2315943385,0.08566917206849846,0.0008314939899196127,-0.00044159874,0.010104685,-0.0008718513,0.001395731,151.99908088235293,jazz,-173.28468,2996.3506,111.695885,465.33707,-35.922306,525.6316,45.855305,208.1561,-11.438427,82.49646,19.691587,106.96633,-8.049166,89.47789,17.94719,90.454796,-8.94971,219.19606,14.695819,96.47661,-10.342502,81.30476,4.6709757,104.04958,-11.798713,88.40321,3.2452495,88.00467,-7.9869556,75.47049,0.087449916,46.665703,-3.5760612,67.280945,-0.43947515,138.55383,-2.1039734,137.99017,-4.8935866,131.15327
jazz.00057.wav,0.23403837,0.09264831,0.07812967,0.0022843515,1377.9769900941744,167780.52248069856,1773.537104860026,86904.29889613061,2583.9510418682275,888864.2541753094,0.06180650457140093,0.0013217683895268475,-0.004341349,0.007563343,-0.00059825025,0.00021385748,95.703125,jazz,-248.10942,3236.8252,125.98793,401.27057,-12.599597,495.54877,30.244165,143.3733,-1.0903058,102.92299,-2.2130058,80.203026,1.9470434,54.045242,0.25160486,51.84097,2.6987665,74.96867,-4.426094,57.479996,-6.4816456,95.159935,-6.51706,53.70112,-3.9940166,70.053246,2.348258,57.085144,0.36170593,60.454872,-4.0673127,49.05184,-1.5211641,72.80298,-3.5300016,94.41343,-6.192057,113.72696,-7.346031,90.90845
jazz.00080.wav,0.3703903,0.08041768,0.0757338,0.00036712954,3029.035019092715,215883.253989758,2828.8683421725436,64710.60108452779,6201.412500907024,1047428.5779248558,0.14035780584849072,0.0012733471504248776,2.2877898e-06,0.0033142061,-3.820728e-05,0.0009904363,135.99917763157896,jazz,-117.24632,1622.2058,56.99422,279.75473,-2.109928,105.23082,35.616062,78.37105,4.713422,79.35522,3.890102,36.23392,11.592064,45.050014,6.078704,36.14875,0.5825714,35.362988,2.2747371,37.98631,2.6996386,43.665,-1.8503127,41.024696,1.6808271,56.40908,0.3939449,75.20848,2.0524461,63.27881,-1.1958259,45.106133,-1.0664492,80.30356,-6.282375,76.3734,-5.3911533,65.034325,-4.870292,82.28892
jazz.00094.wav,0.23740347,0.09283142,0.03977746,0.00040940946,1077.1722769200642,231713.26812596968,1539.203321501312,214289.19355832046,2111.4788988426376,1979057.3837352595,0.04151184270994582,0.0003843607656484659,-2.7652109e-06,0.0017694766,-2.411457e-05,7.2981e-05,123.046875,jazz,-366.44046,3653.6116,131.6985,731.79456,16.512922,481.89508,36.320045,123.17256,5.060641,140.38605,14.675128,123.50907,-6.163728,108.64532,4.7142596,94.27558,-9.5868,87.3065,-1.2903656,71.86254,-2.6941345,80.97681,1.5798402,95.76068,-2.2748075,82.50303,-0.18491913,111.93549,-3.260644,129.39249,-4.681197,97.33506,-3.571376,131.88293,-3.9690413,121.84373,-1.8218514,103.09762,-0.9156638,142.73537
jazz.00095.wav,0.3112811,0.090363085,0.06815898,0.00069679756,1855.2856495889082,213875.53503209676,2215.8883591243994,126272.6828279152,4284.540758634868,1756942.6730629168,0.06339606412054953,0.0008449735074358683,-3.91768e-06,0.0044314414,-3.2149346e-05,0.00029212076,117.45383522727273,jazz,-219.7643,1628.7133,100.79803,417.97504,-1.456325,450.2376,41.28544,101.21337,-0.94854546,77.58925,23.37939,78.249954,-11.514086,60.103752,20.027903,53.703526,-15.970275,36.50793,13.943597,60.35793,-7.9898467,44.187366,5.73836,47.440857,-6.868226,34.57864,6.2124853,61.60704,-5.8096046,73.22188,0.95446795,92.28121,-5.1647315,76.13467,3.0511167,89.1034,2.08082,91.673195,0.9545139,97.26444
jazz.00081.wav,0.44186088,0.08787163,0.043215886,0.0002407492,3027.140362803872,1033452.5233548636,3302.676301855675,178988.08928291177,7278.83931918779,2866703.0004957034,0.10014829842298761,0.0038598469724904607,-0.00013415108,0.0011868498,-0.0007346301,0.00044847734,117.45383522727273,jazz,-228.37154,2880.9968,67.53677,579.9565,37.07984,316.67194,21.325258,119.11,17.058424,59.653286,10.142423,43.442528,10.776463,44.941727,8.010919,43.754513,2.0421867,41.658913,0.2971386,50.22355,2.4991305,55.145515,3.8471441,40.035572,1.5821794,53.60761,2.832255,65.9079,0.04377562,53.70858,-0.19756228,39.532356,2.3157344,57.186714,3.2987053,62.813515,4.046379,49.995647,-0.1898743,46.037796
jazz.00056.wav,0.37253195,0.08852016,0.19823949,0.0021569217,2978.340196118377,270348.1397566421,3036.40644175023,63439.049731197825,6863.166832702448,996001.4970245586,0.11482508042279412,0.0019260946056747713,-6.4731845e-05,0.0279939,-0.0013026854,0.0042144298,123.046875,jazz,-38.042522,1287.0675,64.98809,312.7392,14.297374,126.19177,21.284706,86.88817,7.5019083,54.330917,6.3721075,49.000217,1.933678,58.713333,6.556061,48.054592,-2.9327826,46.5083,5.597701,48.94039,2.5014198,53.976757,3.0295463,63.83628,0.60874254,62.09586,1.9923112,57.90532,-1.7813993,44.9209,4.5158715,41.64074,0.0603012,33.629704,-2.0403485,38.35565,-3.8632624,62.965725,-2.0456011,60.781796
jazz.00042.wav,0.2852741,0.0907319,0.09952182,0.0039399765,1344.4488685825504,187020.41630784734,1548.3944966389186,39922.84627781254,2772.541568153783,1121356.016016722,0.06121202592879257,0.0008593156383466029,-0.0010367691,0.009041424,-0.000679538,0.0016347071,73.828125,jazz,-206.78493,4669.8184,141.83739,532.3006,-13.811611,530.7551,49.346706,160.32977,-24.811642,204.21408,11.820209,117.0886,-12.791096,98.35493,-16.55724,94.62963,-8.389539,64.44765,-1.2063178,44.052547,-7.6506824,49.269646,-1.3711843,30.658863,-9.346775,51.08115,-7.500101,50.8149,-2.865562,46.597603,-6.141148,58.605637,-0.94135696,68.6161,-1.3060672,64.20486,-2.2506697,97.11275,-3.284735,100.90781
jazz.00046.wav,0.250222,0.090420574,0.11051244,0.0034932774,1295.2562362132712,82159.92737808893,1446.1021014116336,32080.648684158044,2695.375368100571,492599.04116563644,0.058650061072948914,0.0004181027442979863,-0.0008662581,0.0087055545,-0.001123308,0.0028030088,107.666015625,jazz,-204.23213,4037.6084,147.5966,253.88791,-25.218628,516.4058,49.35425,116.27738,-15.650294,150.61063,2.7000427,167.62637,-7.8495536,89.538025,-10.64235,60.1789,-4.7988915,79.79101,-3.6669722,74.570366,-3.5059485,57.485657,1.5687526,54.717926,1.472206,105.220276,-2.7254918,92.84462,-0.27923682,112.4271,-2.2208846,116.330215,1.5168805,63.233868,-1.0502745,67.538086,-1.7688463,73.602264,-2.4751627,72.706985
jazz.00052.wav,0.3661007,0.09178706,0.18859367,0.0045496053,2291.4059616944,373743.96979652136,2593.4073695762804,147563.00254704704,5247.384936447852,1953227.6472945246,0.0774182771381579,0.0019812136281482633,-0.00023683306,0.0326749,-0.0013666757,0.0022796884,107.666015625,jazz,-91.2162,2186.9097,82.6024,591.04785,12.171334,270.22498,36.692253,111.4553,-0.83736455,134.1952,13.41514,65.15937,5.6200523,55.402496,9.662233,29.87289,-3.7782633,40.729992,1.8234931,43.961452,1.545975,40.19441,1.2873137,55.643105,0.82279134,37.46436,4.3992186,67.32525,0.5553938,60.674053,3.8112535,59.39518,-0.35386616,53.31753,0.23312406,71.82112,1.8074713,77.60132,1.7372178,51.03306
jazz.00085.wav,0.32550374,0.08758505,0.07136117,0.00079493615,2861.0669041187775,318991.6642933913,2566.5628642485667,100952.83799548402,5606.249433110004,1294802.642352673,0.1475769609858746,0.00228204964333968,8.664411e-06,0.0039902683,0.00016275315,0.00066209614,80.74951171875,jazz,-131.93135,2066.0999,61.59087,514.6461,-12.654589,234.84428,35.085182,141.5136,-2.1272988,83.046104,-0.94919276,85.88805,-4.8379145,80.05097,-4.1055217,76.55158,-3.2856128,55.612133,2.4962208,57.564472,6.411373,48.8359,3.4233508,58.822514,-2.8839264,58.112675,3.2295115,61.244873,-1.3421866,34.260944,0.86595935,35.73054,3.6739,42.248196,0.6368783,41.775505,-0.36149603,61.482,6.3308907,100.48401
jazz.00091.wav,0.2309633,0.0865023,0.0409175,0.00063742953,2958.8527443760186,1906613.078984161,2832.9030171788304,124329.10138785563,6065.3466570119,4529083.998831765,0.15142274271962075,0.017025538693044174,-3.8145623e-05,0.0021037601,-0.00014929398,5.5718858e-05,83.35433467741936,jazz,-299.40533,3574.4822,60.777206,2490.2222,32.098515,173.35823,25.695833,149.30434,7.463468,95.40165,-1.2953769,77.99949,1.8622718,67.974106,5.2616196,113.61549,-5.5296664,131.93527,-3.103563,170.55908,3.6464572,87.85741,-2.2974072,90.88236,0.89344275,110.71014,3.341782,109.2969,7.2738442,108.768524,5.9343653,90.44501,-8.263965,147.55055,-0.46254203,107.771454,1.9967841,97.55032,-7.015196,213.61723
jazz.00090.wav,0.2699995,0.086663805,0.061363127,0.00041643094,1875.229063578226,286606.2041545073,2569.5109758059184,181759.3796547421,4292.8490417291505,2476629.1639978797,0.054154245476973686,0.00023423961800939972,-1.7522347e-05,0.0035023896,-0.00019353026,0.00019299799,135.99917763157896,jazz,-217.62901,1704.3129,105.62874,470.89078,19.315361,133.48082,28.35325,70.47002,8.654835,48.078403,0.14365208,46.629887,6.3657665,30.481125,-2.5397053,36.560226,-12.996928,70.2092,-11.149584,39.004074,-6.152888,30.77891,-7.734215,34.067585,0.42279667,24.093164,-1.261135,39.037453,1.7099493,53.524044,-2.302344,102.58151,-3.811484,73.67591,-3.6843863,44.20825,0.5768568,34.242966,0.57314503,53.489117
jazz.00084.wav,0.39294955,0.086656556,0.051637337,0.0004634083,2874.7793906046186,335970.7889075769,2802.5978547939376,120393.50551748284,6138.46288155476,1340454.507749835,0.11833828669214397,0.0030288497933038468,2.011523e-06,0.002178351,0.00017709436,0.00034455894,123.046875,jazz,-178.09238,2503.869,61.942627,370.97238,1.4681729,320.38147,36.04594,108.08627,7.5810137,91.49651,5.1538916,57.718235,-0.9176271,50.021553,2.9412882,52.772263,1.4490774,36.786343,2.1342268,48.76445,5.1702733,26.236385,2.0257974,33.065372,0.5106884,35.65533,6.528254,39.58523,2.6033716,31.640635,4.8549476,47.790703,7.9310346,49.795094,4.5274725,49.99499,-1.6060568,62.189358,3.7312236,72.17443
jazz.00053.wav,0.31170988,0.0898278,0.1300118,0.0015966675,1804.7156340756278,298094.3103900048,1861.8373889224913,38675.45240693147,3646.536283227312,671162.244997912,0.07951917146381579,0.0022830900271630004,-0.00016097508,0.011260526,-3.3006123e-05,0.002731225,95.703125,jazz,-141.08891,3126.994,110.76341,886.506,-27.475183,354.86832,51.973927,101.64175,-8.664053,49.526188,28.615349,65.48173,-1.6129186,51.094307,9.6620865,47.04287,-11.183889,58.876408,6.517714,44.280796,-9.409994,68.76902,-0.121636644,64.87533,-4.9299374,73.620476,-0.15413314,92.51515,-2.6613839,84.5387,-1.862525,86.78645,-0.02348819,98.234245,-4.2459736,80.75578,-4.2238703,100.78333,-5.637206,133.65535
jazz.00047.wav,0.358576,0.091459304,0.05388066,0.00055674417,1982.1284065663644,253349.24914532516,2144.992278612522,89899.20621657136,4262.482558684453,1276022.779957988,0.09357350824787151,0.0019445349558337912,-0.0009351544,0.0022118094,-0.0010858258,0.00046534807,69.83741554054055,jazz,-201.8075,2151.2402,109.284294,517.8487,-15.505195,188.15105,44.283955,74.904015,-11.047105,58.845467,18.851799,50.684322,-11.312692,54.300438,18.409912,39.140118,-18.911566,37.330036,11.226409,42.532097,-11.899514,33.78463,6.9697385,27.671818,-11.650191,30.512484,7.0859737,32.682404,-9.120557,35.762028,9.888988,46.645393,-5.6546845,44.99507,-3.324048,44.772667,-5.4509797,71.16982,-0.30501258,66.85145
jazz.00079.wav,0.33828345,0.08459024,0.06984886,0.0003861283,2634.319273980018,361083.62184368254,2728.5025076868055,118673.53021513124,5562.633030185759,1657255.2219926517,0.1078761428502322,0.0013796264045102225,-2.7673432e-06,0.0033792728,-3.7797574e-05,0.0007029731,107.666015625,jazz,-163.53947,955.2229,65.97194,502.5811,5.3612895,180.60275,41.897198,118.07711,7.0257664,71.5085,5.5014386,58.62837,8.930416,64.79078,2.6784525,49.375694,-0.1825786,64.00743,5.155423,43.01588,10.491717,73.6237,3.329865,86.68708,3.8408947,95.31149,2.5506477,73.3467,5.6973057,82.62176,-1.0907345,95.90131,-1.7849189,97.944626,-5.19906,60.975727,-5.654559,68.74711,-9.76699,93.68659
jazz.00051.wav,0.27403563,0.09751455,0.06975202,0.0018648433,1193.8785302218291,134039.96560010678,1559.7834084541564,51200.31676518921,2480.734999334849,818736.6520041283,0.0424521242501935,0.0004139763368329082,-0.0008128873,0.0048584347,-0.0010169722,0.00066764787,95.703125,jazz,-260.89798,4985.997,138.52455,447.6126,-16.351122,344.50186,49.150703,111.36286,-5.258575,219.35794,19.354553,35.0412,2.2062228,117.856155,5.555695,49.64295,-7.8772125,90.95754,-0.19809206,34.440567,-1.6170182,47.37054,-1.7220757,27.769268,3.943696,24.119482,0.2398596,27.690496,-0.4268878,28.396696,0.23164408,24.127409,1.5121374,35.12854,-2.2414095,30.979147,-1.4566265,37.54484,-5.157089,69.831604
jazz.00045.wav,0.2786559,0.09325468,0.100316875,0.001247619,937.3979933729282,57923.1204856168,1186.645772613314,22625.948057907433,1763.3143374794408,390700.77238803223,0.04262597051567337,0.00021115070429523702,-0.0006844713,0.008767054,-0.00074491306,0.00075833395,73.828125,jazz,-231.32324,2869.4072,174.37616,365.42648,-19.74984,537.9946,47.375023,143.89713,-1.9767666,71.89038,6.666589,51.039173,-1.1248577,64.36458,-5.4998245,39.06103,-13.732546,58.80165,-3.6929958,45.861206,-6.3150663,49.64973,-1.5051619,32.427425,-2.633711,33.283146,-7.269516,35.310146,-2.3065698,35.748085,1.0365752,62.507874,-1.1124696,42.710785,-8.569705,57.310287,-4.047513,42.902542,-3.9144948,50.158253
jazz.00092.wav,0.27042797,0.094990216,0.05349315,0.0013206452,2213.669961452585,1156829.9456736378,2794.540855397363,184223.8252830639,5023.3196246734715,5415167.461637306,0.0753657574255031,0.006251969494112034,-2.5054836e-05,0.0039089606,-0.00016852646,6.0788287e-05,117.45383522727273,jazz,-294.19385,2534.324,84.66457,1520.7262,39.07789,132.33185,28.63521,123.87591,14.131192,119.03935,1.0344225,137.68272,7.3534536,57.08759,5.217076,76.20509,-3.739166,108.24121,-5.041574,58.516193,2.2247612,45.43903,-0.56659275,99.99077,4.2180734,85.60974,0.12858444,55.70171,0.8307335,89.945274,-2.1461122,68.44947,-4.4974504,68.65746,-1.0901141,72.8739,7.2270007,82.404175,-0.24393669,87.835686
jazz.00086.wav,0.3374259,0.08000619,0.052408926,0.00041277794,4136.053468579488,541305.6382240719,3220.9346750305085,67439.71581098903,8258.125064247533,1197841.13213497,0.2617017433001161,0.007759747016662883,-7.372291e-05,0.0021855203,-0.00020093765,0.00037999958,135.99917763157896,jazz,-156.61226,2088.6719,22.763254,783.3128,10.495276,237.86649,24.156204,116.07995,10.143045,101.81192,2.9696467,74.863396,2.4915147,77.476166,0.48371968,63.670452,2.6910138,69.251434,1.2310426,85.6911,3.3316617,96.44491,-7.8197894,68.34756,1.1087779,87.51252,1.8791414,96.2971,2.3311465,83.13286,0.72104543,70.48216,2.9955823,87.09086,1.0147957,108.244255,7.6109095,115.14938,-2.0537126,69.58142
jazz.00087.wav,0.3419146,0.102920294,0.04579199,0.0011902446,1845.8761145516376,731290.9602683019,2730.8698084088583,342073.81617618987,4330.4238145196405,7011725.133802848,0.04282929506095201,0.0008507796507924521,-2.415877e-05,0.0027202908,-0.00017787455,0.00019823195,135.99917763157896,jazz,-341.018,7253.9824,89.85991,1177.921,44.511982,399.7498,28.827593,267.5682,16.317823,191.76053,10.590869,173.70978,7.0007353,94.73246,0.8200661,126.679276,6.097488,99.44018,7.125774,89.67657,5.411661,75.42358,2.735858,77.69168,9.361676,51.331936,5.570951,23.119492,3.7773476,19.56386,3.1608663,17.899502,0.28721157,19.632244,-1.371824,20.205574,-1.5763365,16.181826,-1.9849612,18.44696
jazz.00093.wav,0.26958323,0.08031455,0.045294043,0.0001508178,2151.985122584835,238262.29535053065,2775.0279988687803,137324.24163041642,5013.611350044746,2667004.454977573,0.08170320965557276,0.0007043831220147712,1.6176043e-06,0.0016565354,-2.9743032e-05,0.00016546996,83.35433467741936,jazz,-215.39735,1516.9489,100.96081,295.59927,17.098629,278.0893,12.978259,118.634796,16.062912,94.88887,4.764205,87.04109,4.5650473,51.275543,-3.133695,42.729923,-4.154083,39.258404,-2.2966676,41.503605,-4.9289665,52.864037,-3.3494506,50.53799,-1.4255522,37.65946,-5.027763,43.37901,-0.6690235,54.381977,1.347664,69.65518,1.9956139,102.45228,-0.25326055,114.5886,0.96090025,87.666466,-2.129334,69.71435
jazz.00044.wav,0.2766236,0.08983063,0.08642742,0.0013421235,1004.9502771230315,126121.78430211934,1247.0395590509895,99926.429264647,1811.8057109254064,560968.9004973207,0.04966409878095975,0.0005500178019035097,-0.0177728,0.006306747,-0.0013366966,0.0007002656,103.359375,jazz,-246.97653,3603.8982,167.98892,793.8102,-19.801535,624.0052,22.009905,203.8705,-0.7347985,137.33456,15.093262,101.80667,-1.2836858,91.093796,4.7284274,94.72129,-2.0619886,78.459755,6.532096,64.30965,-1.3844993,65.39863,5.6376348,84.67837,-0.28600574,111.11638,5.6525245,84.593445,3.1969109,79.31749,1.862163,134.27509,7.0115137,148.38205,5.044913,149.09033,2.4658363,128.58865,-0.8981092,163.75488
jazz.00050.wav,0.41037485,0.083667,0.19042452,0.0007897906,2482.069759803357,208789.9527266947,2759.667879024035,102411.77515805888,5794.8316261126165,1391291.6596040383,0.08078258030185759,0.0008023664976439437,-8.160687e-05,0.023846833,-0.0014375827,0.004652738,151.99908088235293,jazz,-55.19004,1005.8955,77.47864,344.32574,8.272335,215.637,31.560974,117.3441,11.512486,88.331245,11.753404,48.34609,7.877706,46.24492,13.5176115,36.408306,-2.2645762,38.315857,5.6161685,46.21665,1.4572818,46.455,7.372973,34.18446,-0.92715424,28.919695,1.6434429,28.263544,-6.0775332,28.365778,1.2362773,24.87929,3.2791789,36.03021,2.9196072,56.01311,2.4114404,60.168484,1.940294,41.89151
jazz.00078.wav,0.26615047,0.0890219,0.11916368,0.0043401867,2503.139918026569,333319.78889483295,2598.4802162770143,192562.47796088608,5155.093827852893,2303504.7332792594,0.09583048628579721,0.0014097740587983732,4.1248913e-06,0.013991699,-4.8199545e-05,0.001481817,80.74951171875,jazz,-141.49684,3584.8347,70.90452,593.10614,-0.52323145,632.8005,33.573048,158.99431,1.4106365,125.67487,-9.186746,136.4194,0.7554331,62.588924,0.5403757,83.90819,-9.192057,100.361984,-2.5710378,66.416145,4.0803123,40.417202,-2.218427,62.399376,-0.6917473,40.5829,-0.82226497,48.00943,-6.4834576,44.58058,-5.997157,70.80409,-4.243969,82.22567,-3.2427416,67.47875,-4.072898,69.55448,-6.5609474,100.70999
jazz.00037.wav,0.284948,0.0922316,0.106601134,0.0020730274,1276.696257838458,123806.63039970501,1570.5673940298848,102874.0838931337,2468.626739218508,944043.2581729601,0.05151291602167183,0.0004152068776065766,-0.0039799013,0.0107873725,-0.0018089302,0.0007768937,95.703125,jazz,-198.46254,2131.8699,140.68542,438.98413,-18.416391,448.3655,30.510448,225.49344,-6.7052684,77.938385,15.720156,79.96393,-0.7331224,62.002594,7.2968297,65.10843,-6.5850825,61.600365,6.07465,62.450665,-5.1329575,48.381294,3.4482963,52.524513,-2.8441164,67.734825,7.178579,61.61329,-0.3125017,70.76501,-2.018028,90.41781,3.128348,89.0738,0.86733526,87.92934,1.5159483,116.05142,-0.23433027,161.41101
jazz.00023.wav,0.2207792,0.0920347,0.08783356,0.0008849498,1987.9269514759114,218308.93242480577,2100.0225453498792,71906.67052794949,4315.765569822707,1097206.8708485367,0.08007358988003097,0.0009261934175109146,2.8270133e-05,0.0067578596,0.0003407051,0.0008618514,86.1328125,jazz,-188.10991,1628.8549,98.63331,540.25366,-11.278644,175.01521,47.21775,88.470604,-20.33315,64.4834,18.785868,34.424316,-15.794505,50.544914,13.689795,49.842957,-15.45581,59.949776,17.430904,62.459812,1.0143803,96.010704,18.283552,98.20623,4.647218,117.01207,9.836633,174.91649,-5.497139,128.60353,2.1267319,77.87494,-6.255142,65.21501,-3.4161563,41.594357,-2.9926603,83.669846,2.2102191,119.175514
jazz.00022.wav,0.20151573,0.08707208,0.050492767,0.00073642796,1451.4983709587054,183956.24789135318,1919.9176506031831,124163.89332053586,3046.0899140443594,1841133.4323103877,0.05122229041698916,0.0006293130191019719,8.279783e-05,0.0030794253,0.00027653945,5.9789185e-05,129.19921875,jazz,-298.80795,1552.7024,112.07821,390.59637,6.48577,321.1337,28.386517,105.83435,-6.7646794,101.08612,16.651894,61.890675,-11.809683,82.09222,12.746783,48.89714,-8.347038,47.387478,13.898632,64.2926,-4.235765,111.963135,2.319571,126.48258,-4.326794,120.946754,1.4079038,112.68597,0.714065,140.36118,13.479482,190.38608,9.419415,199.39731,6.914652,223.9375,7.877784,185.31468,-1.7827401,153.7497
jazz.00036.wav,0.32236797,0.08635339,0.08055791,0.0011667795,1482.2909039482731,282805.93508102087,1412.343277319362,55618.510674747486,2658.97558820506,782922.2033994686,0.09955948868034056,0.0031948968932229834,0.0001173059,0.0031319617,0.0003811058,0.0018686784,123.046875,jazz,-196.84306,2866.2903,152.79964,804.4122,-36.910046,638.39124,41.80352,277.48157,-8.70902,114.45434,4.415908,69.00911,-11.570121,70.97098,1.4324356,51.593727,-14.735855,53.312645,0.46832034,54.484383,-10.17039,91.289185,-6.9220095,50.452026,-6.2524304,55.64886,-3.7121272,57.5374,-4.5659947,51.089138,-6.4165106,55.993855,-2.9002304,67.08898,-4.85339,60.716694,-5.8741407,104.05211,-9.119883,101.53263
jazz.00020.wav,0.28933343,0.10386322,0.027123563,0.00027994928,1171.3008454419294,116756.51991857207,1677.797951082974,81447.7513688564,2580.0593987337943,857862.6681983633,0.03297183388157895,0.0005081951258837914,0.000112512855,0.00081649196,0.00023431539,7.024414e-05,107.666015625,jazz,-376.69403,3313.5913,119.16358,392.28723,-2.9616616,439.85382,48.508884,92.6925,13.156193,106.41435,21.244488,83.69017,0.012301087,88.066216,8.008127,53.06805,-0.41269517,95.740456,2.3665779,49.68307,-0.03935634,64.51267,0.89695215,37.057568,1.6664361,56.452084,-0.13889249,74.92361,1.3513168,59.879173,-0.17528975,81.01161,1.9937044,108.707985,2.7235878,93.18846,1.7619061,68.18393,0.4488515,84.802635
jazz.00034.wav,0.3116933,0.08983416,0.12998866,0.0015950102,1759.5124735322345,267111.4436799222,1779.6060525998578,30126.59593697098,3574.070054754015,579813.2330845406,0.07934494727167182,0.0022522589364849053,-0.00016450221,0.011259315,-3.717304e-05,0.002727394,95.703125,jazz,-146.41248,2848.4854,118.20678,634.3976,-34.67274,394.9428,58.787296,130.65562,-14.969062,69.56572,34.30445,53.744957,-6.6033545,60.146225,13.900938,45.29795,-14.645583,76.04202,9.200514,71.18288,-11.337798,74.79549,1.097487,82.64697,-5.5033083,78.93052,-0.14809227,95.38207,-2.1899939,84.25723,-2.719624,91.243835,1.1250763,99.81908,-5.595059,85.85933,-2.7608356,100.01785,-7.1366487,134.70448
jazz.00008.wav,0.35739475,0.09266455,0.11859105,0.0014043219,1304.6853072764802,174372.07058100143,1636.5500740530892,118081.50041425515,2724.4335257232005,1066471.1398508481,0.04627485245743034,0.000664275162315685,5.798924e-07,0.011930637,-2.0991472e-05,0.0012157294,107.666015625,jazz,-189.91695,3071.1958,134.41617,522.7718,-25.677439,761.98004,45.7453,122.384895,8.189717,156.83713,21.450272,99.663,-4.58438,125.026955,14.390941,133.26631,-12.660092,87.139885,10.2806425,76.44725,-7.9415693,69.537285,-1.1395626,57.17356,-5.047989,49.798206,2.4128122,49.360447,-5.010759,39.275517,-2.1543717,45.185833,-4.2402406,62.687622,1.8404955,68.15304,-0.44336593,75.3139,-4.7699075,64.67938
jazz.00009.wav,0.26689672,0.08976635,0.085357636,0.0007370437,749.3568923103409,45795.6543444743,1211.0045035687322,87268.12649648443,1133.701477995598,230504.93086967527,0.03169028456366099,0.00013670251765374243,-6.8505715e-06,0.0072439886,-4.2839194e-05,0.00022146392,107.666015625,jazz,-296.6781,1303.1963,172.37866,402.29214,16.867044,241.8369,18.952925,103.833855,1.3671669,97.91225,14.381316,85.961655,0.9986541,90.51578,9.520248,62.91034,-7.4175553,73.01257,3.521702,48.998142,-7.659343,56.59469,-0.10418465,58.633358,-7.962856,99.43539,-3.1971016,103.49107,-8.079399,78.68495,-4.0539804,91.09584,-0.84452397,89.05467,-3.868959,65.64408,-2.8218153,87.735695,-6.9224005,63.07942
jazz.00035.wav,0.26454055,0.08998901,0.09149953,0.0012323565,844.1391584726174,51386.14840839802,1104.3000795068635,26293.471512696604,1608.9152711094719,428806.7132104839,0.03772993058243034,0.00013216678309339375,-0.001878702,0.007583783,-0.0009763635,0.00056701805,71.77734375,jazz,-261.8773,2607.068,182.53572,459.28445,-16.907091,651.8418,49.871548,228.54579,-1.2144475,91.08159,6.345548,67.63302,6.0023866,71.155945,-8.87311,55.399143,-10.31628,56.953705,-3.2050645,61.18288,-5.3718143,52.70448,-3.5495334,33.234035,-2.8916366,39.047245,-7.471893,38.57236,-0.5367146,29.009775,1.1297973,43.19644,-1.982169,35.75974,-5.232583,64.94349,-1.8658417,42.81255,-3.50232,53.95572
jazz.00021.wav,0.43288735,0.08703999,0.047963757,0.00041172697,2915.1352677290415,466434.4932928698,2420.4740701281185,55431.417565278905,5865.106201171875,1068080.993089998,0.1813991298616486,0.00739786148109567,3.9189286e-05,0.001330235,0.0003130336,0.0005824931,123.046875,jazz,-174.70403,1374.3539,75.89945,681.33856,-12.7928505,273.63974,52.606617,69.54607,-29.416119,58.77225,22.748615,46.988827,-22.366758,56.165974,18.633335,31.109695,-24.704725,45.700977,21.168024,41.755993,-13.802683,27.292757,13.009406,32.036884,-7.8598876,26.142895,8.022094,39.813644,-5.9713917,49.566654,9.527811,52.458374,-6.0026174,44.13445,2.3379807,57.12757,-3.3587654,68.45064,2.5073993,58.625072
jazz.00019.wav,0.248026,0.08732202,0.050200842,0.00027211127,1352.9901253634764,88681.8544434745,1714.8797848748588,65515.90230302326,2713.2835931453174,653649.6971377367,0.05548416940789474,0.0003877104309651408,3.348218e-05,0.0023869753,0.00028789244,0.00012704868,184.5703125,jazz,-267.28662,1479.7587,129.05225,458.32013,-14.73706,367.05017,41.26877,131.44995,-1.0149711,69.5105,22.953379,50.035606,-8.132359,33.018425,11.179749,41.972603,-9.073574,40.262196,11.318423,38.58644,-5.499914,53.523182,13.579102,81.65367,-1.1755173,54.66677,1.8777983,75.73782,-2.711161,82.82121,3.2768626,87.614586,-1.5962931,59.428352,0.26421043,83.08509,-0.6178977,88.94629,4.506901,137.10764
jazz.00025.wav,0.26780388,0.099430405,0.06936076,0.0014502032,1698.0690975377352,163706.35764909897,2065.8915080817146,103220.68168910456,3806.2603173979296,1248809.5058049858,0.0636243318256579,0.0007363311777640111,-3.8266667e-06,0.0041847485,-3.0096131e-05,0.000749807,103.359375,jazz,-237.66241,3503.277,108.30336,384.19702,2.0399823,412.37027,41.773727,142.39255,-10.451949,105.722145,16.930843,57.545563,-8.600079,49.763775,12.78567,48.181896,-9.114532,56.78123,15.938528,95.21721,-6.518535,94.26,7.1738243,99.40905,-8.2532625,105.259964,-0.20715974,100.13668,-8.692222,96.89821,-2.2442806,69.92523,-4.727633,49.516537,-3.5138726,106.603615,1.4635623,160.254,2.4141128,172.71533
jazz.00031.wav,0.3110394,0.09366274,0.043587964,0.00016859303,1752.8065045704134,91611.53143783998,1990.0376216269883,51436.75065562624,3733.4190911921924,496373.2316325826,0.07241415017898607,0.000900760423552204,-0.0009978709,0.0012374114,-0.0009460315,0.00027298866,112.34714673913044,jazz,-237.4993,1572.4135,115.943375,288.6469,-15.457233,460.28735,47.112404,84.61207,-13.510733,44.542297,18.199331,41.463306,-13.97124,39.037678,15.334493,26.749128,-17.535894,29.58507,13.420798,28.662397,-6.230585,41.201855,8.634658,58.966427,-7.2484007,40.39865,4.7821355,47.29614,-4.3985643,58.335854,4.5109816,114.36155,-4.2662787,82.675255,2.329211,88.210106,-9.923247,110.76945,-4.3256035,81.98349
jazz.00030.wav,0.23504393,0.08957526,0.029602116,0.00017529116,1687.2984527938816,258257.22873870266,1762.5515004488338,59197.45879843283,3353.5463882304566,900723.4429753136,0.0846627533620356,0.002838884561165313,-1.9756633e-06,0.00093689427,-2.8996134e-05,3.234449e-05,215.33203125,jazz,-318.9286,2520.564,115.70397,845.6578,-23.042324,543.9164,52.599457,163.57262,-12.819439,144.22464,14.633502,68.542404,-8.213702,69.7516,0.30774957,59.502075,-23.876354,83.01296,10.8421955,68.713936,-9.591384,60.61784,7.4833236,87.52588,-4.242237,86.29526,2.9921114,75.47512,-4.3991046,107.02518,-1.0453874,93.79334,-5.395035,138.24292,-5.510678,102.3832,-6.970526,59.75153,-1.7180661,105.293335
jazz.00024.wav,0.34920043,0.094733186,0.058850657,0.00083604467,2034.5791580612013,314663.562524746,2084.706314728844,136919.01618776677,4342.948738783137,1569732.2984602526,0.0932473575367647,0.0026021001660700076,4.2651547e-05,0.0024119464,0.00033251065,0.0008732291,103.359375,jazz,-202.60838,3005.409,105.84573,677.97394,-20.537838,526.34216,43.89796,171.30632,-14.2723465,87.06135,25.29954,49.26091,-15.592006,68.69837,15.311661,61.81909,-13.294727,58.911037,12.276098,62.024452,-8.764146,64.354256,10.158417,59.670933,-1.868105,65.025116,6.1886616,71.44094,0.21987689,87.23531,8.036412,111.313225,-3.1621916,63.190777,-0.4541885,85.06058,-3.5693424,69.33709,0.72203916,66.57538
jazz.00018.wav,0.3534085,0.08777597,0.05222462,0.0003147703,1992.9408896772286,64470.76047178894,2126.9618689886765,35985.87004303429,4247.190984483843,397672.28759006894,0.0877088422745743,0.0006718986041808969,2.3945066e-05,0.0020378698,0.00028258012,0.00031532516,103.359375,jazz,-192.12538,561.773,105.58749,137.64944,-26.031012,211.45206,40.159424,62.121788,-6.6549788,37.87742,26.496704,23.647398,-10.388105,31.885138,18.469723,35.34384,-13.995583,27.517609,14.937352,26.405329,-12.686882,25.019781,9.585426,29.069252,-5.1951475,38.15824,7.8301735,43.418755,-3.8694518,47.092728,12.349874,57.014076,-1.117487,47.74965,-0.77768546,57.014717,-2.981298,55.757637,0.3580955,64.09547
jazz.00032.wav,0.2807769,0.09942145,0.04050316,0.00056967296,1522.348449286543,327266.71784473676,1909.63459103801,184976.05428556574,3252.338666886368,2368608.001491323,0.06140930364744582,0.0011623030123453632,-5.523775e-06,0.0013018472,-4.1519063e-05,0.0004494907,129.19921875,jazz,-305.4945,3650.1804,121.9265,737.96027,2.5947757,187.36574,36.92105,85.18102,-8.559168,76.8304,17.905397,70.209175,-9.27087,72.698,10.555924,55.516968,-9.937912,61.390312,2.309935,54.60051,-12.68508,69.83582,0.3053419,42.86226,-8.61895,93.40068,2.5933344,70.86191,-6.9699116,117.18046,-2.9224603,100.009026,-4.6507382,105.195885,-3.2466338,125.73036,-4.4511476,137.37372,-3.968114,95.107895
jazz.00026.wav,0.20186247,0.0953679,0.03192383,0.0003145985,1367.4115371823048,422705.0913479208,1638.8353781037429,236057.9880727621,2631.8257523764028,2575069.03015614,0.05863569985971362,0.002949224438021849,-6.9735506e-06,0.0012998462,-2.806335e-05,1.1368277e-05,151.99908088235293,jazz,-414.14978,4339.813,104.844124,1121.82,-7.8215127,913.7328,37.8754,174.17929,0.21377914,223.60515,23.427855,133.09023,-7.2741003,94.66002,5.7665963,94.986465,-1.0599749,86.82013,8.498607,51.753563,-5.490029,49.666718,0.8940591,49.79544,-1.4638128,89.27327,7.720704,103.096275,1.2548677,246.08359,6.03524,379.06616,5.2437243,286.90625,2.4281995,218.21834,7.604022,299.95612,9.802248,505.7795
jazz.00027.wav,0.32528928,0.09520322,0.04059718,0.00025108558,1769.401598572535,106309.8479624296,2113.48363433267,75960.79487858129,3966.7260137504836,675033.8832446813,0.0626534382256192,0.0006741105251557052,-1.5743602e-06,0.0013198896,-5.679574e-05,0.0001754731,143.5546875,jazz,-262.1244,1960.7887,108.98235,228.0527,-6.3325515,404.3972,55.18973,56.47753,-10.662287,54.931805,18.535446,56.327793,-4.2509165,41.288185,18.561224,29.63133,-19.706917,67.74644,17.57483,32.96765,-10.982368,34.926773,11.932401,33.65782,-3.4279113,38.734432,7.197285,39.678253,-8.854766,39.63244,4.9730906,37.9609,-4.0530725,66.44172,-0.11804506,109.00477,-0.8198281,105.3068,-0.6021667,80.63203
jazz.00033.wav,0.27402085,0.09753114,0.06975041,0.0018648909,1169.6513052388445,132845.56050736902,1498.7076899393878,51708.963985968025,2444.618551059404,812754.1724103738,0.042349706124226005,0.0004177627439021465,-0.00081814843,0.004858855,-0.0010191513,0.00066723954,95.703125,jazz,-261.7981,4908.104,139.52617,433.85226,-17.128895,374.13608,49.894917,116.43942,-5.868644,241.40471,19.853361,37.142296,1.8584793,126.50893,5.718643,48.83478,-7.8311825,94.55499,-0.41735047,34.75732,-1.2528472,46.123028,-2.1903841,28.116014,4.465002,24.381542,-0.3117924,28.104404,0.11012424,27.111944,-0.2791801,26.314323,1.9837531,33.859055,-2.6391046,32.569298,-1.1543754,38.257862,-5.369062,69.44232
